"1","2024-10-29 10:07:28","出门双地铁 层高4.9米 朝南 好出租","52","8798","1室1厅","中楼层/共18层","南","复式/精装","59.11平米","板楼","江信国际花园","红谷滩","https://vrlab-image4.ljcdn.com/release/screenshot/auto3d-e1zGaz9OT6Qxa3N5PlMri7/93d3a391a640331676859d9f6603bbb6/1718784297_0/pc0_8Ps9OWl0i.jpg?imageMogr2/quality/70/thumbnail/1024x","https://nc.lianjia.com/ershoufang/103131867602.html"
"2","2024-10-29 10:07:32","永通澄湖国际商业街 看房方便，户型方正，","80","7583","4室2厅","中楼层/共10层","南","平层/毛坯","105.5平米","塔楼","永通澄湖国际商业街","南昌县","https://vrlab-image4.ljcdn.com/release/auto3dhd/aa56df1e21e41749b38b8fb3bf72aa39/screenshot/1584762155_3/pc0_BYwoM1xsb.jpg?imageMogr2/quality/70/thumbnail/1024x","https://nc.lianjia.com/ershoufang/103124989194.html"
"3","2024-10-29 10:07:37","九龙湖近地铁 前面洋房中高楼层视野无挡 央企华润物业","90","8005","3室2厅","中楼层/共32层","南","平层/毛坯","112.44平米","塔楼","正荣华润玲珑府","红谷滩","https://vrlab-image4.ljcdn.com/release/auto3dhd/4b1ad9a0bdff398071c47b6842a960df/screenshot/1688093253_3/pc0_gv2TopbPQ.jpg?imageMogr2/quality/70/thumbnail/1024x","https://nc.lianjia.com/ershoufang/103127135204.html"
"4","2024-10-29 10:07:41","银凯公元九珑 滨水公园旁 70年产权.房东诚心.户型方正","26","4508","1室1厅","高楼层/共22层","南","精装","57.68平米","板楼","银凯公元·九珑","新建区","https://vrlab-image4.ljcdn.com/release/screenshot/auto3d-oJrrhVPXEEjdbB56vktWTa/6af43b6ac9d13fb91695eb1090559b1b/1713321459_1/pc0_Vpsa6zxbu.jpg?imageMogr2/quality/70/thumbnail/1024x","https://nc.lianjia.com/ershoufang/103132486633.html"
"5","2024-10-29 10:07:44","交通便利，好户型，好位置，出行方便","35","4003","2室2厅","低楼层/共11层","南 北","平层/毛坯","87.45平米","板塔结合","金沙逸都","南昌县","https://vrlab-image4.ljcdn.com/release/auto3dhd/48666ba29f4fd9b874f524794b83db05/screenshot/1656466545_0/pc0_E1oPlk5wu.jpg?imageMogr2/quality/70/thumbnail/1024x","https://nc.lianjia.com/ershoufang/103121145672.html"
"6","2024-10-29 10:07:49","师大南路地铁站 火车站 中间楼层 方正户型","35","5130","2室1厅","中楼层/共7层","南","平层/简装","68.23平米","板塔结合","半边街社区","青山湖区","https://vrlab-image4.ljcdn.com/release/screenshot/auto3d-f-Mwq39P1rxSgDj0e6P4na/a8a70aa2e4cb3fad9ff2ea92a9dae732/1721525867_4/pc0_AEXEzkerB.jpg?imageMogr2/quality/70/thumbnail/1024x","https://nc.lianjia.com/ershoufang/103129423497.html"
"7","2024-10-29 10:07:52","楼层好 地铁口，得房率高，户型方正，采光好","45.8","6434","3室1厅","低楼层/共8层","南","平层/精装","71.19平米","板楼","新魏路社区","青山湖区","https://vrlab-image4.ljcdn.com/release/screenshot/auto3d-w2IscyfO_5g_T9lIQ4yYDy/9be77c1d2345ca969a91f5e440646a45/1723342469_0/pc0_vaFwRZceN.jpg?imageMogr2/quality/70/thumbnail/1024x","https://nc.lianjia.com/ershoufang/103135037861.html"
"8","2024-10-29 10:07:56","次新房 全新一天未住 带空调 通透户型","135","10706","3室2厅","低楼层/共33层","南 北","平层/精装","126.1平米","板楼","新力渥园","高新区","https://vrlab-image4.ljcdn.com/release/screenshot/auto3d-tEN8ypMEzqcEU3q10Md_fX/b606fd34284310f98f36e2423b042ff8/1720496960_2/pc0_pcaS64cY4.jpg?imageMogr2/quality/70/thumbnail/1024x","https://nc.lianjia.com/ershoufang/103134329441.html"
"9","2024-10-29 10:07:59","绿地国际博览城二期博隆 3室1厅 南","99","10413","3室1厅","高楼层/共32层","南","平层/精装","95.08平米","板楼","绿地国际博览城二期博隆","红谷滩","https://vrlab-image4.ljcdn.com/release/auto3dhd/b6fb35a316f92cb759cab58521009362/screenshot/1636766516_2/pc0_WNqnYfbRN.jpg?imageMogr2/quality/70/thumbnail/1024x","https://nc.lianjia.com/ershoufang/103136042552.html"
"10","2024-10-29 10:08:03","新上房源，边户，户型方正，开发商精装修。","78","6396","3室2厅","中楼层/共17层","南 北","平层/精装","121.97平米","暂无数据","恒大林溪府","湾里区","https://vrlab-image4.ljcdn.com/release/screenshot/auto3d-CP6eTpskv2XzNo267rx8RB/894516d97b9b9ca072b029dbad725e7e/1726368419_12/pc0_XNVG5JZCj.jpg?imageMogr2/quality/70/thumbnail/1024x","https://nc.lianjia.com/ershoufang/103135991419.html"
"11","2024-10-29 10:08:06","南北朝向通透户型！楼层好采光充足！","145","12488","3室2厅","高楼层/共24层","南","平层/精装","116.12平米","板楼","恒茂国际都会","青山湖区","https://vrlab-image4.ljcdn.com/release/screenshot/auto3d-fTN2b8AtnCRI5mHH4E5IHh/169e2c7578e01c0f2f33b65ec7e6ddc7/1703125733_20/pc0_bt41UZskY.jpg?imageMogr2/quality/70/thumbnail/1024x","https://nc.lianjia.com/ershoufang/103130417868.html"
"12","2024-10-29 10:08:09","东方明珠城南北通透两房，楼层好，阳光足。","83","7345","3室1厅","低楼层/共11层","南 北","平层/精装","113.01平米","板楼","东方明珠城","青云谱区","https://vrlab-image4.ljcdn.com/release/auto3dhd/2975d14f75bf20b40ac72e11cf23107c/screenshot/1658887365_0/pc0_G6I4cCc6s.jpg?imageMogr2/quality/70/thumbnail/1024x","https://nc.lianjia.com/ershoufang/103123433749.html"
"13","2024-10-29 10:08:11","近秋水广场 自住三房 诚心出售 随时看房","130","10453","3室2厅","中楼层/共21层","南 北","平层/精装","124.37平米","板塔结合","商城世纪村","红谷滩","https://vrlab-image4.ljcdn.com/release/screenshot/auto3d-6i5FI7MXWEAN7o_1VBb8nd/dbacfd6b4523256bcc01442849694afb/1696582076_0/pc0_7mGp9rbsP.jpg?imageMogr2/quality/70/thumbnail/1024x","https://nc.lianjia.com/ershoufang/103126614374.html"
"14","2024-10-29 10:08:15","万科金色名郡 1室1厅 西","18","4627","1室1厅","中楼层/共5层","西","平层/精装","38.91平米","平房","万科金色名郡","青山湖区","https://vrlab-image4.ljcdn.com/release/auto3dhd/b8695c296fdbb9819516122103ef4f4c/screenshot/1670750290_0/pc0_f9elZplQ4.jpg?imageMogr2/quality/70/thumbnail/1024x","https://nc.lianjia.com/ershoufang/103135925427.html"
"15","2024-10-29 10:08:18","带大露台，端户采光好，做了三房","33","5157","2室1厅","低楼层/共24层","东北","复式/精装","64平米","板楼","艾溪康桥","高新区","https://vrlab-image4.ljcdn.com/release/auto3dhd/6bbe2ed8183fe9a7f65e4da27e16e2f4/screenshot/1663384000_1/pc0_J6n7nFVVD.jpg?imageMogr2/quality/70/thumbnail/1024x","https://nc.lianjia.com/ershoufang/103133710838.html"
"16","2024-10-29 10:08:22","工商银行宿舍 业主自住 看房提前预约 正规两房","53.8","6893","2室2厅","中楼层/共8层","南 北","平层/简装","78.06平米","板塔结合","苏圃路208号","东湖区","https://vrlab-image4.ljcdn.com/release/auto3dhd/7472842cd32795cf1c3719f61661a0e4/screenshot/1678337102_0/pc0_UlNhIjOGa.jpg?imageMogr2/quality/70/thumbnail/1024x","https://nc.lianjia.com/ershoufang/103124649384.html"
"17","2024-10-29 10:08:26","福州路园林处宿舍 带独院 有院子门卫 地铁口","55","7547","2室2厅","低楼层/共5层","南","平层/简装","72.88平米","板楼","南昌市园林住宅小区","东湖区","https://vrlab-image4.ljcdn.com/release/auto3dhd/419def2f6d30f06c834c0dfb34977203/screenshot/1657178346_3/pc0_BaLKhiS1M.jpg?imageMogr2/quality/70/thumbnail/1024x","https://nc.lianjia.com/ershoufang/103120805707.html"
"18","2024-10-29 10:08:30","阳明路小区免费停车，2楼全天太阳，出门地铁口和公园","66","8876","2室2厅","低楼层/共8层","南 北","平层/简装","74.36平米","暂无数据","阳明路市委宿舍","东湖区","https://vrlab-image4.ljcdn.com/release/screenshot/auto3d-kubz6EUAC_jxx7F8ikb-gI/928a1458a64b25a68868fb4e0cbc6401/1726817018_0/pc0_TywrpdVyO.jpg?imageMogr2/quality/70/thumbnail/1024x","https://nc.lianjia.com/ershoufang/103136092129.html"
"19","2024-10-29 10:08:34","保利香槟精装三房，近公园环境好，通透户型，采光很好","96","10468","3室2厅","低楼层/共31层","南","平层/精装","91.71平米","塔楼","保利香槟国际","高新区","https://vrlab-image4.ljcdn.com/release/screenshot/auto3d-MBvNhzpghmkj_vl0np_r0I/f12c850aed0a4e921e98a2ea3fac0504/1700790630_0/pc0_ZEDfilHk0.jpg?imageMogr2/quality/70/thumbnail/1024x","https://nc.lianjia.com/ershoufang/103129915315.html"
"20","2024-10-29 10:08:38","银亿上尚城北区 4室2厅 南","99.8","8317","4室2厅","高楼层/共18层","南","平层/毛坯","120平米","板楼","银亿上尚城北区","南昌县","https://vrlab-image4.ljcdn.com/release/screenshot/auto3d-anyLbjpfKqV2Spufw6Wh4N/9bbef7091e8eaebd5e1b6ae0350fc53c/1704873565_0/pc0_kv7vTc9kH.jpg?imageMogr2/quality/70/thumbnail/1024x","https://nc.lianjia.com/ershoufang/103129584841.html"
"21","2024-10-29 10:08:41","经开区！中海玫瑰园旁青秀城通透三房！业主诚售","76","7604","3室2厅","高楼层/共30层","南","平层/精装","99.95平米","板楼","中国铁建青秀城","经开区","https://vrlab-image4.ljcdn.com/release/screenshot/auto3d-isf7x1tG-U9CyxONPUcWp7/7fa17f33681c98225c25358260b44813/1720165244_0/pc0_4Zz0wLg2T.jpg?imageMogr2/quality/70/thumbnail/1024x","https://nc.lianjia.com/ershoufang/103133532522.html"
"22","2024-10-29 10:08:46","昊达首府 通透精装两房 采光好 视野开阔","68","8293","2室2厅","中楼层/共28层","南","平层/精装","82平米","板楼","昊达首府","新建区","https://vrlab-image4.ljcdn.com/release/screenshot/auto3d-PVc8KPmkGCGQoCCRKD9yPH/2e714702d3da5effa0d69e8a30b03218/1710985862_0/pc0_j1EHtSFt8.jpg?imageMogr2/quality/70/thumbnail/1024x","https://nc.lianjia.com/ershoufang/103130603505.html"
"23","2024-10-29 10:08:49","精装修 保养新 诚心卖 交通便利","93","10424","3室2厅","中楼层/共27层","南","平层/精装","89.22平米","塔楼","中骏蓝湾香郡","高新区","https://vrlab-image4.ljcdn.com/release/screenshot/auto3d-ZIMAsRHovs7V2iSUOTV2C2/c3ce669aba9958b9fe5da5b698d74bc8/1716543177_7/pc0_QDPKPqc4N.jpg?imageMogr2/quality/70/thumbnail/1024x","https://nc.lianjia.com/ershoufang/103132159983.html"
"24","2024-10-29 10:08:53","房东诚心出售，看房方便楼层好大 五房","55","6180","5室2厅","高楼层/共6层","南","跃层/精装","89平米","板塔结合","保集半岛御河湾二期","南昌县","https://vrlab-image4.ljcdn.com/release/screenshot/auto3d-Be3L8kXJsNKeQsI7yVWQjN/7afa0e02b81f1bbb3fc54707fbf4b2f7/1718266481_0/pc0_ucAJcQ1Fy.jpg?imageMogr2/quality/70/thumbnail/1024x","https://nc.lianjia.com/ershoufang/103135424209.html"
"25","2024-10-29 10:08:57","诚心卖、周 边配套齐全、单价便宜","22","3134","2室1厅","高楼层/共8层","南","平层/精装","70.2平米","板楼","南钢北四路","高新区","https://vrlab-image4.ljcdn.com/release/screenshot/auto3d-ZV4mv0AQV3rj0LWSraUa2b/0be32a44217b7ebf11a654782067e610/1714288755_3/pc0_JiQnbyhLN.jpg?imageMogr2/quality/70/thumbnail/1024x","https://nc.lianjia.com/ershoufang/103132745636.html"
"26","2024-10-29 10:09:01","楼梯复试，采光好，地段成熟，交通方便。","67","5716","3室2厅","高楼层/共6层","南 北","复式/精装","117.23平米","板楼","居住主题公园-象湖南郡小区","南昌县","https://vrlab-image4.ljcdn.com/release/screenshot/auto3d-fO2OIZRo0SjAGmv8gUzEM2/9e8c41285f841797a8f7830287e27249/1710058070_3/pc0_EbckFCiTS.jpg?imageMogr2/quality/70/thumbnail/1024x","https://nc.lianjia.com/ershoufang/103131688466.html"
"27","2024-10-29 10:09:03","隆祥苑两房，可入站前路，心远，房东诚售","55","6875","2室1厅","中楼层/共32层","东南","平层/毛坯","80平米","板塔结合","隆祥苑","新建区","https://vrlab-image4.ljcdn.com/release/screenshot/auto3d-SbJ-GoUqSisZ__cMJPUWi2/a59bbc193986969e7e7b06e128d12086/1711605107_2/pc0_2CsJy5iOE.jpg?imageMogr2/quality/70/thumbnail/1024x","https://nc.lianjia.com/ershoufang/103131920224.html"
"28","2024-10-29 10:09:07","理想家园.泉水湾2-2-1-1","85","9952","2室2厅","中楼层/共6层","南 北","平层/简装","85.41平米","板楼","理想家园·泉水湾","红谷滩","https://vrlab-image4.ljcdn.com/release/auto3dhd/bd9f2a548e77347cd6efa7112fafec3f/screenshot/1679126985_0/pc0_D2iuwIJUk.jpg?imageMogr2/quality/70/thumbnail/1024x","https://nc.lianjia.com/ershoufang/103123918291.html"
"29","2024-10-29 10:09:09","恒茂未来都会  户型方正  小区环境好","55","6180","3室2厅","高楼层/共18层","南 北","平层/精装","89平米","板塔结合","恒茂未来都会一期","湾里区","https://vrlab-image4.ljcdn.com/release/screenshot/auto3d-bRu6ZWx7WAvxfIM3snY2_b/d641ca3bc36a6b16c367549cf055b47e/1697337890_0/pc0_sxX5IZnQg.jpg?imageMogr2/quality/70/thumbnail/1024x","https://nc.lianjia.com/ershoufang/103128959520.html"
"30","2024-10-29 10:09:13","大横厅纯洋房，密度低，不靠马路","163","13641","3室2厅","高楼层/共6层","南 北","平层/毛坯","119.5平米","板楼","绿地国际博览城一期御珑","红谷滩","https://vrlab-image4.ljcdn.com/release/screenshot/auto3d-hmCGrjoQk2THnr9nhR23O7/d34ffba9fbddf054af601573ce1c3336/1698384883_0/pc0_haEUMMWUO.jpg?imageMogr2/quality/70/thumbnail/1024x","https://nc.lianjia.com/ershoufang/103129475067.html"
"31","2024-10-29 10:11:00","中海物业，朝阳新城，视野采光好，诚心出售.","148","13605","3室2厅","高楼层/共31层","南","平层/精装","108.79平米","板楼","中海朝阳郡铂宫","西湖区","https://vrlab-image4.ljcdn.com/release/screenshot/auto3d-3AuHeCF3GLSNe-QEhCQI6N/72a4e4689d4851c52c98e76bcefbfd23/1724202233_7/pc0_Bg1PRjBOm.jpg?imageMogr2/quality/70/thumbnail/1024x","https://nc.lianjia.com/ershoufang/103135300061.html"
"32","2024-10-29 10:11:03","温馨小三房，年轻装修，价格心动，拎包入住","57.5","6418","3室2厅","中楼层/共17层","南","平层/精装","89.6平米","板楼","丰源·淳和","南昌县","https://vrlab-image4.ljcdn.com/release/screenshot/auto3d-5aYAEcE2r95IWGdG4nUQvd/a19d7d3567bd9288adb8105cf2a4d314/1714713628_11/pc0_GbrDJW8jz.jpg?imageMogr2/quality/70/thumbnail/1024x","https://nc.lianjia.com/ershoufang/103132840410.html"
"33","2024-10-29 10:11:08","新装自住装修，拎包入住，双拼上叠 带车位可装充电桩","150","8905","4室2厅","中楼层/共4层","南 北","复式/精装","168.46平米","板塔结合","绿地山庄","南昌县","https://vrlab-image4.ljcdn.com/release/screenshot/auto3d-LvJNlGNf1n2su1VK9lf_ii/aacab47047f01d961494a61c08622eb4/1717295198_9/pc0_PirpZKtZz.jpg?imageMogr2/quality/70/thumbnail/1024x","https://nc.lianjia.com/ershoufang/103130425409.html"
"34","2024-10-29 10:11:11","地铁口精装修三房 朝南向 环境优美 业主诚售","75","8416","3室2厅","低楼层/共27层","南","平层/精装","89.12平米","板塔结合","新力琥珀园一期","红谷滩","https://vrlab-image4.ljcdn.com/release/auto3dhd/585fe3e8bcea2e580b06c88432165966/screenshot/1686817185_3/pc0_oHc55zNvL.jpg?imageMogr2/quality/70/thumbnail/1024x","https://nc.lianjia.com/ershoufang/103126869397.html"
"35","2024-10-29 10:11:16","紫荆夜市旁金桥慧景128平精装修三房两厅两卫看房预约","75","5860","3室2厅","高楼层/共11层","南 北","平层/精装","128平米","板楼","金桥慧景","经开区","https://vrlab-image4.ljcdn.com/release/auto3dhd/b1f4c433792d969c8894e7a4a2dcdec2/screenshot/1693640649_17/pc0_X5XjDsJAD.jpg?imageMogr2/quality/70/thumbnail/1024x","https://nc.lianjia.com/ershoufang/103124441824.html"
"36","2024-10-29 10:11:21","出小区就是地铁口 万科物业 人人都够得着的无压力","48","5527","3室2厅","高楼层/共32层","南","平层/毛坯","86.86平米","平房","城泰枫华天成","经开区","https://vrlab-image4.ljcdn.com/release/screenshot/auto3d-QGY9sA1mTSEkY9c8Dcv6bW/8736dc80e3785a30541cd9940b16d41a/1706235950_1/pc0_a2ywXny1g.jpg?imageMogr2/quality/70/thumbnail/1024x","https://nc.lianjia.com/ershoufang/103130939262.html"
"37","2024-10-29 10:11:25","房东诚心出售，出门地铁口，看房提前打电话。","39","4815","2室2厅","中楼层/共27层","南","平层/精装","81平米","板楼","新力范","南昌县","https://vrlab-image4.ljcdn.com/release/screenshot/auto3d-5fatucps5DxuP3yyu413JN/4a63256f7ca077ffb60b2ee51a03b4d3/1720141477_0/pc0_ezwZvZv0e.jpg?imageMogr2/quality/70/thumbnail/1024x","https://nc.lianjia.com/ershoufang/103133589387.html"
"38","2024-10-29 10:11:29","银亿大三房近地铁口 两梯两户 人车分流 房东诚售","79.8","6596","3室2厅","中楼层/共18层","南","平层/简装","121平米","板楼","银亿上尚城北区","南昌县","https://vrlab-image4.ljcdn.com/release/screenshot/auto3d-6Zu6pHcl4sQ2XktbVz9PtC/0a10065fd75bd3b8074a7c2d8d833ea4/1715067943_0/pc0_CTPVxKkcU.jpg?imageMogr2/quality/70/thumbnail/1024x","https://nc.lianjia.com/ershoufang/103132735669.html"
"39","2024-10-29 10:11:33","红谷滩一环旁  精装3房 含家具家电 拎包入住","78","10247","3室2厅","高楼层/共32层","南","平层/精装","76.12平米","塔楼","盛世华庭东区","经开区","https://vrlab-image4.ljcdn.com/release/screenshot/auto3d-z21iGA1TSR0jmD_NZTnMIo/2c78f250e8d625bfb6d24894f0d6bb23/1717737679_6/pc0_q34amODeC.jpg?imageMogr2/quality/70/thumbnail/1024x","https://nc.lianjia.com/ershoufang/103133590107.html"
"40","2024-10-29 10:11:37","和园四期 满两年 出门湿地公园，二十八中 揽全湖景","210","16747","3室1厅","中楼层/共11层","南","平层/毛坯","125.4平米","暂无数据","中兴和园西区","高新区","https://vrlab-image4.ljcdn.com/release/auto3dhd/d8b22ffb09823290a90a61cc7bf962ab/screenshot/1694321157_0/pc0_ZPOezWGB3.jpg?imageMogr2/quality/70/thumbnail/1024x","https://nc.lianjia.com/ershoufang/103134519059.html"
"41","2024-10-29 10:11:40","出门就是地铁5号线 婚房装修 带个地下车位 换房出售","85","7693","3室2厅","中楼层/共18层","南","平层/精装","110.5平米","板楼","锦竹幸福里","南昌县","https://vrlab-image4.ljcdn.com/release/auto3dhd/d9d588396127e7c96f7ae573564153bc/screenshot/1657851507_0/pc0_0M0FLwhyr.jpg?imageMogr2/quality/70/thumbnail/1024x","https://nc.lianjia.com/ershoufang/103121330429.html"
"42","2024-10-29 10:11:45","朝阳新城，三房二厅，小区环境好，离松柏近，出行方便","124","12256","3室2厅","低楼层/共32层","南","平层/精装","101.18平米","板楼","正荣·御品","西湖区","https://vrlab-image4.ljcdn.com/release/screenshot/auto3d-YjfVcQB8bELbxYfLiovjMe/f81f1a3ae9fa6a55564f8a45286bc3d2/1722502454_3/pc0_ojKE9H0aB.jpg?imageMogr2/quality/70/thumbnail/1024x","https://nc.lianjia.com/ershoufang/103134807992.html"
"43","2024-10-29 10:11:48","1号线，湖景房，地段好，交通方便","13","3372","1室1厅","中楼层/共28层","南","平层/毛坯","38.56平米","塔楼","君汇半岛","高新区","https://vrlab-image4.ljcdn.com/release/auto3dhd/8fd7a7c56d354e63e8ed9c5174611e7a/screenshot/1632386312_0/pc0_3v4m0T6dI.jpg?imageMogr2/quality/70/thumbnail/1024x","https://nc.lianjia.com/ershoufang/103116932226.html"
"44","2024-10-29 10:11:52","一号线地铁口，电梯三居室，医院，商场等生活配套齐全","95","8606","3室2厅","中楼层/共11层","南","平层/简装","110.39平米","板楼","天泽园","青山湖区","https://vrlab-image4.ljcdn.com/release/screenshot/auto3d-qPTaU-s7kjK3w1jbQC1ToU/06af29a7ef2e3d93296cd2047de6b5dc/1728187949_4/pc0_Gm5c7A8La.jpg?imageMogr2/quality/70/thumbnail/1024x","https://nc.lianjia.com/ershoufang/103136287763.html"
"45","2024-10-29 10:11:54","3号线江铃地铁站 精装3房 看房方便 楼层好小区环境好","100","10962","3室2厅","中楼层/共34层","南 北","平层/精装","91.23平米","板塔结合","江铃新力臻园","青云谱区","https://vrlab-image4.ljcdn.com/release/screenshot/auto3d-mjY6IL4rIPxfDhGyIxg00c/9c90f97194851772259702b850072481/1716700020_0/pc0_WTJWKclWP.jpg?imageMogr2/quality/70/thumbnail/1024x","https://nc.lianjia.com/ershoufang/103133408071.html"
"46","2024-10-29 10:11:58","视野无挡，中间楼层，采光好，业主诚心出售","75","6070","4室2厅","低楼层/共18层","南 北","平层/毛坯","123.57平米","暂无数据","恒茂未来都会二期","湾里区","https://vrlab-image4.ljcdn.com/release/screenshot/auto3d-wfdcUJh00tjEQCFkI7bfkl/411f8020491aa24ab4bc913cf3d9936a/1717383326_5/pc0_ecCinnGqq.jpg?imageMogr2/quality/70/thumbnail/1024x","https://nc.lianjia.com/ershoufang/103133005546.html"
"47","2024-10-29 10:12:01","豫章省委大院，中层，单价8千的南北通透，地铁口百米","50","7734","2室1厅","中楼层/共7层","南 北","平层/简装","64.65平米","板楼","豫章路省委大院（豫章路50号）","东湖区","https://vrlab-image4.ljcdn.com/release/screenshot/auto3d-mVFpejbP-R6ndazdIlpWDC/6a0b28242ae454565f700f0bae817f29/1695092586_0/pc0_CqEb4pHcN.jpg?imageMogr2/quality/70/thumbnail/1024x","https://nc.lianjia.com/ershoufang/103136038545.html"
"48","2024-10-29 10:12:04","朝阳中骏方隅，低总价精装家具家电，4号线丁家洲站旁","17","4912","1室1厅","低楼层/共20层","北","平层/精装","34.61平米","塔楼","中骏尚城南区","西湖区","https://vrlab-image4.ljcdn.com/release/screenshot/auto3d-JPgApscL0c-NXoIKAOCwVW/70f2f8ea6ab05f142d0f57861993151b/1718350935_2/pc0_Q8tjHdQwk.jpg?imageMogr2/quality/70/thumbnail/1024x","https://nc.lianjia.com/ershoufang/103133821737.html"
"49","2024-10-29 10:12:07","房东自住装修，干净、清爽、整洁，保养好，拎包入住","110","9613","3室2厅","中楼层/共33层","南","平层/其他","114.44平米","板楼","西站瑞都","红谷滩","https://vrlab-image4.ljcdn.com/release/screenshot/auto3d-JRq5jOMZU62sLjMm1fFNVZ/adf330c2f66b79ce0df0c19531ca956c/1726110345_2/pc0_2mjOt6IJK.jpg?imageMogr2/quality/70/thumbnail/1024x","https://nc.lianjia.com/ershoufang/103135924150.html"
"50","2024-10-29 10:12:10","房子满五，正规通透三房，采光视野好","75","8940","3室2厅","中楼层/共10层","南 北","平层/简装","83.9平米","板楼","天使水榭尚都","青山湖区","https://vrlab-image4.ljcdn.com/release/auto3dhd/dd2d635982599c5d5d22539045fea118/screenshot/1677031329_0/pc0_XeW24xsKG.jpg?imageMogr2/quality/70/thumbnail/1024x","https://nc.lianjia.com/ershoufang/103124263594.html"
"51","2024-10-29 10:12:15","急售！育新贤湖澜景次新房品质小区，二房精装好楼层","99","12137","2室2厅","高楼层/共32层","南","平层/精装","81.57平米","暂无数据","贤湖•澜景","东湖区","https://vrlab-image4.ljcdn.com/release/screenshot/auto3d-p7rGmEb6Rj4jXuWgfvkOUY/e37214fa44b64e4df6b075937a6aab26/1696662614_6/pc0_pgqo9o5v1.jpg?imageMogr2/quality/70/thumbnail/1024x","https://nc.lianjia.com/ershoufang/103129026432.html"
"52","2024-10-29 10:12:19","格局好，采光好，精装修视野开阔","180","12689","4室2厅","中楼层/共7层","南","平层/精装","141.86平米","板楼","万科四季花城北区","高新区","https://vrlab-image4.ljcdn.com/release/screenshot/auto3d-vjDXp1R32pbnlieKCFAKtA/7e2420c18d90edd0d35cd6a05a82492e/1727661202_8/pc0_2FEXuclvD.jpg?imageMogr2/quality/70/thumbnail/1024x","https://nc.lianjia.com/ershoufang/103136109358.html"
"53","2024-10-29 10:12:23","品牌开发商，动静分离，自持物业，交通方便。","185","13356","4室2厅","中楼层/共32层","南 北","平层/精装","138.52平米","板楼","绿地中央公园璋悦","新建区","https://vrlab-image4.ljcdn.com/release/screenshot/auto3d-ZoHjUjtOJMfojwZYrQrwK_/83d1841c64d77c16d4f0eb81b666669c/1719455612_0/pc0_XbYoPPawz.jpg?imageMogr2/quality/70/thumbnail/1024x","https://nc.lianjia.com/ershoufang/103134127786.html"
"54","2024-10-29 10:12:25","正荣润城 居家精装修 有车位 业主诚心出售","90","10113","3室2厅","低楼层/共29层","南","平层/精装","89平米","板塔结合","正荣润城","新建区","https://vrlab-image4.ljcdn.com/release/screenshot/auto3d-WvYQxQJLN6dBFNaCm1lczR/da2ee56289b7ac7c4a3c2811d5a4b8d7/1728962699_0/pc0_D6U6Cxqg6.jpg?imageMogr2/quality/70/thumbnail/1024x","https://nc.lianjia.com/ershoufang/103136598273.html"
"55","2024-10-29 10:12:30","金涛御景精装3房，带个15平的露台，随时可看房","66","6320","3室2厅","低楼层/共10层","南","平层/精装","104.44平米","板楼","金涛御景花园","南昌县","https://vrlab-image4.ljcdn.com/release/screenshot/auto3d-GLhgF-r2B4RooRh0G2OAp9/0cef9dd886a4a9c1324e6c782ec51b85/1715913496_9/pc0_wgjk8RUAr.jpg?imageMogr2/quality/70/thumbnail/1024x","https://nc.lianjia.com/ershoufang/103133177846.html"
"56","2024-10-29 10:12:34","君悦府洋房精装修，带地下室，有大院子","328","23097","4室2厅","低楼层/共5层","南","平层/精装","142.01平米","板楼","君悦府","南昌县","http://vr-public.realsee-cdn.cn/release/screenshot/auto3d-mxLTsLZTtravvPFlzfVkVt/c966f47c0a86f6d7c7439ca2e12920ff/1725437458_0/pc0_W1wQkyc1Z.jpg","https://nc.lianjia.com/ershoufang/103135751387.html"
"57","2024-10-29 10:12:38","万象公园  水榭尚都通透四房  高得房率。。","96","7737","4室2厅","低楼层/共17层","南 北","平层/精装","124.08平米","板楼","天使水榭尚都","青山湖区","https://vrlab-image4.ljcdn.com/release/screenshot/auto3d-efhZ4Uc_gTsBGfVMdL9K_y/f07685ca13fcb31b28618f8023aac244/1726801306_0/pc0_3Y8TqJE8L.jpg?imageMogr2/quality/70/thumbnail/1024x","https://nc.lianjia.com/ershoufang/103136072367.html"
"58","2024-10-29 10:12:43","地铁口精装公寓 总价低 自住好选择","15","3572","1室1厅","高楼层/共23层","南","平层/精装","42平米","板楼","新力钰珑湾南区","新建区","https://vrlab-image4.ljcdn.com/release/screenshot/auto3d-AajoQzdpX1hdIJpyTM9Y4l/4f68fa79d42bf499c4b49049a467dfc9/1709708177_0/pc0_Ib1sn0kRl.jpg?imageMogr2/quality/70/thumbnail/1024x","https://nc.lianjia.com/ershoufang/103130995050.html"
"59","2024-10-29 10:12:45","房子在卖的，中间楼层，业主诚心卖房","95","7802","3室2厅","低楼层/共28层","南","平层/精装","121.77平米","板楼","鸿海万科天空之城北区","南昌县","https://vrlab-image4.ljcdn.com/release/screenshot/auto3d-mJ8i743o8OnjZbHSBbw0v7/bf8d260e378a63a87b7cedb1a3960a1f/1712554441_0/pc0_qnPUA2iFr.jpg?imageMogr2/quality/70/thumbnail/1024x","https://nc.lianjia.com/ershoufang/103129860168.html"
"60","2024-10-29 10:12:50","中间楼层百看百中。好房不容错过。","135","10409","3室2厅","中楼层/共15层","南","平层/毛坯","129.7平米","板塔结合","千禧同业小区","高新区","https://vrlab-image4.ljcdn.com/release/auto3dhd/ecad5eeb961b59aba666e03c5dc77f5c/screenshot/1589354473_7/pc0_XDEgEaTn3.jpg?imageMogr2/quality/70/thumbnail/1024x","https://nc.lianjia.com/ershoufang/103110814026.html"
"61","2024-10-29 10:12:54","西站瑞都   精装修三房  新装修从未入住 房东诚心出售","90","8458","3室2厅","高楼层/共33层","南","平层/精装","106.42平米","板楼","西站瑞都","红谷滩","https://vrlab-image4.ljcdn.com/release/screenshot/auto3d-VHu-fVaqkCKTg54V8naXfT/6c38cf0277adfcaccaffd9b805bdbeed/1720668034_0/pc0_N5dGiQ8n3.jpg?imageMogr2/quality/70/thumbnail/1024x","https://nc.lianjia.com/ershoufang/103129058970.html"
"62","2024-10-29 10:12:57","华侨城站小门口的三期，全新未入住，业主诚心卖","159.8","17389","3室2厅","高楼层/共31层","南","平层/精装","91.9平米","板楼","华侨城万科云境","西湖区","https://vrlab-image4.ljcdn.com/release/auto3dhd/78a6700befc0c1d5b4dc6288753be948/screenshot/1694309479_3/pc0_FKkirjoNW.jpg?imageMogr2/quality/70/thumbnail/1024x","https://nc.lianjia.com/ershoufang/103128607243.html"
"63","2024-10-29 10:13:01","紫金城一期 精装三房 两房朝南 全天太阳","190","13756","3室2厅","高楼层/共33层","南 北","平层/精装","138.13平米","板楼","紫金城","东湖区","https://vrlab-image4.ljcdn.com/release/auto3dhd/b53fa673867c9476dcdf2a7085ba3409/screenshot/1618367610_11/pc0_1sr9iFHjj.jpg?imageMogr2/quality/70/thumbnail/1024x","https://nc.lianjia.com/ershoufang/103126951554.html"
"64","2024-10-29 10:13:05","桃苑外国语旁 工贸一村 中间楼层三房 户型通透","65","7292","3室1厅","中楼层/共8层","南 北","平层/简装","89.15平米","暂无数据","工贸一村","西湖区","https://vrlab-image4.ljcdn.com/release/auto3dhd/2cbb101d74916d9b9133247f81e51b4e/screenshot/1692069098_0/pc0_gYgUgEASQ.jpg?imageMogr2/quality/70/thumbnail/1024x","https://nc.lianjia.com/ershoufang/103128117645.html"
"65","2024-10-29 10:13:10","面积小，合适中等收入的人，出入方便，总价低","47","7976","2室1厅","高楼层/共6层","南","平层/精装","58.93平米","板楼","康桥绿城","西湖区","https://vrlab-image4.ljcdn.com/release/screenshot/auto3d-zN07Ul-Qscw4zhlrLlGmFv/63b700513836cbd68b1ba681185f9397/1702174734_5/pc0_y5meOR0FS.jpg?imageMogr2/quality/70/thumbnail/1024x","https://nc.lianjia.com/ershoufang/103126793807.html"
"66","2024-10-29 10:13:14","南昌万达城精装修三房业主诚心出售","65","6610","3室2厅","低楼层/共34层","南","平层/其他","98.34平米","塔楼","万达文化旅游城N2区","红谷滩","https://vrlab-image4.ljcdn.com/release/screenshot/auto3d-dWIDHk81gFA8JH4qdL0c_E/a91f50b92725cbad2f06510dd5bfc074/1727427577_3/pc0_ez0ARyhmo.jpg?imageMogr2/quality/70/thumbnail/1024x","https://nc.lianjia.com/ershoufang/103136188465.html"
"67","2024-10-29 10:13:17","下沙沟路带院子精装3房。户型方正太阳好","42.8","6038","3室1厅","低楼层/共4层","南","平层/精装","70.89平米","板楼","下沙沟小区（造纸厂宿舍）","东湖区","https://vrlab-image4.ljcdn.com/release/screenshot/auto3d-6Iz_yhEbd74-rgsSglTkwG/4a16af3a4703b048dde45af6fc9a0c34/1725605654_0/pc0_KKaPgGoJT.jpg?imageMogr2/quality/70/thumbnail/1024x","https://nc.lianjia.com/ershoufang/103135707918.html"
"68","2024-10-29 10:13:21","朝阳万达旁 毛坯端户 三房两卫 业主急卖  生活便利","135","12410","3室1厅","低楼层/共31层","南","平层/毛坯","108.79平米","板楼","中海朝阳郡铂宫","西湖区","https://vrlab-image4.ljcdn.com/release/screenshot/auto3d-FUUFYLCYWWjBh-CkXt3-CA/0db643b142399790b4493c2deb278b94/1717751538_6/pc0_4A8yqcIHr.jpg?imageMogr2/quality/70/thumbnail/1024x","https://nc.lianjia.com/ershoufang/103133375163.html"
"69","2024-10-29 10:13:25","凤鸣苑多层  精装 通透三房 拎包入住","236","21339","4室2厅","中楼层/共6层","南","平层/其他","110.6平米","板楼","凤凰城凤鸣苑","红谷滩","https://vrlab-image4.ljcdn.com/release/screenshot/auto3d-ZrJAUvcsIzpwJJwQT5WbII/14e0cfef863e5eef782b04188cba2c3b/1728265069_4/pc0_187zIMwN8.jpg?imageMogr2/quality/70/thumbnail/1024x","https://nc.lianjia.com/ershoufang/103136310943.html"
"70","2024-10-29 10:13:29","近地铁  青秀城精装3房 诚心出售","69","7375","3室2厅","中楼层/共28层","南","平层/其他","93.57平米","板楼","中国铁建青秀城","经开区","https://vrlab-image4.ljcdn.com/release/screenshot/auto3d-aJJN2Lyk1BrVhuphkSsdjs/6490285cd09d787be7caa0ffce5a4ce1/1729211257_0/pc0_dov1djGfp.jpg?imageMogr2/quality/70/thumbnail/1024x","https://nc.lianjia.com/ershoufang/103136662558.html"
"71","2024-10-29 10:13:32","国博二期精装二房近地铁 医院旁  中间楼层","88","10962","2室1厅","中楼层/共32层","南","平层/精装","80.28平米","塔楼","绿地国际博览城二期博君","红谷滩","https://vrlab-image4.ljcdn.com/release/screenshot/auto3d-3fJYVOjuFvN26N0KUIf8lQ/1d020bdd4de4f781250c7aafc0e66380/1726041712_2/pc0_EdFiO6Q0n.jpg?imageMogr2/quality/70/thumbnail/1024x","https://nc.lianjia.com/ershoufang/103134398132.html"
"72","2024-10-29 10:13:34","精装修两房 业主置换房产 忍痛出售","45","5030","2室1厅","中楼层/共18层","南","平层/精装","89.48平米","板楼","居住主题公园-枫丹白鹭","南昌县","https://vrlab-image4.ljcdn.com/release/screenshot/auto3d-GhMHQY2C_alX9k5o4gvfAQ/bff13fdbab1b0ccdae806ddbc32df35d/1716341839_3/pc0_384tPBoTp.jpg?imageMogr2/quality/70/thumbnail/1024x","https://nc.lianjia.com/ershoufang/103133326127.html"
"73","2024-10-29 10:13:37","碧桂园A区纯洋房 户型端正 此价带车位","125","10133","3室2厅","高楼层/共8层","南 北","平层/精装","123.36平米","板楼","碧桂园中江温泉城A区","红谷滩","https://vrlab-image4.ljcdn.com/release/screenshot/auto3d-SHvKvTQN_4seUv0NuRfOnK/426f9b72d5d007862ab058e59e9f1eea/1713502577_0/pc0_U0AwUYOJP.jpg?imageMogr2/quality/70/thumbnail/1024x","https://nc.lianjia.com/ershoufang/103132602545.html"
"74","2024-10-29 10:13:40","精装修三房    自住装修    可拎包入住","150","15109","3室1厅","高楼层/共32层","南","平层/精装","99.28平米","板楼","恒锦花苑二区","红谷滩","https://vrlab-image4.ljcdn.com/release/screenshot/auto3d-Co9MX5oZ6g1AIJLI3LhKLX/b6a47aa70628fbd5f78aceebd7d33d83/1722158326_6/pc0_fuGngNqLs.jpg?imageMogr2/quality/70/thumbnail/1024x","https://nc.lianjia.com/ershoufang/103134896870.html"
"75","2024-10-29 10:13:45","此房刚交付不久，从没住过，视野很好，楼层好","70","6323","3室2厅","中楼层/共29层","南","平层/精装","110.72平米","板楼","南昌恒大翡翠华庭","南昌县","https://vrlab-image4.ljcdn.com/release/auto3dhd/f473f3180237e1eb62b122383c72b9c9/screenshot/1599443613_0/pc0_hWHSmTCSt.jpg?imageMogr2/quality/70/thumbnail/1024x","https://nc.lianjia.com/ershoufang/103136487336.html"
"76","2024-10-29 10:13:48","公园一号 诚心卖 随时看房 装修自己住","70","7790","3室2厅","高楼层/共33层","南","平层/精装","89.87平米","板楼","公园壹号","经开区","https://vrlab-image4.ljcdn.com/release/screenshot/auto3d-wxIg2CBbwtjKCUv3DGaCVk/c389829cfe2445623048cca85992fedf/1728537631_6/pc0_5bAvsrPts.jpg?imageMogr2/quality/70/thumbnail/1024x","https://nc.lianjia.com/ershoufang/103136502487.html"
"77","2024-10-29 10:13:52","单价1万1千多买保利和光二期次新房 师大博文旁","119","11388","3室2厅","中楼层/共34层","南","平层/精装","104.5平米","板楼","保利和光瑞府","青云谱区","https://vrlab-image4.ljcdn.com/release/screenshot/auto3d-H8oin4ayCT9ZER9hFP9wPQ/b188444be611096d7dde0f94e0de9852/1724211981_3/pc0_uhf8oLsrQ.jpg?imageMogr2/quality/70/thumbnail/1024x","https://nc.lianjia.com/ershoufang/103135354191.html"
"78","2024-10-29 10:13:55","瓦良格毛坯三房 户型方正 环境优美 阳光好居住舒适","53.8","5785","3室2厅","中楼层/共32层","南","平层/毛坯","93平米","板塔结合","江铃瓦良格","南昌县","https://vrlab-image4.ljcdn.com/release/screenshot/auto3d--ms91fIJGC-Zfa5B6iEPal/4343b9ea507b41c8051f4a4e645018d8/1711521768_0/pc0_uBEMozwuA.jpg?imageMogr2/quality/70/thumbnail/1024x","https://nc.lianjia.com/ershoufang/103132116956.html"
"79","2024-10-29 10:13:57","诚心出售 户型反正 视野开阔 采光好","72","8025","3室2厅","中楼层/共27层","南","平层/精装","89.72平米","塔楼","新力澜湾","经开区","https://vrlab-image4.ljcdn.com/release/screenshot/auto3d-TnzQsRWgU9JB3YTr43eOKc/0cfa8bea629b34a2827e0333e84cd366/1713498952_11/pc0_dwSTq8iCK.jpg?imageMogr2/quality/70/thumbnail/1024x","https://nc.lianjia.com/ershoufang/103130764259.html"
"80","2024-10-29 10:14:02","小区环境好，物业管理好，阳光充足，出行便利","78","6810","3室2厅","中楼层/共17层","南 北","平层/精装","114.55平米","塔楼","万科璞悦里","湾里区","https://vrlab-image4.ljcdn.com/release/auto3dhd/a501295ee519c7c4b184cd984a78325e/screenshot/1678761546_1/pc0_tygL3WK8O.jpg?imageMogr2/quality/70/thumbnail/1024x","https://nc.lianjia.com/ershoufang/103124790008.html"
"81","2024-10-29 10:14:06","自住现代装修，红谷世纪花园C区的好房子","246","17414","3室2厅","中楼层/共11层","南","平层/精装","141.27平米","板楼","红谷世纪花园C区","红谷滩","https://vrlab-image4.ljcdn.com/release/screenshot/auto3d-Y1_XPTZva6r9fWFJjJK9i8/79dc59fdb019e241e8da30831f50a153/1710551917_10/pc0_0RmZt1Nm6.jpg?imageMogr2/quality/70/thumbnail/1024x","https://nc.lianjia.com/ershoufang/103131791530.html"
"82","2024-10-29 10:14:10","万寿宫旁 有地铁 精装2房 拎包入住","21","3940","2室1厅","高楼层/共8层","南 北","平层/简装","53.3平米","板楼","广润门三区","西湖区","https://vrlab-image4.ljcdn.com/release/screenshot/auto3d-kZ08N-L8Wtlq14vU2v7bwp/0342d81aa51e2cde259a6a886e0f312e/1710813374_8/pc0_Y3OSvVbP1.jpg?imageMogr2/quality/70/thumbnail/1024x","https://nc.lianjia.com/ershoufang/103131209855.html"
"83","2024-10-29 10:14:14","西站瑞都   精装修三房  新装修从未入住 房东诚心出售","90","8458","3室2厅","高楼层/共33层","南","平层/精装","106.42平米","板楼","西站瑞都","红谷滩","https://vrlab-image4.ljcdn.com/release/screenshot/auto3d-VHu-fVaqkCKTg54V8naXfT/6c38cf0277adfcaccaffd9b805bdbeed/1720668034_0/pc0_N5dGiQ8n3.jpg?imageMogr2/quality/70/thumbnail/1024x","https://nc.lianjia.com/ershoufang/103129058970.html"
"84","2024-10-29 10:14:16","华侨城站小门口的三期，全新未入住，业主诚心卖","159.8","17389","3室2厅","高楼层/共31层","南","平层/精装","91.9平米","板楼","华侨城万科云境","西湖区","https://vrlab-image4.ljcdn.com/release/auto3dhd/78a6700befc0c1d5b4dc6288753be948/screenshot/1694309479_3/pc0_FKkirjoNW.jpg?imageMogr2/quality/70/thumbnail/1024x","https://nc.lianjia.com/ershoufang/103128607243.html"
"85","2024-10-29 10:14:20","艾溪湖旁中兴和园3期毛坯3房好楼层房东急出售","150","13759","3室1厅","高楼层/共18层","南 北","平层/其他","109.02平米","板塔结合","中兴和园西区","高新区","https://vrlab-image4.ljcdn.com/release/screenshot/auto3d-tZ18SPkxwBy7cC2Ff9Ezec/16f9eefffea6c660e437f9198963cc36/1721446229_0/pc0_jsswti0dv.jpg?imageMogr2/quality/70/thumbnail/1024x","https://nc.lianjia.com/ershoufang/103136318884.html"
"86","2024-10-29 10:14:24","急售 一号线地铁口 品质小区精装清爽两房居住不到两年","145","15924","2室2厅","高楼层/共30层","南","平层/精装","91.06平米","板楼","香逸澜湾","红谷滩","https://vrlab-image4.ljcdn.com/release/screenshot/auto3d-A-O73r7uzFli6AP4sH0vjn/fad1fb460ffae5ed3f0e948c00010142/1724742023_4/pc0_lu2G8pwYK.jpg?imageMogr2/quality/70/thumbnail/1024x","https://nc.lianjia.com/ershoufang/103135507335.html"
"87","2024-10-29 10:14:26","经开地铁口中铁青秀城得房率高宜居好小区","75","7083","3室1厅","中楼层/共32层","南 北","平层/精装","105.89平米","板楼","中国铁建青秀城","经开区","https://vrlab-image4.ljcdn.com/release/screenshot/auto3d-CaVwHJLmbvLQ_ETVEdAZPv/325e317910740c12e2052e513a9a17e5/1726886366_0/pc0_GmJAHhOOZ.jpg?imageMogr2/quality/70/thumbnail/1024x","https://nc.lianjia.com/ershoufang/103135961605.html"
"88","2024-10-29 10:14:28","九颂山河 年度十佳设计作品  沿江江景奢宅只等有缘人","205","17485","3室2厅","低楼层/共31层","南","平层/其他","117.25平米","板楼","九颂山河","红谷滩","https://vrlab-image4.ljcdn.com/release/screenshot/auto3d-Spd4bUJpVPbgYG6V4Sto0s/3c45c36a2a028b23135c6d24234b6b7f/1704609010_0/pc0_nfTMQoFDq.jpg?imageMogr2/quality/70/thumbnail/1024x","https://nc.lianjia.com/ershoufang/103136145405.html"
"89","2024-10-29 10:14:32","铁路九村精装两房，带前后露台的","48","7203","2室2厅","中楼层/共8层","南","平层/精装","66.64平米","板楼","铁路九村","青山湖区","https://vrlab-image4.ljcdn.com/release/screenshot/auto3d-L1S7KE_0ix8L9sXxheUYAv/b1e53b031be78d445c03098ba83e3d27/1728784249_9/pc0_wEZPiMH9d.jpg?imageMogr2/quality/70/thumbnail/1024x","https://nc.lianjia.com/ershoufang/103136551940.html"
"90","2024-10-29 10:14:36","业主诚心出售，大四房格局，刚需房","148","10455","4室2厅","低楼层/共17层","南","平层/精装","141.56平米","塔楼","众森红谷一品","经开区","https://vrlab-image4.ljcdn.com/release/auto3dhd/976a4cca15824be29777c0837d0d9323/screenshot/1659422290_11/pc0_wTXQPxsK6.jpg?imageMogr2/quality/70/thumbnail/1024x","https://nc.lianjia.com/ershoufang/103121681173.html"
"91","2024-10-29 10:14:40","桃苑社区二区 2室1厅 南 北","70","8270","2室1厅","中楼层/共7层","南 北","平层/简装","84.65平米","板楼","桃苑社区二区","西湖区","https://vrlab-image4.ljcdn.com/release/screenshot/auto3d-axRe3dg0vXpgsJi_Ow_ey_/20ff3d5af083e3ab382a79a940b886e7/1729142861_11/pc0_GnV0EVhOA.jpg?imageMogr2/quality/70/thumbnail/1024x","https://nc.lianjia.com/ershoufang/103136712316.html"
"92","2024-10-29 10:14:44","商圈成熟 另加15平储藏室可做仓库商铺使用","109","13946","2室2厅","中楼层/共8层","南","平层/精装","78.16平米","平房","沙井安居小区","红谷滩","https://vrlab-image4.ljcdn.com/release/screenshot/auto3d-bIZMVCNJ84hIx0GnIo1y-e/80f780ecd1fc2c3822d7924231443726/1716958573_1/pc0_OxWQzXJ6z.jpg?imageMogr2/quality/70/thumbnail/1024x","https://nc.lianjia.com/ershoufang/103133228431.html"
"93","2024-10-29 10:14:48","真的精装，一线湖景，拎包入住，诚心出售","195","12067","3室2厅","低楼层/共31层","南 北","平层/精装","161.61平米","板塔结合","天使·水榭灣北区","青云谱区","https://vrlab-image4.ljcdn.com/release/screenshot/auto3d--7yyWQ89V994jB5nhL2jUg/b65e0befd5f21544e5a649ad9d9f9dbd/1710062675_1/pc0_TA5WVQqKM.jpg?imageMogr2/quality/70/thumbnail/1024x","https://nc.lianjia.com/ershoufang/103131456647.html"
"94","2024-10-29 10:14:52","民航单位房 通透三房 南面大阳台 户型方正 小区院落大","118","11211","3室2厅","低楼层/共7层","东南","平层/精装","105.26平米","板楼","空港花苑","西湖区","https://vrlab-image4.ljcdn.com/release/screenshot/auto3d-GGVpiVPXiRAoELGs0f_P_Q/6fe8c2f432a3f6aa947a1ee8da84df76/1726112206_10/pc0_ElebWHYh6.jpg?imageMogr2/quality/70/thumbnail/1024x","https://nc.lianjia.com/ershoufang/103135739140.html"
"95","2024-10-29 10:14:56","向塘 2室1厅 南","12","1667","2室1厅","中楼层/共7层","南","平层/简装","72平米","暂无数据","向塘","南昌县","https://vrlab-image4.ljcdn.com/release/screenshot/auto3d-LZ3RyP-DEy46rBnxZGdDe1/226229262d7bc2c1a5abbc68321d6cfb/1722934150_2/pc0_3HbT0Hw8L.jpg?imageMogr2/quality/70/thumbnail/1024x","https://nc.lianjia.com/ershoufang/103135095033.html"
"96","2024-10-29 10:15:00","尚水花园中间楼层精装修物业费低","138","12406","3室2厅","中楼层/共32层","南","平层/精装","111.24平米","板楼","尚水花园","西湖区","https://vrlab-image4.ljcdn.com/release/screenshot/auto3d-i_4q0w4rog5bE9tdkZFLhX/3f2b1b1e26e98d73c374b9e731cbbb49/1711525800_0/pc0_rDE8cWGY8.jpg?imageMogr2/quality/70/thumbnail/1024x","https://nc.lianjia.com/ershoufang/103129504456.html"
"97","2024-10-29 10:15:04","凤凰城凤鸣苑小户型 低总价 看房有钥匙","155","20323","1室1厅","高楼层/共24层","南 北","平层/精装","76.27平米","板塔结合","凤凰城凤鸣苑","红谷滩","https://vrlab-image4.ljcdn.com/release/screenshot/auto3d-du3jQ5Oq3inZsT4YyWgDgI/2a12fe0201f1721761894b76417c830b/1702696975_3/pc0_8JXxVEHce.jpg?imageMogr2/quality/70/thumbnail/1024x","https://nc.lianjia.com/ershoufang/103130365220.html"
"98","2024-10-29 10:15:06","房型格局好，配套齐全，交通便利，户型通透","128","13470","2室2厅","中楼层/共6层","南","平层/其他","95.03平米","塔楼","万科四季花城北区","高新区","https://vrlab-image4.ljcdn.com/release/screenshot/auto3d-BksdXuQdH3EkLHKbudmm6L/945afe463b77df5bc61a0d1365671621/1726281022_0/pc0_YES0nRnzu.jpg?imageMogr2/quality/70/thumbnail/1024x","https://nc.lianjia.com/ershoufang/103135947715.html"
"99","2024-10-29 10:15:10","保集半岛二期 近芳草 出行方便 业主急售","55","6191","4室3厅","高楼层/共6层","南 北","复式/精装","88.85平米","板塔结合","保集半岛御河湾二期","南昌县","https://vrlab-image4.ljcdn.com/release/auto3dhd/36c1d5632c76dd34184426365e3182eb/screenshot/1683257325_0/pc0_SlR85MzhF.jpg?imageMogr2/quality/70/thumbnail/1024x","https://nc.lianjia.com/ershoufang/103126018217.html"
"100","2024-10-29 10:15:14","湾里3房2卫 精装修好楼层 视野开阔","73","6188","3室2厅","中楼层/共17层","南","平层/精装","117.98平米","暂无数据","恒大林溪府","湾里区","https://vrlab-image4.ljcdn.com/release/screenshot/auto3d-vi_PjXtzMnS0WscM5EC3L5/dc62bfd8e465e018aeb93c59ca3a4725/1719806124_8/pc0_tLoKCtQPZ.jpg?imageMogr2/quality/70/thumbnail/1024x","https://nc.lianjia.com/ershoufang/103132258790.html"
"101","2024-10-29 10:15:18","桃苑外国语旁 工贸一村 中间楼层三房 户型通透","65","7292","3室1厅","中楼层/共8层","南 北","平层/简装","89.15平米","暂无数据","工贸一村","西湖区","https://vrlab-image4.ljcdn.com/release/auto3dhd/2cbb101d74916d9b9133247f81e51b4e/screenshot/1692069098_0/pc0_gYgUgEASQ.jpg?imageMogr2/quality/70/thumbnail/1024x","https://nc.lianjia.com/ershoufang/103128117645.html"
"102","2024-10-29 10:15:23","紫金城一期 精装三房 两房朝南 全天太阳","190","13756","3室2厅","高楼层/共33层","南 北","平层/精装","138.13平米","板楼","紫金城","东湖区","https://vrlab-image4.ljcdn.com/release/auto3dhd/b53fa673867c9476dcdf2a7085ba3409/screenshot/1618367610_11/pc0_1sr9iFHjj.jpg?imageMogr2/quality/70/thumbnail/1024x","https://nc.lianjia.com/ershoufang/103126951554.html"
"103","2024-10-29 10:15:26","面积小，合适中等收入的人，出入方便，总价低","47","7976","2室1厅","高楼层/共6层","南","平层/精装","58.93平米","板楼","康桥绿城","西湖区","https://vrlab-image4.ljcdn.com/release/screenshot/auto3d-zN07Ul-Qscw4zhlrLlGmFv/63b700513836cbd68b1ba681185f9397/1702174734_5/pc0_y5meOR0FS.jpg?imageMogr2/quality/70/thumbnail/1024x","https://nc.lianjia.com/ershoufang/103126793807.html"
"104","2024-10-29 10:15:31","中间楼层百看百中。好房不容错过。","135","10409","3室2厅","中楼层/共15层","南","平层/毛坯","129.7平米","板塔结合","千禧同业小区","高新区","https://vrlab-image4.ljcdn.com/release/auto3dhd/ecad5eeb961b59aba666e03c5dc77f5c/screenshot/1589354473_7/pc0_XDEgEaTn3.jpg?imageMogr2/quality/70/thumbnail/1024x","https://nc.lianjia.com/ershoufang/103110814026.html"
"105","2024-10-29 10:15:35","京家山地铁口，交通便利，上学方便","30","4337","2室1厅","高楼层/共6层","南 北","平层/简装","69.18平米","板楼","京西路","青云谱区","https://vrlab-image4.ljcdn.com/release/screenshot/auto3d-ePNwxVeTeI6gEFhZ8aDpBB/818256559d70b510d9d97f304d0ce446/1704603337_1/pc0_DXC0CsSy8.jpg?imageMogr2/quality/70/thumbnail/1024x","https://nc.lianjia.com/ershoufang/103131571867.html"
"106","2024-10-29 10:15:38","澜湖御景交通便利环境好配套设施齐全","20","5852","1室0厅","中楼层/共30层","南","平层/精装","34.18平米","塔楼","澜湖御景","南昌县","https://vrlab-image4.ljcdn.com/release/auto3dhd/013d71eff0c868dd8d90a3008a7d12df/screenshot/1680402906_2/pc0_TaFEhDcWN.jpg?imageMogr2/quality/70/thumbnail/1024x","https://nc.lianjia.com/ershoufang/103132315572.html"
"107","2024-10-29 10:15:41","师大书香瑶庭三房急售，精装修含车位各付税费","120","12958","3室2厅","中楼层/共27层","南 北","平层/精装","92.61平米","板楼","书香瑶庭","高新区","https://vrlab-image4.ljcdn.com/release/screenshot/auto3d-XefilD0_saafUAmY2ppGl_/90cdb447a9b9bad9632f3fb3b7cec2d1/1709968486_11/pc0_7yybSjm5n.jpg?imageMogr2/quality/70/thumbnail/1024x","https://nc.lianjia.com/ershoufang/103131650044.html"
"108","2024-10-29 10:15:44","保集半岛一期 3室2厅 南","68.8","7764","3室2厅","中楼层/共18层","南","平层/精装","88.62平米","板楼","保集半岛一期","南昌县","https://vrlab-image4.ljcdn.com/release/auto3dhd/8d05aa3f92805bd4a82d7b5053753d60/screenshot/1683357383_3/pc0_XGL84oXJA.jpg?imageMogr2/quality/70/thumbnail/1024x","https://nc.lianjia.com/ershoufang/103136416964.html"
"109","2024-10-29 10:15:49","房东诚心出售 精装修视野开阔采光无遮挡","170","14646","3室2厅","中楼层/共32层","南 北","平层/精装","116.08平米","塔楼","绿地国际博览城二期博君","红谷滩","https://vrlab-image4.ljcdn.com/release/screenshot/auto3d-iv-cqkVxVH4xYo7zu3O7i4/8786d083bea22ba5a02e08d74648200b/1725071120_0/pc0_8ESiQaFcr.jpg?imageMogr2/quality/70/thumbnail/1024x","https://nc.lianjia.com/ershoufang/103134705929.html"
"110","2024-10-29 10:15:52","恒茂洋房品质，四房两厅两卫。楼层好，价格优。","90","7693","4室1厅","中楼层/共8层","南 北","平层/精装","117平米","暂无数据","恒茂未来都会一期","湾里区","https://vrlab-image4.ljcdn.com/release/screenshot/auto3d-UeWcSLjVlFImbBk0Rrwnf9/c16bace4527084ccb2f01c01d96fa030/1702343941_3/pc0_s06xtX81d.jpg?imageMogr2/quality/70/thumbnail/1024x","https://nc.lianjia.com/ershoufang/103135794648.html"
"111","2024-10-29 10:15:56","好楼层，两房朝南，主卧带卫生间","63","5861","3室2厅","中楼层/共8层","南","平层/精装","107.5平米","暂无数据","洪都新村","青山湖区","https://vrlab-image4.ljcdn.com/release/screenshot/auto3d-fOBVNXYosY6A3T697yeuWB/91f4556bd65665debc633f13437ea69e/1721536984_10/pc0_2PK0jdKmc.jpg?imageMogr2/quality/70/thumbnail/1024x","https://nc.lianjia.com/ershoufang/103134676733.html"
"112","2024-10-29 10:16:01","力高滨湖   精装中高楼层湖景房 拎包入住","130","11065","3室2厅","高楼层/共44层","南","平层/精装","117.49平米","板楼","力高滨湖国际","高新区","https://vrlab-image4.ljcdn.com/release/auto3dhd/f69f159de3b65445a513cb33c20f7490/screenshot/1670466639_5/pc0_8JPk4KYsx.jpg?imageMogr2/quality/70/thumbnail/1024x","https://nc.lianjia.com/ershoufang/103123521129.html"
"113","2024-10-29 10:16:04","大三房 精装修 中间楼层  业主急售 全天太阳 随时看房","59","6014","3室2厅","低楼层/共8层","南 北","平层/其他","98.11平米","板楼","洪都新村","青山湖区","https://vrlab-image4.ljcdn.com/release/screenshot/auto3d-8H70nwEPLTN5VziZJQbBuU/d49f79bb5263e90e30e723d138b04f80/1726386420_4/pc0_4U1fmDHFd.jpg?imageMogr2/quality/70/thumbnail/1024x","https://nc.lianjia.com/ershoufang/103135989665.html"
"114","2024-10-29 10:16:08","广阳湖路，寰宇万象湿地公园，香缇溪岸小区","80","7388","3室2厅","低楼层/共28层","南","平层/精装","108.29平米","板楼","香缇溪岸","青山湖区","https://vrlab-image4.ljcdn.com/release/auto3dhd/278bb7871692c5dad7dbbd2bb19c06b6/screenshot/1693363388_3/pc0_gIKy6P6MK.jpg?imageMogr2/quality/70/thumbnail/1024x","https://nc.lianjia.com/ershoufang/103127068703.html"
"115","2024-10-29 10:16:13","精装修三房，通透户型，楼层好，拎包入住，环境优美","52","5850","3室2厅","中楼层/共17层","南","平层/精装","88.89平米","板楼","万科璞悦里","湾里区","https://vrlab-image4.ljcdn.com/release/screenshot/auto3d-X_QBTxz1P5qaVDoVkwZln5/a8934b9060db1800034457c75990ec0a/1724054699_4/pc0_3beWktugd.jpg?imageMogr2/quality/70/thumbnail/1024x","https://nc.lianjia.com/ershoufang/103135311310.html"
"116","2024-10-29 10:16:16","精装带家具家电 实用面积大 户型方正光线好 楼层佳","23.8","4625","1室1厅","中楼层/共23层","南","平层/精装","51.46平米","塔楼","世纪风情一期","青山湖区","https://vrlab-image4.ljcdn.com/release/screenshot/auto3d-ePXW0F5TTgAOSiS61jfQDd/d7a87670c30fe4e9a3331bf5362ed99c/1719981959_1/pc0_6VivCZk3F.jpg?imageMogr2/quality/70/thumbnail/1024x","https://nc.lianjia.com/ershoufang/103133999860.html"
"117","2024-10-29 10:16:20","自住的装修 可直接拎包入住  户型通透  随时可看房","115","9803","4室2厅","中楼层/共32层","南 北","平层/精装","117.32平米","塔楼","保利东湾国际","高新区","https://vrlab-image4.ljcdn.com/release/screenshot/auto3d-e8FrQ_TPX65LA_2tXl8__B/3385e33bced77c344f00299e599cf179/1698887013_0/pc0_Ob2xdQut3.jpg?imageMogr2/quality/70/thumbnail/1024x","https://nc.lianjia.com/ershoufang/103129319875.html"
"118","2024-10-29 10:16:24","全款房，中高楼层，南北通透户型，诚心出售","88","9447","2室1厅","中楼层/共32层","南 北","平层/毛坯","93.16平米","板塔结合","路通沁园","高新区","https://vrlab-image4.ljcdn.com/release/auto3dhd/6c95ded479cfd51877562bfbe37f16b2/screenshot/1632557988_0/pc0_KKovOLPof.jpg?imageMogr2/quality/70/thumbnail/1024x","https://nc.lianjia.com/ershoufang/103125483464.html"
"119","2024-10-29 10:16:27","近江科 天虹 和一号线地铁 综合过得去","110","8229","3室1厅","高楼层/共15层","南 北","平层/简装","133.68平米","板塔结合","世纪风情一期","青山湖区","https://vrlab-image4.ljcdn.com/release/auto3dhd/b78214ae9570130554e85755db1651fc/screenshot/1636615116_0/pc0_DFGJXyHb0.jpg?imageMogr2/quality/70/thumbnail/1024x","https://nc.lianjia.com/ershoufang/103123400433.html"
"120","2024-10-29 10:16:31","百花洲三中中间楼层单价低户型方正","67.2","6000","3室2厅","中楼层/共6层","南","平层/简装","112平米","暂无数据","渊明北路","东湖区","https://vrlab-image4.ljcdn.com/release/screenshot/auto3d-0g3-lC4nUUaea-wesNwniI/bb7d81621164854ef17aedbba17f4052/1724824627_4/pc0_Mx3lnKj2x.jpg?imageMogr2/quality/70/thumbnail/1024x","https://nc.lianjia.com/ershoufang/103135493609.html"
"121","2024-10-29 10:16:36","中海物业，朝阳新城，视野采光好，诚心出售.","148","13605","3室2厅","高楼层/共31层","南","平层/精装","108.79平米","板楼","中海朝阳郡铂宫","西湖区","https://vrlab-image4.ljcdn.com/release/screenshot/auto3d-3AuHeCF3GLSNe-QEhCQI6N/72a4e4689d4851c52c98e76bcefbfd23/1724202233_7/pc0_Bg1PRjBOm.jpg?imageMogr2/quality/70/thumbnail/1024x","https://nc.lianjia.com/ershoufang/103135300061.html"
"122","2024-10-29 10:16:40","碧桂园中江温泉城A区 3室2厅 南","96","9987","3室2厅","中楼层/共30层","南","平层/精装","96.13平米","板楼","碧桂园中江温泉城A区","红谷滩","https://vrlab-image4.ljcdn.com/release/screenshot/auto3d-9CDST7JJsP3-YbxIVYSC17/486a844d1ec5fe8fd14dd34de70f5dfb/1716004399_2/pc0_hbaDyCtmB.jpg?imageMogr2/quality/70/thumbnail/1024x","https://nc.lianjia.com/ershoufang/103133082329.html"
"123","2024-10-29 10:16:43","精装修 保养新 诚心卖 采光通风好","99","10650","3室2厅","高楼层/共33层","南 东南","平层/精装","92.96平米","板楼","绿都悦府","高新区","https://vrlab-image4.ljcdn.com/release/auto3dhd/b96590a7accaa9e20dcaf8edbb978ef3/screenshot/1668910806_0/pc0_MhqnTMqhK.jpg?imageMogr2/quality/70/thumbnail/1024x","https://nc.lianjia.com/ershoufang/103123385771.html"
"124","2024-10-29 10:16:48","此房采光好视野好，南北通，户型正气，近地铁生活便利","160","12850","3室2厅","中楼层/共27层","南","平层/精装","124.52平米","塔楼","恒大名都","高新区","https://vrlab-image4.ljcdn.com/release/screenshot/auto3d-6VuZe0TDlY20A8kN4Qej5G/2c1ecb4b06e78d0c4395701d8bde44e9/1698220898_0/pc0_EmtYDLLhu.jpg?imageMogr2/quality/70/thumbnail/1024x","https://nc.lianjia.com/ershoufang/103129407257.html"
"125","2024-10-29 10:16:50","户型端正，中间楼层，光线充足，邻旺中旺，出入方便。","75","6964","3室2厅","低楼层/共10层","南","平层/精装","107.7平米","板楼","江西奥林匹克花园","南昌县","https://vrlab-image4.ljcdn.com/release/screenshot/auto3d-o_IGX19i2nF3xufHeW4vqg/5a6428b754b1319706896738b2965427/1698204915_0/pc0_hhjE9urmm.jpg?imageMogr2/quality/70/thumbnail/1024x","https://nc.lianjia.com/ershoufang/103129391778.html"
"126","2024-10-29 10:16:54","师大老师单位福利房 带精装含车位 文化氛围厚重","160","14160","3室2厅","低楼层/共20层","南 北","平层/精装","113平米","板楼","书香瑶庭","高新区","https://vrlab-image4.ljcdn.com/release/auto3dhd/129adb653dc7e6f8359ddb8671398e6b/screenshot/1686977022_0/pc0_VA2944G9T.jpg?imageMogr2/quality/70/thumbnail/1024x","https://nc.lianjia.com/ershoufang/103125073775.html"
"127","2024-10-29 10:16:58","房东急 售 价钱可谈 外国语旁中层三房","56","6458","3室2厅","中楼层/共6层","南","平层/简装","86.72平米","暂无数据","工贸一村","西湖区","https://vrlab-image4.ljcdn.com/release/screenshot/auto3d-p1xkr7wGOxgjjpbp5EuL2c/eaf68df846fd2de81105b576333205b8/1721440207_2/pc0_vOSI7zN0x.jpg?imageMogr2/quality/70/thumbnail/1024x","https://nc.lianjia.com/ershoufang/103126100766.html"
"128","2024-10-29 10:17:02","精装修三房两卫，中间楼层采光无挡","118","11750","3室2厅","中楼层/共33层","南","平层/精装","100.43平米","板楼","新旅明樾台","红谷滩","https://vrlab-image4.ljcdn.com/release/screenshot/auto3d-vwuR7l9XzTnOgKsJlViAA7/1ef5665cddd8804db43ef06e96215753/1717318092_0/pc0_QfdoxsZ3z.jpg?imageMogr2/quality/70/thumbnail/1024x","https://nc.lianjia.com/ershoufang/103133569368.html"
"129","2024-10-29 10:17:04","紫金城，锦苑春天旁，红原星城次新小区","65","7004","2室2厅","低楼层/共6层","东南","平层/精装","92.81平米","板楼","红原星城","东湖区","https://vrlab-image4.ljcdn.com/release/auto3dhd/f2cf46c384242f92983c02354343faaa/screenshot/1591781339_7/pc0_Gij8cUdpN.jpg?imageMogr2/quality/70/thumbnail/1024x","https://nc.lianjia.com/ershoufang/103106633544.html"
"130","2024-10-29 10:17:07","精装修三房两卫 坐等五号线 背靠湿地公园","72","6433","3室1厅","中楼层/共11层","南","平层/精装","111.94平米","板楼","象湖里九里象湖城","南昌县","https://vrlab-image4.ljcdn.com/release/screenshot/auto3d-iauzIS9gWX5xR1gVef_h5q/ceafa9862d48bd97695b53728ef7d8f4/1723793349_0/pc0_eUwj9QJ2M.jpg?imageMogr2/quality/70/thumbnail/1024x","https://nc.lianjia.com/ershoufang/103135273364.html"
"131","2024-10-29 10:17:11","精装，套内面积125平，通透户型，好楼层，采光充足","70","6905","3室2厅","中楼层/共11层","南","平层/精装","101.39平米","暂无数据","保利半山国际檀香湾畔","湾里区","https://vrlab-image4.ljcdn.com/release/screenshot/auto3d-1LnJ1aOTPBvtkY0sWRQY6W/d006ca93c43296e03fe8c91fb3625a5c/1729397191_14/pc0_1tenqJf3a.jpg?imageMogr2/quality/70/thumbnail/1024x","https://nc.lianjia.com/ershoufang/103130806757.html"
"132","2024-10-29 10:17:16","恒大御景南区！东端户！南面洋房！随时看房。","170","15316","3室2厅","低楼层/共25层","南 北","平层/精装","111平米","板楼","恒大御景","高新区","https://vrlab-image4.ljcdn.com/release/screenshot/auto3d-ptmskuuWG_cXxToEhFEDLE/7ca24b23b25d838f2975f77d64b676b0/1711007448_0/pc0_n7qZKlzaO.jpg?imageMogr2/quality/70/thumbnail/1024x","https://nc.lianjia.com/ershoufang/103130077138.html"
"133","2024-10-29 10:17:17","人车分流小区，新力物业，前面客看湖景","78","8638","3室2厅","低楼层/共32层","南","平层/精装","90.3平米","板楼","新力金沙湾","南昌县","https://vrlab-image4.ljcdn.com/release/screenshot/auto3d-NDm_ODqyXHSW2en9XIh8gZ/0f0c2c05f8f5c36739559aa85849bb54/1723959705_4/pc0_sKPO6qWjT.jpg?imageMogr2/quality/70/thumbnail/1024x","https://nc.lianjia.com/ershoufang/103135343021.html"
"134","2024-10-29 10:17:22","精装自住 南北通透两房 无遮挡阳光好 配套齐全 诚心出","110","12136","2室2厅","中楼层/共18层","南 北","平层/精装","90.64平米","板塔结合","商城世纪村","红谷滩","https://vrlab-image4.ljcdn.com/release/screenshot/auto3d-pjfoL9kyEdSF4aQvhSzYMj/348b661a53a154476cb5ece5e7c171f2/1721281626_0/pc0_Pl6eIkMhA.jpg?imageMogr2/quality/70/thumbnail/1024x","https://nc.lianjia.com/ershoufang/103134497535.html"
"135","2024-10-29 10:17:24","花园洋房，顶楼复式，通透户型，车位另算","175","8824","5室3厅","高楼层/共6层","南","复式/精装","198.34平米","板楼","红谷春天花园","红谷滩","https://vrlab-image4.ljcdn.com/release/screenshot/auto3d-8y8yzSiip3GMVzkHaKHhNS/9f9a3273fb45c99f17cc74636bf8ea4e/1708753370_0/pc0_DLHSmh6Y3.jpg?imageMogr2/quality/70/thumbnail/1024x","https://nc.lianjia.com/ershoufang/103131182530.html"
"136","2024-10-29 10:17:28","出门地铁口 西站旁 总价低 房东诚心出售","92","10676","3室2厅","高楼层/共32层","南","平层/毛坯","86.18平米","板塔结合","力高御景天城","红谷滩","https://vrlab-image4.ljcdn.com/release/screenshot/auto3d-wp3mhnshe0ce9lkcsJzdQK/20ad43ecec912ce5833ca70ed36ea549/1711776941_0/pc0_Qhc45YDgZ.jpg?imageMogr2/quality/70/thumbnail/1024x","https://nc.lianjia.com/ershoufang/103131313910.html"
"137","2024-10-29 10:17:31","近艾溪湖，地铁4号线，精装房，房东诚心出售","148","12548","3室2厅","低楼层/共30层","南","平层/精装","117.95平米","暂无数据","力高雍湖国际","高新区","https://vrlab-image4.ljcdn.com/release/screenshot/auto3d-B0Q-GBwSXHGhf8CsGn_Ql1/7fb31443831be0bd932fc538850d7968/1715915619_0/pc0_cgm3guNLT.jpg?imageMogr2/quality/70/thumbnail/1024x","https://nc.lianjia.com/ershoufang/103131862335.html"
"138","2024-10-29 10:17:35","联泰香域滨江 江景毛坯2房 楼层好 江景视野 全天太阳","130","14492","2室2厅","高楼层/共18层","南 北","平层/毛坯","89.71平米","板塔结合","联泰香域滨江","红谷滩","https://vrlab-image4.ljcdn.com/release/screenshot/auto3d-PuhOmHb1QrCOv0sfEIkNSm/ca50613e17e20c9718f8463d0824a5a8/1710918559_0/pc0_dyQmjZQFs.jpg?imageMogr2/quality/70/thumbnail/1024x","https://nc.lianjia.com/ershoufang/103131915818.html"
"139","2024-10-29 10:17:37","配套齐全，户型方正，交通便利，采光充足","70","7840","3室2厅","中楼层/共24层","南","平层/简装","89.29平米","板楼","象湖威尼斯","青云谱区","https://vrlab-image4.ljcdn.com/release/screenshot/auto3d-tDJ0Oj2iZpBijYlq10ZB-o/cd27bf720cb061fef61551386593050d/1725767317_5/pc0_UcvlceBsr.jpg?imageMogr2/quality/70/thumbnail/1024x","https://nc.lianjia.com/ershoufang/103135742158.html"
"140","2024-10-29 10:17:42","电梯小高层，一梯两户，通透户型","128","14467","2室2厅","中楼层/共11层","南 北","平层/其他","88.48平米","板楼","红谷春天花园","红谷滩","https://vrlab-image4.ljcdn.com/release/screenshot/auto3d-xMG2s6Xd85g0PKiAJRuT9h/4b8ac4ac76ea88612fb256b341d3e05c/1729050503_0/pc0_AyNL0AjNo.jpg?imageMogr2/quality/70/thumbnail/1024x","https://nc.lianjia.com/ershoufang/103136687097.html"
"141","2024-10-29 10:17:46","房子位置好，南北通风格局，采光充足，配套设施齐全","65","9779","2室1厅","中楼层/共6层","南 北","平层/精装","66.47平米","板楼","南昌大学北区家属宿舍","青山湖区","https://vrlab-image4.ljcdn.com/release/screenshot/auto3d-kiVgGdlo96YFSLpA2tPXV9/e3faa217d6ae24902a1c67dd8ecea1c8/1711761622_4/pc0_3HBadPfQP.jpg?imageMogr2/quality/70/thumbnail/1024x","https://nc.lianjia.com/ershoufang/103132038376.html"
"142","2024-10-29 10:17:50","众森一品  一梯一户 中间楼层 环境好 不临街 人车分流","150","13002","3室2厅","中楼层/共17层","南 北","平层/毛坯","115.37平米","塔楼","众森红谷一品","经开区","https://vrlab-image4.ljcdn.com/release/screenshot/auto3d-yGjt0RunoeVJvp0ETFs265/98b5de7d2d16f1fd91a751e0155aca4e/1698547017_0/pc0_qb3xYppz2.jpg?imageMogr2/quality/70/thumbnail/1024x","https://nc.lianjia.com/ershoufang/103129195216.html"
"143","2024-10-29 10:17:53","莲塘酒厂房子出售，有钥匙可以看房","38","5325","2室2厅","低楼层/共7层","南","平层/其他","71.37平米","板楼","莲塘酒厂","南昌县","https://vrlab-image4.ljcdn.com/release/screenshot/auto3d-so0roM2ZklV-Mf-a8UAWp_/eada1644a08336b89d9d1d921c27efcd/1728438235_0/pc0_qTPH8x0Ay.jpg?imageMogr2/quality/70/thumbnail/1024x","https://nc.lianjia.com/ershoufang/103136425059.html"
"144","2024-10-29 10:17:57","小区中间位置，新建城通透端户，好楼层，光线好。","53.5","4968","3室2厅","高楼层/共28层","南","平层/毛坯","107.71平米","板楼","通源新建城B2","新建区","https://vrlab-image4.ljcdn.com/release/auto3dhd/8dc0fcfca4a45e1016b1b0423d491fec/screenshot/1676963077_3/pc0_CpO8H0vQm.jpg?imageMogr2/quality/70/thumbnail/1024x","https://nc.lianjia.com/ershoufang/103136450729.html"
"145","2024-10-29 10:18:01","小区前排 视野无挡 一梯一户大平面","172","9966","4室2厅","高楼层/共30层","南 北","平层/精装","172.59平米","板楼","绿地新都会","高新区","https://vrlab-image4.ljcdn.com/release/screenshot/auto3d-3NnoPoSQQauLyPbLhAFmAW/77b5e00698aa713a4afed224295982e6/1695276325_0/pc0_lX8mfS0sR.jpg?imageMogr2/quality/70/thumbnail/1024x","https://nc.lianjia.com/ershoufang/103115474097.html"
"146","2024-10-29 10:18:05","凤鸣苑 大3房  学QU可用 价格可谈 户型方正 楼层好","230","16215","3室2厅","中楼层/共32层","南 北","平层/简装","141.85平米","板塔结合","凤凰城凤鸣苑","红谷滩","https://vrlab-image4.ljcdn.com/release/auto3dhd/0863873ac88f11c3d504162822f8abf2/screenshot/1607853317_7/pc0_stT2jkWnM.jpg?imageMogr2/quality/70/thumbnail/1024x","https://nc.lianjia.com/ershoufang/103111573102.html"
"147","2024-10-29 10:18:09","胜利路 3室1厅 南 北","110","6631","3室1厅","高楼层/共13层","南 北","平层/简装","165.9平米","板塔结合","胜利路","东湖区","https://vrlab-image4.ljcdn.com/release/auto3dhd/94789eac56541a953ec76457f27e8d11/screenshot/1649573023_0/pc0_A1vnbAKMm.jpg?imageMogr2/quality/70/thumbnail/1024x","https://nc.lianjia.com/ershoufang/103136622495.html"
"148","2024-10-29 10:18:13","自住装修 路通端户大三房南北双阳台通透户型","125","9829","3室2厅","低楼层/共33层","南","平层/精装","127.18平米","板塔结合","路通沁园","高新区","https://vrlab-image4.ljcdn.com/release/auto3dhd/dfe8c9d6229466d997eb56278e08d302/screenshot/1682735356_14/pc0_Ote4OgsEy.jpg?imageMogr2/quality/70/thumbnail/1024x","https://nc.lianjia.com/ershoufang/103125450753.html"
"149","2024-10-29 10:18:17","东端户江景房无遮挡 楼下公园 好房子","192","14422","3室2厅","高楼层/共32层","南","平层/毛坯","133.13平米","板楼","海珀九龙芙蓉","红谷滩","https://vrlab-image4.ljcdn.com/release/auto3dhd/23e672c600247a4fe59ca36fe14df98a/screenshot/1682388705_2/pc0_QjNwcbYv2.jpg?imageMogr2/quality/70/thumbnail/1024x","https://nc.lianjia.com/ershoufang/103134355252.html"
"150","2024-10-29 10:18:19","好楼层，一梯一户，端户，房东诚售，通透户型","105","7343","4室2厅","中楼层/共18层","南","平层/精装","143平米","板楼","恒茂未来都会二期","湾里区","https://vrlab-image4.ljcdn.com/release/screenshot/auto3d-XvMpQOs1oG765yph7Db-t4/2373d6b73191885a751de4626f06ac56/1726630401_0/pc0_Uxdpqmfpb.jpg?imageMogr2/quality/70/thumbnail/1024x","https://nc.lianjia.com/ershoufang/103135954955.html"
"151","2024-10-29 10:30:16","万象公园  水榭尚都通透四房  高得房率。。","96","7737","4室2厅","低楼层/共17层","南 北","平层/精装","124.08平米","板楼","天使水榭尚都","青山湖区","https://vrlab-image4.ljcdn.com/release/screenshot/auto3d-efhZ4Uc_gTsBGfVMdL9K_y/f07685ca13fcb31b28618f8023aac244/1726801306_0/pc0_3Y8TqJE8L.jpg?imageMogr2/quality/70/thumbnail/1024x","https://nc.lianjia.com/ershoufang/103136072367.html"
"152","2024-10-29 10:30:20","华侨城万科云域 3室2厅 南","189","17851","3室2厅","中楼层/共26层","南","平层/精装","105.88平米","板楼","华侨城万科云域","西湖区","https://vrlab-image4.ljcdn.com/release/screenshot/auto3d-HVR2QxXeXnlF-5cmkbe8UC/7265e64b068403313036a54a41dac756/1722063891_0/pc0_amtZJjUBK.jpg?imageMogr2/quality/70/thumbnail/1024x","https://nc.lianjia.com/ershoufang/103131762691.html"
"153","2024-10-29 10:30:24","交通便利，自住装修，小区管理严谨，干净整洁","88","9575","3室2厅","中楼层/共33层","南","平层/精装","91.91平米","板楼","绿都悦府","高新区","https://vrlab-image4.ljcdn.com/release/screenshot/auto3d-gjpPocSO1Sz7--Hn0UY3tY/18ab0e759959ef5656ca477d9cb38f3e/1713507675_0/pc0_uNzoKtHTC.jpg?imageMogr2/quality/70/thumbnail/1024x","https://nc.lianjia.com/ershoufang/103131531822.html"
"154","2024-10-29 10:30:28","梵顿香榭丽舍通透三房楼层采光好","242","18056","3室2厅","高楼层/共21层","东南","平层/精装","134.03平米","板楼","新里梵顿公馆香榭丽舍区","红谷滩","https://vrlab-image4.ljcdn.com/release/screenshot/auto3d-A9cHm75bIKnu9VtqZXj8c6/b822ab4e11b28c8ae055af66d3a74e46/1711179204_4/pc0_v9wrRq1Ev.jpg?imageMogr2/quality/70/thumbnail/1024x","https://nc.lianjia.com/ershoufang/103130236950.html"
"155","2024-10-29 10:30:32","新力上园 3室2厅 南","100","8372","3室2厅","高楼层/共33层","南","平层/精装","119.46平米","板楼","新力上园","南昌县","https://vrlab-image4.ljcdn.com/release/screenshot/auto3d-Aul5MS55B0n-BR1Jg9KFWb/1bd226e1da8c75f697a79138266de0cc/1709106560_0/pc0_KnTfrjoxA.jpg?imageMogr2/quality/70/thumbnail/1024x","https://nc.lianjia.com/ershoufang/103130643227.html"
"156","2024-10-29 10:30:37","通透三房，明厨明卫，视野采光好","210","19923","3室2厅","低楼层/共32层","东南","平层/精装","105.41平米","平房","华侨城万科云峰","西湖区","https://vrlab-image4.ljcdn.com/release/screenshot/auto3d-Tr-AeGCcZoJ4aRPgmsKcb4/28817159f924176ee1ee34977f0902e2/1698556390_4/pc0_tsOdPOC1j.jpg?imageMogr2/quality/70/thumbnail/1024x","https://nc.lianjia.com/ershoufang/103129507981.html"
"157","2024-10-29 10:30:40","湖边资源，通透两房东端户，安静空气好采光好","109","11104","2室2厅","中楼层/共12层","南","平层/简装","98.17平米","板塔结合","凯美怡和","高新区","https://vrlab-image4.ljcdn.com/release/screenshot/auto3d-LJAPqW8cctVCrkq-mYLx_q/55877d02c659ab26195a989f42f53da3/1721956112_0/pc0_SVMI4Kpci.jpg?imageMogr2/quality/70/thumbnail/1024x","https://nc.lianjia.com/ershoufang/103134577328.html"
"158","2024-10-29 10:30:43","店长推荐 翠苑路 天虹旁 户型方正大三房","140","10576","3室2厅","低楼层/共30层","南 北","平层/简装","132.38平米","塔楼","西雅图国际会馆","红谷滩","https://vrlab-image4.ljcdn.com/release/screenshot/auto3d-eDKQHY8xqcRIGnTlae7N-a/900cff3ad06a561caf0353144b982a70/1710901103_0/pc0_g9xHYhWst.jpg?imageMogr2/quality/70/thumbnail/1024x","https://nc.lianjia.com/ershoufang/103131722605.html"
"159","2024-10-29 10:30:47","地铁4号线、高品质物业，新洪大市场旁、成熟配套","78","7859","3室2厅","高楼层/共24层","南 北","平层/精装","99.25平米","板楼","凯宇海德公园","南昌县","https://vrlab-image4.ljcdn.com/release/screenshot/auto3d-v02m9J3ylSvBd3gFXfCStP/ab9927bb763bd660ee50a3086cffc835/1703123392_3/pc0_oBW6FBS4q.jpg?imageMogr2/quality/70/thumbnail/1024x","https://nc.lianjia.com/ershoufang/103130303169.html"
"160","2024-10-29 10:30:50","华侨城万科精妆三房两卫站小外国语","170","17126","3室2厅","低楼层/共32层","东南","平层/精装","99.27平米","板楼","华侨城万科云峰","西湖区","https://vrlab-image4.ljcdn.com/release/screenshot/auto3d-ESIaGJr6U6pYyFlqFhLgjw/0aa16848e8f1a07896b0a94c4610d4f5/1699062421_3/pc0_nbI16K05z.jpg?imageMogr2/quality/70/thumbnail/1024x","https://nc.lianjia.com/ershoufang/103129509768.html"
"161","2024-10-29 10:30:54","南师和二十八，精装大四房，拎包即可入住","150","9054","4室2厅","低楼层/共7层","南","平层/简装","165.68平米","板楼","苏圃路","东湖区","https://vrlab-image4.ljcdn.com/release/screenshot/auto3d-8r9PIUsVHGGWtaeFqX0KnL/77d2e1b375c43a4600d99d19154c7a1e/1723880245_10/pc0_2KB26YO3O.jpg?imageMogr2/quality/70/thumbnail/1024x","https://nc.lianjia.com/ershoufang/103135182161.html"
"162","2024-10-29 10:30:56","业主急售，高楼层，视野开阔，寻找有缘人","159","11618","4室2厅","高楼层/共18层","南 北","平层/精装","136.86平米","板塔结合","万达星城西区","红谷滩","https://vrlab-image4.ljcdn.com/release/screenshot/auto3d-ZfQ3b4UVO0oMbG3H4JwEF6/438eab8c6351f874248f2911c2ae16e3/1720930376_0/pc0_lrytW8hdv.jpg?imageMogr2/quality/70/thumbnail/1024x","https://nc.lianjia.com/ershoufang/103120888229.html"
"163","2024-10-29 10:31:00","网红紫荆夜市旁金桥慧景精装三房,带车位，诚心出售！","72","5609","3室2厅","低楼层/共11层","南","平层/简装","128.38平米","板楼","金桥慧景","经开区","https://vrlab-image4.ljcdn.com/release/screenshot/auto3d-w2Oab-WjM5is4xmJTc_Bva/1ad4e1b335be0d93abe55ba613f05030/1701912976_0/pc0_mVWlALvjo.jpg?imageMogr2/quality/70/thumbnail/1024x","https://nc.lianjia.com/ershoufang/103126377973.html"
"164","2024-10-29 10:31:03","新上房源，全款房，带车位，诚心出售","90","8599","3室2厅","中楼层/共34层","南","平层/精装","104.67平米","板楼","新力禧园","红谷滩","https://vrlab-image4.ljcdn.com/release/screenshot/auto3d-CvNhBv3frJwiyaGN4xfJAa/6ae494551d749b7a73ef884be1eb6fac/1717299097_4/pc0_4SAJLvgLU.jpg?imageMogr2/quality/70/thumbnail/1024x","https://nc.lianjia.com/ershoufang/103133563884.html"
"165","2024-10-29 10:31:07","通透四房，好楼层，采光好，户型方正","92","7353","4室2厅","低楼层/共8层","南 北","平层/简装","125.12平米","板楼","千禧颐河园","西湖区","https://vrlab-image4.ljcdn.com/release/screenshot/auto3d-GGA59tQP3R3y44K8vrr-Ca/8daf602a18b0159d5cd459457ba76249/1718697491_4/pc0_M7dRIXi1v.jpg?imageMogr2/quality/70/thumbnail/1024x","https://nc.lianjia.com/ershoufang/103133902494.html"
"166","2024-10-29 10:31:11","香榭高楼层东端户，通透毛坯通透三房","199","18005","3室2厅","高楼层/共30层","南 北","平层/毛坯","110.53平米","板塔结合","中央香榭","红谷滩","https://vrlab-image4.ljcdn.com/release/auto3dhd/01c2512dccd070565402ae8fff2487fd/screenshot/1623123287_0/pc0_ObhRJq7JB.jpg?imageMogr2/quality/70/thumbnail/1024x","https://nc.lianjia.com/ershoufang/103110663050.html"
"167","2024-10-29 10:31:15","楼层好 视野广 前面无挡 位置好","61","5516","3室1厅","低楼层/共32层","北","平层/简装","110.6平米","板楼","恒大城","南昌县","https://vrlab-image4.ljcdn.com/release/auto3dhd/81138ba9a6bcb5d5527e6f713d34bd6c/screenshot/1605411971_0/pc0_s1XhPfixB.jpg?imageMogr2/quality/70/thumbnail/1024x","https://nc.lianjia.com/ershoufang/103128138361.html"
"168","2024-10-29 10:31:20","中海锦城旁两房，业主诚心出售。。。。。。","34","4756","2室2厅","高楼层/共6层","南 北","平层/毛坯","71.5平米","板楼","青岚嘉园","经开区","https://vrlab-image4.ljcdn.com/release/auto3dhd/a1fa4f52f0aace0ac17bd091db486b8c/screenshot/1646815451_5/pc0_53LyhxC9h.jpg?imageMogr2/quality/70/thumbnail/1024x","https://nc.lianjia.com/ershoufang/103122220393.html"
"169","2024-10-29 10:31:22","次新小区  正规三房 人车分流 近地铁 近新洪大","55.8","6330","3室2厅","低楼层/共28层","南 北","平层/毛坯","88.16平米","板楼","澜湖御景","南昌县","https://vrlab-image4.ljcdn.com/release/auto3dhd/0c049365870055db663c579791f0560f/screenshot/1608712102_3/pc0_GYFZDGSRO.jpg?imageMogr2/quality/70/thumbnail/1024x","https://nc.lianjia.com/ershoufang/103136758248.html"
"170","2024-10-29 10:31:26","江景房 可看烟花 精装修 拎包入住","40","8829","1室1厅","中楼层/共12层","南","精装","45.31平米","板塔结合","新力外滩9号","红谷滩","https://vrlab-image4.ljcdn.com/release/screenshot/auto3d-v6ptrZMtitTVS279LxH10_/695eaf87fbb938e166b64b96857276f2/1723611666_2/pc0_RdZNhp8ZD.jpg?imageMogr2/quality/70/thumbnail/1024x","https://nc.lianjia.com/ershoufang/103135172531.html"
"171","2024-10-29 10:31:29","顺外路地铁口东方塞纳复式带露台环境优美","85","8313","3室2厅","高楼层/共6层","南 北","跃层/精装","102.25平米","板楼","东方塞纳","青山湖区","https://vrlab-image4.ljcdn.com/release/screenshot/auto3d-b3BtqtSeQ6aEhvHpMy-8LL/7190f1a33b9146e05b6f0da806863b29/1710317999_13/pc0_P7UqUyJCo.jpg?imageMogr2/quality/70/thumbnail/1024x","https://nc.lianjia.com/ershoufang/103131658898.html"
"172","2024-10-29 10:31:33","楼下就是公园，房子价格低有太阳","24","4335","2室1厅","中楼层/共8层","南","平层/简装","55.37平米","暂无数据","孺子路","西湖区","https://vrlab-image4.ljcdn.com/release/screenshot/auto3d-R2gG1q8OIrW7qRdtE6XpJ7/726ff9f3139981cf279330c5c882c3f6/1722566410_0/pc0_0ee0Uptib.jpg?imageMogr2/quality/70/thumbnail/1024x","https://nc.lianjia.com/ershoufang/103134996477.html"
"173","2024-10-29 10:31:38","联泰香域滨江江边四房，拎包入住","249","16281","4室2厅","低楼层/共18层","南","平层/精装","152.94平米","板塔结合","联泰香域滨江","红谷滩","https://vrlab-image4.ljcdn.com/release/screenshot/auto3d-DEAKj2rpylROzDpCb7TIxY/7fd6192a868076d279d0d2cdb3bc2546/1720234990_0/pc0_Pq00MHvqv.jpg?imageMogr2/quality/70/thumbnail/1024x","https://nc.lianjia.com/ershoufang/103134273445.html"
"174","2024-10-29 10:31:42","隆兴民居花园小区  楼层好 太阳好 小区中间位置","58","7050","2室1厅","低楼层/共6层","南","平层/精装","82.28平米","塔楼","隆兴民居","东湖区","https://vrlab-image4.ljcdn.com/release/screenshot/auto3d-kwleM_SYdmZA9sNJ5aHYU-/a37728f93492c28f7377bfdcd96af2c8/1708569128_5/pc0_VsSdr0TW2.jpg?imageMogr2/quality/70/thumbnail/1024x","https://nc.lianjia.com/ershoufang/103130125924.html"
"175","2024-10-29 10:31:44","瑶湖师大 团购房 精装带车位 带空调","143","13893","3室2厅","高楼层/共27层","南 北","平层/精装","102.93平米","暂无数据","书香瑶庭","高新区","https://vrlab-image4.ljcdn.com/release/screenshot/auto3d-xpNvvWZKS4I309kUipnJii/e122c0eaa09380ef54e89a4ce86abc44/1697677600_0/pc0_Y4e2y48L9.jpg?imageMogr2/quality/70/thumbnail/1024x","https://nc.lianjia.com/ershoufang/103129134392.html"
"176","2024-10-29 10:31:47","红角洲地铁口旁，紫金园通透精装大三房，有电梯，急售","160","11592","3室2厅","中楼层/共11层","南 北","平层/简装","138.03平米","塔楼","紫金园西区","红谷滩","https://vrlab-image4.ljcdn.com/release/screenshot/auto3d-GgwlcSviCMHuU0_npsHHXE/137e2bf1c9fbfce3d7f425288265acc2/1722997480_4/pc0_JHFRHezw0.jpg?imageMogr2/quality/70/thumbnail/1024x","https://nc.lianjia.com/ershoufang/103134007191.html"
"177","2024-10-29 10:31:50","金投铂翠中央 3室2厅 南","148","13788","3室2厅","高楼层/共32层","南","平层/精装","107.34平米","板楼","金投铂翠中央","东湖区","https://vrlab-image4.ljcdn.com/release/screenshot/auto3d-NCXRtai_udqVZ0hWi3Mr-l/db1410c5f50eb5ed9c2ccf73fe980ecf/1718852870_1/pc0_aMyHNkMf0.jpg?imageMogr2/quality/70/thumbnail/1024x","https://nc.lianjia.com/ershoufang/103133892980.html"
"178","2024-10-29 10:31:54","居住主题公园 精装两居室 通透格局 采光好 端户","49.9","5607","2室2厅","中楼层/共18层","南 北","平层/精装","89平米","板楼","居住主题公园-枫林美庐","南昌县","https://vrlab-image4.ljcdn.com/release/screenshot/auto3d-EdnCyoX7CmlXcNgXIV33mU/6837832266bc4b7f5d987d218fa6f39b/1727248570_8/pc0_cz83NEgl3.jpg?imageMogr2/quality/70/thumbnail/1024x","https://nc.lianjia.com/ershoufang/103136234918.html"
"179","2024-10-29 10:31:58","君领精装三房，拎包入住，好楼栋好楼层","150","13857","3室2厅","高楼层/共33层","南","平层/简装","108.25平米","板楼","联发君领朝阳","西湖区","https://vrlab-image4.ljcdn.com/release/auto3dhd/0d1f72cdc1507239a6e1d704550b4e9d/screenshot/1692263168_3/pc0_kOcz8taZD.jpg?imageMogr2/quality/70/thumbnail/1024x","https://nc.lianjia.com/ershoufang/103135970956.html"
"180","2024-10-29 10:32:02","地铁口精装修两房，全屋品牌家电，南面采光视野无挡","82","9475","2室2厅","低楼层/共30层","南","平层/精装","86.55平米","板楼","绿地新都会","高新区","https://vrlab-image4.ljcdn.com/release/auto3dhd/d5f8e083b7a572ee3b6f6af610d96a9a/screenshot/1667030143_0/pc0_GPVroslu9.jpg?imageMogr2/quality/70/thumbnail/1024x","https://nc.lianjia.com/ershoufang/103122900826.html"
"181","2024-10-29 10:32:06","小面积电梯三房地铁口配套齐全随时可看","55","7647","3室1厅","高楼层/共14层","南","平层/简装","71.93平米","暂无数据","彭子江花园","青山湖区","https://vrlab-image4.ljcdn.com/release/screenshot/auto3d-T4OhvojI_sKXUgvT7Ck24f/371022c7f5e412f44d77eb9ad1abd894/1720774727_7/pc0_R751DYtgO.jpg?imageMogr2/quality/70/thumbnail/1024x","https://nc.lianjia.com/ershoufang/103134094841.html"
"182","2024-10-29 10:32:10","小区环境优美，交通便利，纯电梯洋房，高得房率..","73","7995","3室2厅","低楼层/共29层","南","平层/精装","91.31平米","板楼","金科集美阳光","经开区","https://vrlab-image4.ljcdn.com/release/screenshot/auto3d-SXijRibZyJGTAbDoK3W0nV/2699f47e7d35f75157318c8f743e4ec7/1724288023_0/pc0_SdoiJVi3D.jpg?imageMogr2/quality/70/thumbnail/1024x","https://nc.lianjia.com/ershoufang/103135372365.html"
"183","2024-10-29 10:32:14","朝阳新城万科金域蓝湾奢华尊贵  品质大宅 一线江景房","230","16317","3室1厅","高楼层/共33层","西","平层/毛坯","140.96平米","塔楼","万科金域蓝湾","西湖区","https://vrlab-image4.ljcdn.com/release/auto3dhd/f9181d82d158180863f355c4982a63da/screenshot/1660040592_2/pc0_sPWiuHTBY.jpg?imageMogr2/quality/70/thumbnail/1024x","https://nc.lianjia.com/ershoufang/103120771303.html"
"184","2024-10-29 10:32:18","绿都丹石街区 2室2厅 南","43","5446","2室2厅","低楼层/共18层","南","平层/精装","78.97平米","板楼","绿都丹石街区","青山湖区","https://vrlab-image4.ljcdn.com/release/screenshot/auto3d-VUZdLHHD1zQ9xE2zTw8J5E/d8f267b31ef9f836dedbc8271aaf11df/1722734908_8/pc0_zBeKRJsYv.jpg?imageMogr2/quality/70/thumbnail/1024x","https://nc.lianjia.com/ershoufang/103134971830.html"
"185","2024-10-29 10:32:22","博鸿装修三房好楼层 前排视野开阔 全天日照","98","9822","3室1厅","中楼层/共32层","南","平层/简装","99.78平米","板楼","绿地国际博览城二期博鸿","红谷滩","https://vrlab-image4.ljcdn.com/release/screenshot/auto3d-Tbsd2R5Lwm9JmBIE3_kCQX/ae4e3b14e8b4b653225bb922a148ce53/1716096378_3/pc0_QOVVwNtu5.jpg?imageMogr2/quality/70/thumbnail/1024x","https://nc.lianjia.com/ershoufang/103136065563.html"
"186","2024-10-29 10:32:24","洪都北大道力高澜湖小区精装2房户型方正太阳好","86","11216","2室2厅","中楼层/共33层","南","平层/精装","76.68平米","板楼","力高澜湖小区","东湖区","https://vrlab-image4.ljcdn.com/release/screenshot/auto3d-My1NmMgEgOMZe-XIlHH1ru/162ba23da4aaf3622220ed48f0d47025/1724397230_9/pc0_pcq12UVLx.jpg?imageMogr2/quality/70/thumbnail/1024x","https://nc.lianjia.com/ershoufang/103135465095.html"
"187","2024-10-29 10:32:27","安静无噪音，自住装修，看房方便","99","12299","2室1厅","高楼层/共24层","南","平层/精装","80.5平米","板楼","盛世经典","红谷滩","https://vrlab-image4.ljcdn.com/release/auto3dhd/e0d00bf1de4257ec78d48049a9b220c4/screenshot/1693364905_0/pc0_5GhjZxUSy.jpg?imageMogr2/quality/70/thumbnail/1024x","https://nc.lianjia.com/ershoufang/103127250350.html"
"188","2024-10-29 10:32:31","复式楼 得两层 3房 总价低 住宅 有天然气","43","7526","3室2厅","中楼层/共11层","东南","复式/精装","57.14平米","板楼","幸福时光二期","南昌县","https://vrlab-image4.ljcdn.com/release/screenshot/auto3d-M_rUmyYC_HdaMTsMRB2_gA/7ed5dff72d37cc2d1b894d107840af01/1712302317_5/pc0_hoYFQezZD.jpg?imageMogr2/quality/70/thumbnail/1024x","https://nc.lianjia.com/ershoufang/103132036567.html"
"189","2024-10-29 10:32:35","房子满五年 装修清爽 拎包入住 随时可以看房","150","12399","3室2厅","低楼层/共7层","南 北","平层/精装","120.98平米","板楼","天赐良园","红谷滩","https://vrlab-image4.ljcdn.com/release/screenshot/auto3d-k3QnmhDDbNf0RVT92EAxLH/c67a1209545e31cca6cf10442f9f10e2/1725671484_14/pc0_YqacwBNY8.jpg?imageMogr2/quality/70/thumbnail/1024x","https://nc.lianjia.com/ershoufang/103135597095.html"
"190","2024-10-29 10:32:38","采光充足，配套齐，交通便利，人文环境好","75","6086","3室2厅","中楼层/共32层","南 北","平层/其他","123.24平米","板楼","恒大城","南昌县","https://vrlab-image4.ljcdn.com/release/screenshot/auto3d-VL_9KN6NnkFkeOm99izVQP/bc7c680cbbc2cdd6bf17da206d0c6bac/1727575185_0/pc0_r8dq9EswJ.jpg?imageMogr2/quality/70/thumbnail/1024x","https://nc.lianjia.com/ershoufang/103134443871.html"
"191","2024-10-29 10:32:42","近红角洲 品质小区 花园洋房 带车位诚心出售","95","7640","4室2厅","低楼层/共7层","东南","平层/毛坯","124.36平米","暂无数据","市政公用城","新建区","https://vrlab-image4.ljcdn.com/release/screenshot/auto3d-ybQSapeE9xT-qakYFYPRp9/d86f26f56810dd44f99311caeda3faa5/1726798934_3/pc0_OZydizlZi.jpg?imageMogr2/quality/70/thumbnail/1024x","https://nc.lianjia.com/ershoufang/103136070788.html"
"192","2024-10-29 10:32:45","万达华府南附在，楼下就是市民公园","38","10817","1室1厅","高楼层/共31层","北","平层/精装","35.13平米","板楼","万达华府","红谷滩","https://vrlab-image4.ljcdn.com/release/screenshot/auto3d-GyOSSI3rS6hl8TGuzTtPRU/61836e9184b692afb80ee3420c133605/1722565510_0/pc0_FNL828wBh.jpg?imageMogr2/quality/70/thumbnail/1024x","https://nc.lianjia.com/ershoufang/103133011660.html"
"193","2024-10-29 10:32:48","房东诚心出售。精装修 可以拎包入住","40","8651","2室1厅","高楼层/共11层","东南","平层/简装","46.24平米","板塔结合","抚生佳园","西湖区","https://vrlab-image4.ljcdn.com/release/auto3dhd/452912a488f9f292bc0d6ef5f57d3cf8/screenshot/1694227794_0/pc0_Yp5yM3086.jpg?imageMogr2/quality/70/thumbnail/1024x","https://nc.lianjia.com/ershoufang/103128350165.html"
"194","2024-10-29 10:32:51","乐盈广场 盈石住宅三房两厅诚心出售","65","6904","3室2厅","低楼层/共18层","南","平层/毛坯","94.15平米","塔楼","IM乐盈广场","经开区","https://vrlab-image4.ljcdn.com/release/auto3dhd/a957222fc053cb26a1e2382fbdabc4dc/screenshot/1589705370_0/pc0_qODRWGO15.jpg?imageMogr2/quality/70/thumbnail/1024x","https://nc.lianjia.com/ershoufang/103106912502.html"
"195","2024-10-29 10:32:55","老城区房东诚售楼层好采光好地段好","32","4296","2室2厅","低楼层/共7层","南","平层/简装","74.5平米","板楼","体育馆社区","南昌县","https://vrlab-image4.ljcdn.com/release/screenshot/auto3d-oFnpvKvgS4b5sB_aTzGZwB/15f3425b8d2168701163a726a0894ef4/1723956421_0/pc0_S6dDGUBvL.jpg?imageMogr2/quality/70/thumbnail/1024x","https://nc.lianjia.com/ershoufang/103135261752.html"
"196","2024-10-29 10:32:59","格局好 视野开阔 采光充足 物业好 房型好配套齐全","59","7099","3室2厅","低楼层/共18层","南 北","平层/精装","83.12平米","板塔结合","保集半岛御河湾二期","南昌县","https://vrlab-image4.ljcdn.com/release/screenshot/auto3d--s2XKX7bgNTjXqvteqhLtI/95789831d0dcc116390e9b63d8ff1675/1728438590_0/pc0_5740dU4cm.jpg?imageMogr2/quality/70/thumbnail/1024x","https://nc.lianjia.com/ershoufang/103136368860.html"
"197","2024-10-29 10:33:04","橡树湾橡府 4室2厅 南","225","17646","4室2厅","中楼层/共7层","南","平层/其他","127.51平米","板楼","橡树湾橡府","西湖区","https://vrlab-image4.ljcdn.com/release/screenshot/auto3d-s1hnCgRpmvIaG97daiZ6lQ/9c1fbac92f0e5525671695833bccaa3e/1729752858_3/pc0_klfYsIKrH.jpg?imageMogr2/quality/70/thumbnail/1024x","https://nc.lianjia.com/ershoufang/103136721379.html"
"198","2024-10-29 10:33:08","雍锦王府精装大平层，视野好，阳光无遮挡，改善可选","460","19128","4室2厅","高楼层/共31层","北 南","平层/精装","240.49平米","板楼","雍锦王府","西湖区","https://vrlab-image4.ljcdn.com/release/screenshot/auto3d-gaZZ9yXKGNjaPPh7sxYfJB/52e6525933e4862dba32ece8fa881715/1729313162_32/pc0_vLRYFLQWD.jpg?imageMogr2/quality/70/thumbnail/1024x","https://nc.lianjia.com/ershoufang/103136767885.html"
"199","2024-10-29 10:33:12","环境好 楼层低 旁边就是抚河公园 房东诚心出售","50.8","7818","2室1厅","低楼层/共6层","南","平层/简装","64.98平米","板楼","里洲小区","西湖区","https://vrlab-image4.ljcdn.com/release/screenshot/auto3d-KtRac-LMBBZ5hDT8uJAA1C/0fe7aec2447b91cb9602dc2f9e20075e/1729235279_5/pc0_20a1GtTsh.jpg?imageMogr2/quality/70/thumbnail/1024x","https://nc.lianjia.com/ershoufang/103136740833.html"
"200","2024-10-29 10:33:16","万达L2区江边 位置好 可看江 拎包入住","88","7636","3室2厅","中楼层/共31层","东南","平层/其他","115.25平米","塔楼","万达首府L2区","红谷滩","https://vrlab-image4.ljcdn.com/release/screenshot/auto3d-uTXZblyxmu-NHdrtDVHSco/f1ddeb45c95706d396e8590b6dc2fbcd/1727422617_4/pc0_mrHInJFK2.jpg?imageMogr2/quality/70/thumbnail/1024x","https://nc.lianjia.com/ershoufang/103136253434.html"
"201","2024-10-29 10:33:18","近湿地公园，全明格局，动静分区，三开间朝南","268","20750","3室1厅","中楼层/共17层","南","平层/精装","129.16平米","暂无数据","华侨城万科云峰","西湖区","https://vrlab-image4.ljcdn.com/release/screenshot/auto3d-YxdzYBATQjKeNOJihZSMmr/74f306e309fe37bcd79a65ae54c8a69d/1705295872_3/pc0_kC05lImu8.jpg?imageMogr2/quality/70/thumbnail/1024x","https://nc.lianjia.com/ershoufang/103130778227.html"
"202","2024-10-29 10:33:22","万科品牌次新房品质高电梯洋房，出门就是公园环境好","135","12253","3室2厅","中楼层/共6层","南","平层/精装","110.18平米","板楼","万科公园里（月坊金色小区）","青山湖区","https://vrlab-image4.ljcdn.com/release/screenshot/auto3d-cCIrQBkZkl1cB3eMpVwj52/78b0628d4e91828e0f54095e57d40a24/1709458237_0/pc0_pgsarwCR3.jpg?imageMogr2/quality/70/thumbnail/1024x","https://nc.lianjia.com/ershoufang/103131402593.html"
"203","2024-10-29 10:33:26","楼层好户型端正，精装修，通风性好, 带地暖","168","13266","3室2厅","中楼层/共29层","南 北","平层/精装","126.64平米","板楼","恒大御澜府","高新区","https://vrlab-image4.ljcdn.com/release/auto3dhd/c1d916dcfc3569aa4d8aa70419af8721/screenshot/1662773686_0/pc0_14koXl9Lm.jpg?imageMogr2/quality/70/thumbnail/1024x","https://nc.lianjia.com/ershoufang/103131110465.html"
"204","2024-10-29 10:33:31","品质小区，改善四房，一梯一户，私密性好","118","8511","4室2厅","高楼层/共28层","南 北","平层/精装","138.66平米","暂无数据","红星中奥广场","南昌县","https://vrlab-image4.ljcdn.com/release/screenshot/auto3d-hT-AwsIsJbJylsDbhK5vcp/3c8b27d5de75da42a45e7f7839e0be8c/1721349833_4/pc0_4UKGpasgx.jpg?imageMogr2/quality/70/thumbnail/1024x","https://nc.lianjia.com/ershoufang/103134453574.html"
"205","2024-10-29 10:33:34","楼层好，户型好，主卧带套间，诚心出售","243","13955","4室2厅","中楼层/共32层","南","平层/毛坯","174.14平米","板楼","九龙湖花园一区","红谷滩","https://vrlab-image4.ljcdn.com/release/screenshot/auto3d-IRFTNAYqGzdl-n-N_n41pT/63a09a9384220731b59ac7d81768c771/1705043356_2/pc0_VgrkiIYG9.jpg?imageMogr2/quality/70/thumbnail/1024x","https://nc.lianjia.com/ershoufang/103125069205.html"
"206","2024-10-29 10:33:38","精装修，拎包入住，房东诚心出售，近地铁口","155","19277","2室2厅","中楼层/共18层","东南","平层/精装","80.41平米","板塔结合","中央香榭","红谷滩","https://vrlab-image4.ljcdn.com/release/screenshot/auto3d-_7-lhQIYOAu1DI4JoxGeey/c715869493da8709db90868bd6fef6d7/1722574866_0/pc0_wppMk4hXE.jpg?imageMogr2/quality/70/thumbnail/1024x","https://nc.lianjia.com/ershoufang/103134950551.html"
"207","2024-10-29 10:33:41","伟梦清水湾精装3房 房东装修花了50多万 家具家电全带","90","7200","3室2厅","低楼层/共6层","南 北","平层/精装","125平米","塔楼","伟梦清水湾","南昌县","https://vrlab-image4.ljcdn.com/release/auto3dhd/e9de9efdcd1d7c106adac483c8c2ca6b/screenshot/1615360615_4/pc0_LOz90VOUp.jpg?imageMogr2/quality/70/thumbnail/1024x","https://nc.lianjia.com/ershoufang/103113637293.html"
"208","2024-10-29 10:33:45","无公摊洋房 户型方正  安静 太阳好","178","14046","3室2厅","高楼层/共6层","南","平层/简装","126.73平米","板楼","名门世家","红谷滩","https://vrlab-image4.ljcdn.com/release/auto3dhd/ea73cee4367a83d4d4c36463020a1f5a/screenshot/1620796909_0/pc0_Fbxl3Ipvc.jpg?imageMogr2/quality/70/thumbnail/1024x","https://nc.lianjia.com/ershoufang/103114676088.html"
"209","2024-10-29 10:33:49","滨水公园旁！业主诚心出售，拎包入住 小区得房率高","50","5103","3室2厅","中楼层/共31层","南","平层/精装","98平米","板楼","银凯公元·九珑","新建区","https://vrlab-image4.ljcdn.com/release/screenshot/auto3d-EZIxLXBpLbPSZJZEyP7Mb0/0240e0bbb3daa23190736192d5ebbd22/1724134608_3/pc0_q50XUfG8k.jpg?imageMogr2/quality/70/thumbnail/1024x","https://nc.lianjia.com/ershoufang/103135386664.html"
"210","2024-10-29 10:33:54","红谷滩九龙湖   三房精装修 好楼层  拎包入住  上育新","70","7215","3室2厅","高楼层/共34层","南 北","平层/精装","97.03平米","塔楼","滨江悦府K2区","红谷滩","https://vrlab-image4.ljcdn.com/release/screenshot/auto3d-LdmRqGmJI80_RIQN7SYp9O/990c9f87216918181c81d971b2194f33/1728806953_0/pc0_qIKFUTfdi.jpg?imageMogr2/quality/70/thumbnail/1024x","https://nc.lianjia.com/ershoufang/103136496939.html"
"211","2024-10-29 10:33:55","博泰魏玛峰尚一期 3室2厅 南","78","7984","3室2厅","中楼层/共11层","南","平层/其他","97.7平米","板楼","博泰魏玛峰尚一期","青云谱区","https://vrlab-image4.ljcdn.com/release/screenshot/auto3d-W8CAJF99zIe1hcvnE4BLrN/b0dfa7b42adc233a42536b470ea4a256/1728806042_3/pc0_S6rV5GaCo.jpg?imageMogr2/quality/70/thumbnail/1024x","https://nc.lianjia.com/ershoufang/103136528401.html"
"212","2024-10-29 10:33:58","全新自住装修没有住过地跌洋房好楼层","72","8419","3室1厅","低楼层/共33层","南","平层/精装","85.53平米","板塔结合","青花九龙","红谷滩","https://vrlab-image4.ljcdn.com/release/screenshot/auto3d-8fqU_Sm0pkIWx35et7m6T6/20fc86629c18bb3ea1a925bc194dee38/1729058334_2/pc0_mEqrVKFbJ.jpg?imageMogr2/quality/70/thumbnail/1024x","https://nc.lianjia.com/ershoufang/103135682389.html"
"213","2024-10-29 10:34:02","小区环境优越，内有幼儿园  刚需 户型好","85","10967","2室1厅","中楼层/共6层","南","平层/精装","77.51平米","板塔结合","中兴和园西区","高新区","https://vrlab-image4.ljcdn.com/release/auto3dhd/13036b627e1903c8130aef429a171051/screenshot/1688010226_8/pc0_1wYraGaRX.jpg?imageMogr2/quality/70/thumbnail/1024x","https://nc.lianjia.com/ershoufang/103126227877.html"
"214","2024-10-29 10:34:07","户型端正 ,格局大， 空间大，三面采光","109","9595","3室2厅","低楼层/共9层","南","平层/精装","113.61平米","塔楼","万科城一二期","青山湖区","https://vrlab-image4.ljcdn.com/release/auto3dhd/ac68e73b9c966bf8fe06e39bb93212c4/screenshot/1687318318_0/pc0_SWLFbQwLk.jpg?imageMogr2/quality/70/thumbnail/1024x","https://nc.lianjia.com/ershoufang/103126250305.html"
"215","2024-10-29 10:34:09","装修住一年 保养新 小区新 配套完善","92","8763","3室2厅","低楼层/共26层","南","平层/精装","104.99平米","塔楼","中骏蓝湾香郡","高新区","https://vrlab-image4.ljcdn.com/release/screenshot/auto3d-FhiNXdsptC-fkQaia1PP5b/7444af148a5c5100589f4cd3e8b54e13/1699086548_0/pc0_1FObEV2oX.jpg?imageMogr2/quality/70/thumbnail/1024x","https://nc.lianjia.com/ershoufang/103126390881.html"
"216","2024-10-29 10:34:13","近站小，三房两卫，精装，空气对流，阳光充足。端户","190","16161","3室2厅","中楼层/共30层","南","平层/精装","117.57平米","板楼","橡树湾橡府","西湖区","https://vrlab-image4.ljcdn.com/release/auto3dhd/f22aaaa5c0267c7a111aede163fac99c/screenshot/1687661846_5/pc0_lItTmOndd.jpg?imageMogr2/quality/70/thumbnail/1024x","https://nc.lianjia.com/ershoufang/103126813525.html"
"217","2024-10-29 10:34:15","A地块改善大三房户型，采光好，楼层佳房东好诚心","56","4484","3室2厅","中楼层/共34层","南","平层/毛坯","124.91平米","板楼","通源新建城A7","新建区","https://vrlab-image4.ljcdn.com/release/auto3dhd/a4f95d53699d3308fda33dd1f732199c/screenshot/1667030141_2/pc0_KFw1mSjUJ.jpg?imageMogr2/quality/70/thumbnail/1024x","https://nc.lianjia.com/ershoufang/103123049406.html"
"218","2024-10-29 10:34:19","万达星城精装朝南两房，近地铁，中间楼层，视野开阔","78","11067","2室2厅","低楼层/共33层","南","平层/精装","70.48平米","板塔结合","万达星城西区","红谷滩","https://vrlab-image4.ljcdn.com/release/auto3dhd/587b197f23abcfdcfc621f20cf6e1e13/screenshot/1667556400_0/pc0_wv49wyqdC.jpg?imageMogr2/quality/70/thumbnail/1024x","https://nc.lianjia.com/ershoufang/103122897304.html"
"219","2024-10-29 10:34:22","精装复式楼多40平，纯洋房小区，窗外即是湖景绿化","54","5464","3室2厅","高楼层/共6层","南 北","复式/精装","98.83平米","板楼","丰源·淳和","南昌县","https://vrlab-image4.ljcdn.com/release/auto3dhd/d81314107827c88ea242d976e0bb3c85/screenshot/1687241906_7/pc0_q8ou6GY7h.jpg?imageMogr2/quality/70/thumbnail/1024x","https://nc.lianjia.com/ershoufang/103126839599.html"
"220","2024-10-29 10:34:26","地铁口 正规一房 五中旁  业主诚意出售 看房方便","60","12163","1室1厅","中楼层/共33层","东南","平层/精装","49.33平米","板塔结合","万达星城西区","红谷滩","https://vrlab-image4.ljcdn.com/release/screenshot/auto3d-Bl4SqRYVe-c8iFD5iD3tm2/4ef46f32ed1a736971851f1fd0635fe9/1711588194_0/pc0_QJUJVz6e7.jpg?imageMogr2/quality/70/thumbnail/1024x","https://nc.lianjia.com/ershoufang/103132100463.html"
"221","2024-10-29 10:34:30","近西站，交通便利，中高楼层，视野开阔","55","6491","2室2厅","高楼层/共33层","南","平层/精装","84.74平米","板楼","西站瑞都","红谷滩","https://vrlab-image4.ljcdn.com/release/screenshot/auto3d-Enhb9deycoeWydlmFL4Xsw/47583b65467a5cad829d1c6a0d25ec3c/1716439919_12/pc0_AnIgNdtzN.jpg?imageMogr2/quality/70/thumbnail/1024x","https://nc.lianjia.com/ershoufang/103133263328.html"
"222","2024-10-29 10:34:34","装修比较好，可以领包入住，看房预约","240","13477","4室2厅","中楼层/共11层","南 北","平层/精装","178.09平米","塔楼","普瑞花园","红谷滩","https://vrlab-image4.ljcdn.com/release/screenshot/auto3d-msHInu5nnGn9rZiJCOhRO_/93c5fbd682281219d4521b1b65236eee/1724832107_1/pc0_Enz8aUNF5.jpg?imageMogr2/quality/70/thumbnail/1024x","https://nc.lianjia.com/ershoufang/103135141418.html"
"223","2024-10-29 10:34:37","近新洪城 近一附院 近地铁 精装修 两房","47","7834","2室2厅","中楼层/共27层","南","平层/其他","60平米","板楼","硕丰西湖里","南昌县","https://vrlab-image4.ljcdn.com/release/screenshot/auto3d-zsxp_s1HrsNDJLk-UOyPoU/b4c5f692dfacdb570d93d0e9838caae5/1729214006_8/pc0_IB8DdyK3L.jpg?imageMogr2/quality/70/thumbnail/1024x","https://nc.lianjia.com/ershoufang/103136736240.html"
"224","2024-10-29 10:34:41","新出急卖 青岚嘉园好楼层精装两房 生活便利免费停车","40","5689","2室1厅","中楼层/共6层","南","平层/简装","70.32平米","板楼","青岚嘉园","经开区","https://vrlab-image4.ljcdn.com/release/screenshot/auto3d-egw6EK6-b7JQUuLYmxd_5z/54ce3ba274a224c7b249a596d5009bc5/1711242904_7/pc0_L7VkASVgt.jpg?imageMogr2/quality/70/thumbnail/1024x","https://nc.lianjia.com/ershoufang/103136144473.html"
"225","2024-10-29 10:34:44","新力金沙湾 高层端户 新装修未入住 带车位 看中可谈","106","10000","3室2厅","高楼层/共34层","南 北","平层/精装","106平米","板楼","新力金沙湾","南昌县","https://vrlab-image4.ljcdn.com/release/screenshot/auto3d-LSFYjeWSQk_wpsiQHkTnTt/3dfc5299ae8bc7cfc1b6fd91531db26c/1728792355_12/pc0_N7Cb6amSu.jpg?imageMogr2/quality/70/thumbnail/1024x","https://nc.lianjia.com/ershoufang/103136645618.html"
"226","2024-10-29 10:34:49","免费带个车位，金桥大三房！精装修的。","64.5","6268","3室2厅","中楼层/共7层","南","平层/精装","102.92平米","板楼","金桥慧景","经开区","https://vrlab-image4.ljcdn.com/release/screenshot/auto3d-22gQRasK-7KyL6rBkecaMk/792541974d43f1529b0a867d5706eca9/1695349631_18/pc0_rnsB6eoJB.jpg?imageMogr2/quality/70/thumbnail/1024x","https://nc.lianjia.com/ershoufang/103128713662.html"
"227","2024-10-29 10:34:51","楼层好户型端正，精装修，通风性好, 带地暖","168","13266","3室2厅","中楼层/共29层","南 北","平层/精装","126.64平米","板楼","恒大御澜府","高新区","https://vrlab-image4.ljcdn.com/release/auto3dhd/c1d916dcfc3569aa4d8aa70419af8721/screenshot/1662773686_0/pc0_14koXl9Lm.jpg?imageMogr2/quality/70/thumbnail/1024x","https://nc.lianjia.com/ershoufang/103131110465.html"
"228","2024-10-29 10:34:56","万科品牌次新房品质高电梯洋房，出门就是公园环境好","135","12253","3室2厅","中楼层/共6层","南","平层/精装","110.18平米","板楼","万科公园里（月坊金色小区）","青山湖区","https://vrlab-image4.ljcdn.com/release/screenshot/auto3d-cCIrQBkZkl1cB3eMpVwj52/78b0628d4e91828e0f54095e57d40a24/1709458237_0/pc0_pgsarwCR3.jpg?imageMogr2/quality/70/thumbnail/1024x","https://nc.lianjia.com/ershoufang/103131402593.html"
"229","2024-10-29 10:35:00","红谷滩 双地铁口 通透三房 领包入住","175","12576","3室2厅","中楼层/共12层","南","平层/精装","139.16平米","塔楼","江信国际花园","红谷滩","https://vrlab-image4.ljcdn.com/release/screenshot/auto3d-ChXgssSHetzbIi1_nbXh_L/55dc6541d2a54e1a77b0050e174f2de2/1710054175_0/pc0_6zXcKom1A.jpg?imageMogr2/quality/70/thumbnail/1024x","https://nc.lianjia.com/ershoufang/103129883654.html"
"230","2024-10-29 10:35:03","立德小户型三房，局通透方正，采光太阳足","95","13285","3室2厅","中楼层/共6层","南","平层/其他","71.51平米","板楼","红谷新城","新建区","https://vrlab-image4.ljcdn.com/release/screenshot/auto3d-_i2W02FeU1h8SoUjm2rKk4/ec7ea3da25fe0abb1ff6ef356b45a491/1727323160_1/pc0_SKUfdCqj9.jpg?imageMogr2/quality/70/thumbnail/1024x","https://nc.lianjia.com/ershoufang/103136155906.html"
"231","2024-10-29 10:35:06","万科粹叠园 通透户型 视野开阔 出入方便 急急急！","180","16083","3室2厅","高楼层/共33层","南","平层/毛坯","111.92平米","板楼","万科粹叠园","红谷滩","https://vrlab-image4.ljcdn.com/release/screenshot/auto3d-dJzTyg3CffBePAHq8TONk9/8a117016d4e7d5112a30793d8bc35908/1716358259_2/pc0_y1U7ABKtY.jpg?imageMogr2/quality/70/thumbnail/1024x","https://nc.lianjia.com/ershoufang/103133316442.html"
"232","2024-10-29 10:35:10","伟梦清水湾精装3房 房东装修花了50多万 家具家电全带","90","7200","3室2厅","低楼层/共6层","南 北","平层/精装","125平米","塔楼","伟梦清水湾","南昌县","https://vrlab-image4.ljcdn.com/release/auto3dhd/e9de9efdcd1d7c106adac483c8c2ca6b/screenshot/1615360615_4/pc0_LOz90VOUp.jpg?imageMogr2/quality/70/thumbnail/1024x","https://nc.lianjia.com/ershoufang/103113637293.html"
"233","2024-10-29 10:35:14","无公摊洋房 户型方正  安静 太阳好","178","14046","3室2厅","高楼层/共6层","南","平层/简装","126.73平米","板楼","名门世家","红谷滩","https://vrlab-image4.ljcdn.com/release/auto3dhd/ea73cee4367a83d4d4c36463020a1f5a/screenshot/1620796909_0/pc0_Fbxl3Ipvc.jpg?imageMogr2/quality/70/thumbnail/1024x","https://nc.lianjia.com/ershoufang/103114676088.html"
"234","2024-10-29 10:35:18","品质小区，改善四房，一梯一户，私密性好","118","8511","4室2厅","高楼层/共28层","南 北","平层/精装","138.66平米","暂无数据","红星中奥广场","南昌县","https://vrlab-image4.ljcdn.com/release/screenshot/auto3d-hT-AwsIsJbJylsDbhK5vcp/3c8b27d5de75da42a45e7f7839e0be8c/1721349833_4/pc0_4UKGpasgx.jpg?imageMogr2/quality/70/thumbnail/1024x","https://nc.lianjia.com/ershoufang/103134453574.html"
"235","2024-10-29 10:35:22","楼层好，户型好，主卧带套间，诚心出售","243","13955","4室2厅","中楼层/共32层","南","平层/毛坯","174.14平米","板楼","九龙湖花园一区","红谷滩","https://vrlab-image4.ljcdn.com/release/screenshot/auto3d-IRFTNAYqGzdl-n-N_n41pT/63a09a9384220731b59ac7d81768c771/1705043356_2/pc0_VgrkiIYG9.jpg?imageMogr2/quality/70/thumbnail/1024x","https://nc.lianjia.com/ershoufang/103125069205.html"
"236","2024-10-29 10:35:25","精装修，拎包入住，房东诚心出售，近地铁口","155","19277","2室2厅","中楼层/共18层","东南","平层/精装","80.41平米","板塔结合","中央香榭","红谷滩","https://vrlab-image4.ljcdn.com/release/screenshot/auto3d-_7-lhQIYOAu1DI4JoxGeey/c715869493da8709db90868bd6fef6d7/1722574866_0/pc0_wppMk4hXE.jpg?imageMogr2/quality/70/thumbnail/1024x","https://nc.lianjia.com/ershoufang/103134950551.html"
"237","2024-10-29 10:35:29","近地铁一号线奥体站 天虹商场 交通便利 配套齐全","90","6952","3室2厅","中楼层/共8层","南 北","平层/简装","129.46平米","板楼","翰园小区","高新区","https://vrlab-image4.ljcdn.com/release/screenshot/auto3d-UJrnyw6iUtGwlkNh9WfN5O/e268ce59ff3e50669dc67df671f721c4/1728715241_4/pc0_ZSKheqEmR.jpg?imageMogr2/quality/70/thumbnail/1024x","https://nc.lianjia.com/ershoufang/103136567730.html"
"238","2024-10-29 10:35:30","户型方正，采光好，物业好 24小时安保 进门要登记","72.8","8140","3室2厅","中楼层/共26层","南","平层/精装","89.44平米","暂无数据","和正智汇谷","经开区","https://vrlab-image4.ljcdn.com/release/screenshot/auto3d-0elrPhNLLqhMeg9w6gxp3N/b26343db089240cf36159dffab6f4cf4/1716080716_16/pc0_iMWgk4WoB.jpg?imageMogr2/quality/70/thumbnail/1024x","https://nc.lianjia.com/ershoufang/103132737443.html"
"239","2024-10-29 10:35:33","房东诚心出售  简装修  小区生活环境好","45","4669","3室2厅","低楼层/共16层","南 北","平层/简装","96.39平米","板楼","保利瑶湖郡","高新区","https://vrlab-image4.ljcdn.com/release/screenshot/auto3d-sMHLMAfBs4rETanMutwV6Z/a3f3d0b51ed48bc4cabde6d1fec45920/1695352765_0/pc0_w3kqaYD3v.jpg?imageMogr2/quality/70/thumbnail/1024x","https://nc.lianjia.com/ershoufang/103124925177.html"
"240","2024-10-29 10:35:36","锦苑阳光大平层毛坯188平急售看中可谈","78","4146","4室2厅","高楼层/共33层","南 北","平层/毛坯","188.14平米","板楼","锦苑阳光","新建区","https://vrlab-image4.ljcdn.com/release/auto3dhd/fec0975de578014a31c0bd7b3c3edb89/screenshot/1687762866_3/pc0_7Is7OFfCF.jpg?imageMogr2/quality/70/thumbnail/1024x","https://nc.lianjia.com/ershoufang/103125237785.html"
"241","2024-10-29 10:35:39","交通便利 ，楼层好， 采光足， 配套齐全.","28","5067","2室1厅","高楼层/共30层","南","平层/精装","55.27平米","塔楼","航天科创广场","高新区","https://vrlab-image4.ljcdn.com/release/auto3dhd/f04443e9926cc0f70123684e9c756a11/screenshot/1616131623_0/pc0_DWHY9zjrZ.jpg?imageMogr2/quality/70/thumbnail/1024x","https://nc.lianjia.com/ershoufang/103115640462.html"
"242","2024-10-29 10:35:42","中央香榭好房出售、房东诚心卖、","160","14370","3室2厅","高楼层/共26层","南","平层/精装","111.35平米","板塔结合","中央香榭","红谷滩","https://vrlab-image4.ljcdn.com/release/screenshot/auto3d-7k_AdwpLTiSzHtpX0AeC-k/42fc1224ce32e5a3b8a3bb66465955e7/1727492313_0/pc0_3F0Pl1MIJ.jpg?imageMogr2/quality/70/thumbnail/1024x","https://nc.lianjia.com/ershoufang/103130857797.html"
"243","2024-10-29 10:35:46","离红谷滩近精装电梯房，配套齐全，自住装修","63","6775","3室1厅","低楼层/共11层","南","平层/精装","93平米","板塔结合","亿通藤旺居","经开区","https://vrlab-image4.ljcdn.com/release/screenshot/auto3d-9IvG2M_p73mBO0EGku10pH/f998b399ad06c67d15a1c5886a7b49f8/1702625729_11/pc0_uOMC7wxzq.jpg?imageMogr2/quality/70/thumbnail/1024x","https://nc.lianjia.com/ershoufang/103129534826.html"
"244","2024-10-29 10:35:50","此房南北直通格局，位置靠前，视野开拓采光好","169","13904","3室2厅","低楼层/共11层","南","平层/精装","121.55平米","板塔结合","联发江岸汇景","红谷滩","https://vrlab-image4.ljcdn.com/release/screenshot/auto3d-jnvFXTag1uaQ4tfDJCICxR/fc734e3571dda34312093c70877476c5/1698732091_0/pc0_pKdD4zan0.jpg?imageMogr2/quality/70/thumbnail/1024x","https://nc.lianjia.com/ershoufang/103128574692.html"
"245","2024-10-29 10:35:54","赣江边上，复式三房带露台，户型方正，诚心出售！！！","48","8721","3室2厅","高楼层/共6层","南","复式/精装","55.04平米","板楼","怡滨花苑","西湖区","https://vrlab-image4.ljcdn.com/release/auto3dhd/e9bec6b180c148b9e0dd095e8738446d/screenshot/1688115890_1/pc0_N34fXncIM.jpg?imageMogr2/quality/70/thumbnail/1024x","https://nc.lianjia.com/ershoufang/103126422393.html"
"246","2024-10-29 10:35:58","万科物业 户型端正 正常出售..","95","9956","3室1厅","中楼层/共18层","南","平层/精装","95.42平米","板楼","万科城三期","青山湖区","https://vrlab-image4.ljcdn.com/release/auto3dhd/bcde3fd62d63123f8fe30905cdd29fd6/screenshot/1684900606_0/pc0_gAO2Fsfse.jpg?imageMogr2/quality/70/thumbnail/1024x","https://nc.lianjia.com/ershoufang/103134224207.html"
"247","2024-10-29 10:36:03","凤凰花园 两房 急卖 看房有钥匙","50","7145","2室1厅","低楼层/共6层","南 北","平层/简装","69.98平米","板楼","凤凰花园三期A区","红谷滩","https://vrlab-image4.ljcdn.com/release/screenshot/auto3d-xKg2z-KvmlY2fJUxnSGz_j/9b5190e3ce2333621d5c0b9481e18fcb/1725418736_4/pc0_tdVOIJ624.jpg?imageMogr2/quality/70/thumbnail/1024x","https://nc.lianjia.com/ershoufang/103135723794.html"
"248","2024-10-29 10:36:07","恒大华府 3室2厅 南","195","15709","3室2厅","中楼层/共31层","南","平层/精装","124.14平米","板楼","恒大华府","西湖区","https://vrlab-image4.ljcdn.com/release/screenshot/auto3d-KAR_fuVO1VYtzM-qy-IJjR/e6d7e8a9c6d3e9b5037288f346277439/1724223609_5/pc0_F4JFvkLL4.jpg?imageMogr2/quality/70/thumbnail/1024x","https://nc.lianjia.com/ershoufang/103135401308.html"
"249","2024-10-29 10:36:09","红谷滩 联泰A区 南北通透 三房两卫 有入户花园","190","19288","3室1厅","高楼层/共18层","南 北","平层/简装","98.51平米","板楼","联泰香域中央A区","红谷滩","https://vrlab-image4.ljcdn.com/release/screenshot/auto3d-hV4eUXSu_YCYasg9VohrP3/14e89de9e96e87debf782472ad25c045/1696986056_1/pc0_zbQkEdK62.jpg?imageMogr2/quality/70/thumbnail/1024x","https://nc.lianjia.com/ershoufang/103132303514.html"
"250","2024-10-29 10:36:13","房子南北通风，户型方正，采光充足，3+1户型，实用高","160","11787","3室2厅","中楼层/共32层","南 北","平层/精装","135.75平米","板塔结合","洪城·比华利","红谷滩","https://vrlab-image4.ljcdn.com/release/screenshot/auto3d-g0WJeVIpVypBtmA5Pn1K0a/5cfbbce7af407cd1d6f555786dea34a8/1724205009_0/pc0_8AyDQojqS.jpg?imageMogr2/quality/70/thumbnail/1024x","https://nc.lianjia.com/ershoufang/103135390563.html"
"251","2024-10-29 10:36:17","出小区就是地铁口 万科物业 人人都够得着的无压力","48","5527","3室2厅","高楼层/共32层","南","平层/毛坯","86.86平米","平房","城泰枫华天成","经开区","https://vrlab-image4.ljcdn.com/release/screenshot/auto3d-QGY9sA1mTSEkY9c8Dcv6bW/8736dc80e3785a30541cd9940b16d41a/1706235950_1/pc0_a2ywXny1g.jpg?imageMogr2/quality/70/thumbnail/1024x","https://nc.lianjia.com/ershoufang/103130939262.html"
"252","2024-10-29 10:36:21","和园四期 满两年 出门湿地公园，二十八中 揽全湖景","210","16747","3室1厅","中楼层/共11层","南","平层/毛坯","125.4平米","暂无数据","中兴和园西区","高新区","https://vrlab-image4.ljcdn.com/release/auto3dhd/d8b22ffb09823290a90a61cc7bf962ab/screenshot/1694321157_0/pc0_ZPOezWGB3.jpg?imageMogr2/quality/70/thumbnail/1024x","https://nc.lianjia.com/ershoufang/103134519059.html"
"253","2024-10-29 10:36:25","出门就是地铁5号线 婚房装修 带个地下车位 换房出售","85","7693","3室2厅","中楼层/共18层","南","平层/精装","110.5平米","板楼","锦竹幸福里","南昌县","https://vrlab-image4.ljcdn.com/release/auto3dhd/d9d588396127e7c96f7ae573564153bc/screenshot/1657851507_0/pc0_0M0FLwhyr.jpg?imageMogr2/quality/70/thumbnail/1024x","https://nc.lianjia.com/ershoufang/103121330429.html"
"254","2024-10-29 10:36:29","房东自住装修，干净、清爽、整洁，保养好，拎包入住","110","9613","3室2厅","中楼层/共33层","南","平层/其他","114.44平米","板楼","西站瑞都","红谷滩","https://vrlab-image4.ljcdn.com/release/screenshot/auto3d-JRq5jOMZU62sLjMm1fFNVZ/adf330c2f66b79ce0df0c19531ca956c/1726110345_2/pc0_2mjOt6IJK.jpg?imageMogr2/quality/70/thumbnail/1024x","https://nc.lianjia.com/ershoufang/103135924150.html"
"255","2024-10-29 10:36:34","朝阳中骏方隅，低总价精装家具家电，4号线丁家洲站旁","17","4912","1室1厅","低楼层/共20层","北","平层/精装","34.61平米","塔楼","中骏尚城南区","西湖区","https://vrlab-image4.ljcdn.com/release/screenshot/auto3d-JPgApscL0c-NXoIKAOCwVW/70f2f8ea6ab05f142d0f57861993151b/1718350935_2/pc0_Q8tjHdQwk.jpg?imageMogr2/quality/70/thumbnail/1024x","https://nc.lianjia.com/ershoufang/103133821737.html"
"256","2024-10-29 10:36:38","1号线，湖景房，地段好，交通方便","13","3372","1室1厅","中楼层/共28层","南","平层/毛坯","38.56平米","塔楼","君汇半岛","高新区","https://vrlab-image4.ljcdn.com/release/auto3dhd/8fd7a7c56d354e63e8ed9c5174611e7a/screenshot/1632386312_0/pc0_3v4m0T6dI.jpg?imageMogr2/quality/70/thumbnail/1024x","https://nc.lianjia.com/ershoufang/103116932226.html"
"257","2024-10-29 10:36:41","视野无挡，中间楼层，采光好，业主诚心出售","75","6070","4室2厅","低楼层/共18层","南 北","平层/毛坯","123.57平米","暂无数据","恒茂未来都会二期","湾里区","https://vrlab-image4.ljcdn.com/release/screenshot/auto3d-wfdcUJh00tjEQCFkI7bfkl/411f8020491aa24ab4bc913cf3d9936a/1717383326_5/pc0_ecCinnGqq.jpg?imageMogr2/quality/70/thumbnail/1024x","https://nc.lianjia.com/ershoufang/103133005546.html"
"258","2024-10-29 10:36:46","豫章省委大院，中层，单价8千的南北通透，地铁口百米","50","7734","2室1厅","中楼层/共7层","南 北","平层/简装","64.65平米","板楼","豫章路省委大院（豫章路50号）","东湖区","https://vrlab-image4.ljcdn.com/release/screenshot/auto3d-mVFpejbP-R6ndazdIlpWDC/6a0b28242ae454565f700f0bae817f29/1695092586_0/pc0_CqEb4pHcN.jpg?imageMogr2/quality/70/thumbnail/1024x","https://nc.lianjia.com/ershoufang/103136038545.html"
"259","2024-10-29 10:36:49","端户3楼 全明户型 双地铁口2号线和3号线 菜市场","42.8","6833","3室1厅","中楼层/共8层","南","平层/简装","62.64平米","板楼","裘家厂住宅区","东湖区","https://vrlab-image4.ljcdn.com/release/screenshot/auto3d-TM2TnFF3QAVC6XX8J15bX7/630dd75f7187713191892ac061b2fc63/1717841793_0/pc0_7kUbrMQlC.jpg?imageMogr2/quality/70/thumbnail/1024x","https://nc.lianjia.com/ershoufang/103133574975.html"
"260","2024-10-29 10:36:52","通透三房 毛坯 随时可以看房 得房率高 业主诚心卖","85","9515","3室1厅","低楼层/共6层","南 北","平层/毛坯","89.34平米","板楼","众森红谷一品","经开区","https://vrlab-image4.ljcdn.com/release/auto3dhd/8944343fd20746fcbfbf58027db09ab7/screenshot/1679552413_12/pc0_fHek3asPm.jpg?imageMogr2/quality/70/thumbnail/1024x","https://nc.lianjia.com/ershoufang/103124842223.html"
"261","2024-10-29 10:36:55","南北格局，视野宽阔，配套齐全。","228","15613","4室2厅","低楼层/共5层","南","平层/精装","146.04平米","板楼","万科四季花城北区","高新区","https://vrlab-image4.ljcdn.com/release/screenshot/auto3d-vXMzitqGjN2ZHv53kxHThq/b7f34af5c3d1cee4b96b01b96666cef7/1694916739_7/pc0_GKCNuLY8k.jpg?imageMogr2/quality/70/thumbnail/1024x","https://nc.lianjia.com/ershoufang/103128754940.html"
"262","2024-10-29 10:36:59","视野开阔，楼层位置很好，采光很好","190","15826","3室2厅","中楼层/共33层","南","平层/精装","120.06平米","板楼","九龙湖花园一区","红谷滩","https://vrlab-image4.ljcdn.com/release/auto3dhd/666a5fd5b5715963115993ac9636e563/screenshot/1640917376_0/pc0_PTVzr0ftx.jpg?imageMogr2/quality/70/thumbnail/1024x","https://nc.lianjia.com/ershoufang/103128899684.html"
"263","2024-10-29 10:37:03","君悦府洋房精装修，带地下室，有大院子","328","23097","4室2厅","低楼层/共5层","南","平层/精装","142.01平米","板楼","君悦府","南昌县","http://vr-public.realsee-cdn.cn/release/screenshot/auto3d-mxLTsLZTtravvPFlzfVkVt/c966f47c0a86f6d7c7439ca2e12920ff/1725437458_0/pc0_W1wQkyc1Z.jpg","https://nc.lianjia.com/ershoufang/103135751387.html"
"264","2024-10-29 10:37:06","万象公园  水榭尚都通透四房  高得房率。。","96","7737","4室2厅","低楼层/共17层","南 北","平层/精装","124.08平米","板楼","天使水榭尚都","青山湖区","https://vrlab-image4.ljcdn.com/release/screenshot/auto3d-efhZ4Uc_gTsBGfVMdL9K_y/f07685ca13fcb31b28618f8023aac244/1726801306_0/pc0_3Y8TqJE8L.jpg?imageMogr2/quality/70/thumbnail/1024x","https://nc.lianjia.com/ershoufang/103136072367.html"
"265","2024-10-29 10:37:09","商城世纪村,通透大三房,近地铁一号线","140","11348","3室2厅","中楼层/共11层","南","平层/精装","123.37平米","板塔结合","商城世纪村","红谷滩","https://vrlab-image4.ljcdn.com/release/screenshot/auto3d-i14bl_7_I8tpIE5v5iEXfE/71ba61a3f3e712fc3043508cbc1b4aad/1706144653_0/pc0_ZYC96UdKy.jpg?imageMogr2/quality/70/thumbnail/1024x","https://nc.lianjia.com/ershoufang/103121621583.html"
"266","2024-10-29 10:37:11","满五，单价低，地段好，电梯房，地铁口，一附院二附","47.2","7983","2室1厅","中楼层/共6层","南","平层/精装","59.13平米","板塔结合","南昌大学医学院住宅区","东湖区","https://vrlab-image4.ljcdn.com/release/screenshot/auto3d-MzrYloojYGRZXt-2xX3t8T/7e1875a7211e4e814376ec5edf41eba3/1722582168_4/pc0_20u9gWD9s.jpg?imageMogr2/quality/70/thumbnail/1024x","https://nc.lianjia.com/ershoufang/103134886002.html"
"267","2024-10-29 10:37:15","朝阳新城，三房二厅，小区环境好，离松柏近，出行方便","124","12256","3室2厅","低楼层/共32层","南","平层/精装","101.18平米","板楼","正荣·御品","西湖区","https://vrlab-image4.ljcdn.com/release/screenshot/auto3d-YjfVcQB8bELbxYfLiovjMe/f81f1a3ae9fa6a55564f8a45286bc3d2/1722502454_3/pc0_ojKE9H0aB.jpg?imageMogr2/quality/70/thumbnail/1024x","https://nc.lianjia.com/ershoufang/103134807992.html"
"268","2024-10-29 10:37:19","户型方正！正规户型！楼层采光好！","75.6","5765","3室2厅","中楼层/共7层","南","平层/精装","131.14平米","板楼","荣昌新苑住宅区","青山湖区","https://vrlab-image4.ljcdn.com/release/screenshot/auto3d-88ChfCpMTC5KzBU2_QiW3q/898a743396ac79c79bd7c53a415d8afc/1727669311_15/pc0_dYrcySN5r.jpg?imageMogr2/quality/70/thumbnail/1024x","https://nc.lianjia.com/ershoufang/103136374293.html"
"269","2024-10-29 10:37:23","国博一期南北阳台大三房 此价格带一个车位 带基础硬装","110","10169","3室2厅","中楼层/共32层","南","平层/精装","108.18平米","板楼","绿地国际博览城一期藏珑","红谷滩","https://vrlab-image4.ljcdn.com/release/auto3dhd/50e5d2a096660671c22244d8fd2f8a59/screenshot/1664332983_0/pc0_9kTRV4bRC.jpg?imageMogr2/quality/70/thumbnail/1024x","https://nc.lianjia.com/ershoufang/103122565600.html"
"270","2024-10-29 10:37:25","印钞厂宿舍小区严谨干净户型通透","43","4843","2室2厅","中楼层/共7层","南","平层/其他","88.8平米","暂无数据","迎宾大道印钞厂宿舍（岱山东路16号、4号）","南昌县","https://vrlab-image4.ljcdn.com/release/screenshot/auto3d-g1rIaan5lg1ficHae8lwx_/9fe67d28eb199e492c4b770f6dde2011/1728274003_0/pc0_bCgU4UmcC.jpg?imageMogr2/quality/70/thumbnail/1024x","https://nc.lianjia.com/ershoufang/103136418921.html"
"271","2024-10-29 10:37:29","金牛小区 一区  精装修几年的房子  随时看房 地铁口","45","5356","2室2厅","中楼层/共7层","南","平层/精装","84.02平米","暂无数据","皇姑路179号小区","经开区","https://vrlab-image4.ljcdn.com/release/screenshot/auto3d-8aP1xRg25FNT1g9McsHcWm/9b41ad5b70f991e9e29160a993419e79/1715394605_8/pc0_ZqNBURgZL.jpg?imageMogr2/quality/70/thumbnail/1024x","https://nc.lianjia.com/ershoufang/103133075603.html"
"272","2024-10-29 10:37:32","房东诚心出售  产权清晰房子清爽装修","66","7947","2室1厅","中楼层/共7层","南","平层/简装","83.06平米","暂无数据","桃苑社区二区","西湖区","https://vrlab-image4.ljcdn.com/release/screenshot/auto3d-UJNf5oofh6m078CZVDXVKz/44b1939034d4adf10f53c29a09088dfe/1711785351_0/pc0_NgUWHrpmh.jpg?imageMogr2/quality/70/thumbnail/1024x","https://nc.lianjia.com/ershoufang/103127666808.html"
"273","2024-10-29 10:37:36","视野开阔 采光充足 配套齐全 成熟小区","102","8201","3室2厅","低楼层/共9层","南","平层/精装","124.39平米","板楼","迎宾小区","青云谱区","https://vrlab-image4.ljcdn.com/release/auto3dhd/a2d9ec80d5a01f95c66d3144dc41f1c1/screenshot/1668927247_0/pc0_UKoyFGB4h.jpg?imageMogr2/quality/70/thumbnail/1024x","https://nc.lianjia.com/ershoufang/103123245580.html"
"274","2024-10-29 10:37:39","正荣润城 居家精装修 有车位 业主诚心出售","90","10113","3室2厅","低楼层/共29层","南","平层/精装","89平米","板塔结合","正荣润城","新建区","https://vrlab-image4.ljcdn.com/release/screenshot/auto3d-WvYQxQJLN6dBFNaCm1lczR/da2ee56289b7ac7c4a3c2811d5a4b8d7/1728962699_0/pc0_D6U6Cxqg6.jpg?imageMogr2/quality/70/thumbnail/1024x","https://nc.lianjia.com/ershoufang/103136598273.html"
"275","2024-10-29 10:37:41","金涛御景精装3房，带个15平的露台，随时可看房","66","6320","3室2厅","低楼层/共10层","南","平层/精装","104.44平米","板楼","金涛御景花园","南昌县","https://vrlab-image4.ljcdn.com/release/screenshot/auto3d-GLhgF-r2B4RooRh0G2OAp9/0cef9dd886a4a9c1324e6c782ec51b85/1715913496_9/pc0_wgjk8RUAr.jpg?imageMogr2/quality/70/thumbnail/1024x","https://nc.lianjia.com/ershoufang/103133177846.html"
"276","2024-10-29 10:37:44","房子满五，正规通透三房，采光视野好","75","8940","3室2厅","中楼层/共10层","南 北","平层/简装","83.9平米","板楼","天使水榭尚都","青山湖区","https://vrlab-image4.ljcdn.com/release/auto3dhd/dd2d635982599c5d5d22539045fea118/screenshot/1677031329_0/pc0_XeW24xsKG.jpg?imageMogr2/quality/70/thumbnail/1024x","https://nc.lianjia.com/ershoufang/103124263594.html"
"277","2024-10-29 10:37:48","装修住一年 保养新 小区新 配套完善","92","8763","3室2厅","低楼层/共26层","南","平层/精装","104.99平米","塔楼","中骏蓝湾香郡","高新区","https://vrlab-image4.ljcdn.com/release/screenshot/auto3d-FhiNXdsptC-fkQaia1PP5b/7444af148a5c5100589f4cd3e8b54e13/1699086548_0/pc0_1FObEV2oX.jpg?imageMogr2/quality/70/thumbnail/1024x","https://nc.lianjia.com/ershoufang/103126390881.html"
"278","2024-10-29 10:37:51","近站小，三房两卫，精装，空气对流，阳光充足。端户","190","16161","3室2厅","中楼层/共30层","南","平层/精装","117.57平米","板楼","橡树湾橡府","西湖区","https://vrlab-image4.ljcdn.com/release/auto3dhd/f22aaaa5c0267c7a111aede163fac99c/screenshot/1687661846_5/pc0_lItTmOndd.jpg?imageMogr2/quality/70/thumbnail/1024x","https://nc.lianjia.com/ershoufang/103126813525.html"
"279","2024-10-29 10:37:54","小区环境优越，内有幼儿园  刚需 户型好","85","10967","2室1厅","中楼层/共6层","南","平层/精装","77.51平米","板塔结合","中兴和园西区","高新区","https://vrlab-image4.ljcdn.com/release/auto3dhd/13036b627e1903c8130aef429a171051/screenshot/1688010226_8/pc0_1wYraGaRX.jpg?imageMogr2/quality/70/thumbnail/1024x","https://nc.lianjia.com/ershoufang/103126227877.html"
"280","2024-10-29 10:37:59","户型端正 ,格局大， 空间大，三面采光","109","9595","3室2厅","低楼层/共9层","南","平层/精装","113.61平米","塔楼","万科城一二期","青山湖区","https://vrlab-image4.ljcdn.com/release/auto3dhd/ac68e73b9c966bf8fe06e39bb93212c4/screenshot/1687318318_0/pc0_SWLFbQwLk.jpg?imageMogr2/quality/70/thumbnail/1024x","https://nc.lianjia.com/ershoufang/103126250305.html"
"281","2024-10-29 10:38:03","A地块改善大三房户型，采光好，楼层佳房东好诚心","56","4484","3室2厅","中楼层/共34层","南","平层/毛坯","124.91平米","板楼","通源新建城A7","新建区","https://vrlab-image4.ljcdn.com/release/auto3dhd/a4f95d53699d3308fda33dd1f732199c/screenshot/1667030141_2/pc0_KFw1mSjUJ.jpg?imageMogr2/quality/70/thumbnail/1024x","https://nc.lianjia.com/ershoufang/103123049406.html"
"282","2024-10-29 10:38:08","绿地外滩公馆精装三居室，带车位，无按揭","298","27568","3室2厅","中楼层/共32层","南 北","平层/精装","108.1平米","塔楼","绿地外滩公馆","红谷滩","https://vrlab-image4.ljcdn.com/release/auto3dhd/43922bd0de83c86e94f0e910b85ffae9/screenshot/1631186392_11/pc0_sTgt56ujB.jpg?imageMogr2/quality/70/thumbnail/1024x","https://nc.lianjia.com/ershoufang/103116956270.html"
"283","2024-10-29 10:38:12","楼层好 近靠地铁 满五不唯一 采光充足 南昌二中。","160","19084","2室2厅","高楼层/共16层","南","平层/精装","83.84平米","塔楼","丰和都会","红谷滩","https://vrlab-image4.ljcdn.com/release/auto3dhd/9c261cc67091b45e34a6cc74f29d109d/screenshot/1628746498_0/pc0_remJuuhBg.jpg?imageMogr2/quality/70/thumbnail/1024x","https://nc.lianjia.com/ershoufang/103116555096.html"
"284","2024-10-29 10:38:16","业主住家装修花了二十多万，看房方便业主急售","115","9381","3室2厅","低楼层/共34层","南 北","平层/精装","122.6平米","板楼","鸿海万科天空之城北区","南昌县","https://vrlab-image4.ljcdn.com/release/screenshot/auto3d-aWodkxgIXyq9YZAqMtHuDL/849f3b948df98add9847f6e2408b026c/1710824843_3/pc0_aQ9AIzHkO.jpg?imageMogr2/quality/70/thumbnail/1024x","https://nc.lianjia.com/ershoufang/103131807746.html"
"285","2024-10-29 10:38:20","房子满五，正规通透三房，采光视野好","75","8940","3室2厅","中楼层/共10层","南 北","平层/简装","83.9平米","板楼","天使水榭尚都","青山湖区","https://vrlab-image4.ljcdn.com/release/auto3dhd/dd2d635982599c5d5d22539045fea118/screenshot/1677031329_0/pc0_XeW24xsKG.jpg?imageMogr2/quality/70/thumbnail/1024x","https://nc.lianjia.com/ershoufang/103124263594.html"
"286","2024-10-29 10:38:24","急售！育新贤湖澜景次新房品质小区，二房精装好楼层","99","12137","2室2厅","高楼层/共32层","南","平层/精装","81.57平米","暂无数据","贤湖•澜景","东湖区","https://vrlab-image4.ljcdn.com/release/screenshot/auto3d-p7rGmEb6Rj4jXuWgfvkOUY/e37214fa44b64e4df6b075937a6aab26/1696662614_6/pc0_pgqo9o5v1.jpg?imageMogr2/quality/70/thumbnail/1024x","https://nc.lianjia.com/ershoufang/103129026432.html"
"287","2024-10-29 10:38:28","格局好，采光好，精装修视野开阔","180","12689","4室2厅","中楼层/共7层","南","平层/精装","141.86平米","板楼","万科四季花城北区","高新区","https://vrlab-image4.ljcdn.com/release/screenshot/auto3d-vjDXp1R32pbnlieKCFAKtA/7e2420c18d90edd0d35cd6a05a82492e/1727661202_8/pc0_2FEXuclvD.jpg?imageMogr2/quality/70/thumbnail/1024x","https://nc.lianjia.com/ershoufang/103136109358.html"
"288","2024-10-29 10:38:32","正荣润城 居家精装修 有车位 业主诚心出售","90","10113","3室2厅","低楼层/共29层","南","平层/精装","89平米","板塔结合","正荣润城","新建区","https://vrlab-image4.ljcdn.com/release/screenshot/auto3d-WvYQxQJLN6dBFNaCm1lczR/da2ee56289b7ac7c4a3c2811d5a4b8d7/1728962699_0/pc0_D6U6Cxqg6.jpg?imageMogr2/quality/70/thumbnail/1024x","https://nc.lianjia.com/ershoufang/103136598273.html"
"289","2024-10-29 10:38:36","金涛御景精装3房，带个15平的露台，随时可看房","66","6320","3室2厅","低楼层/共10层","南","平层/精装","104.44平米","板楼","金涛御景花园","南昌县","https://vrlab-image4.ljcdn.com/release/screenshot/auto3d-GLhgF-r2B4RooRh0G2OAp9/0cef9dd886a4a9c1324e6c782ec51b85/1715913496_9/pc0_wgjk8RUAr.jpg?imageMogr2/quality/70/thumbnail/1024x","https://nc.lianjia.com/ershoufang/103133177846.html"
"290","2024-10-29 10:38:40","君悦府洋房精装修，带地下室，有大院子","328","23097","4室2厅","低楼层/共5层","南","平层/精装","142.01平米","板楼","君悦府","南昌县","http://vr-public.realsee-cdn.cn/release/screenshot/auto3d-mxLTsLZTtravvPFlzfVkVt/c966f47c0a86f6d7c7439ca2e12920ff/1725437458_0/pc0_W1wQkyc1Z.jpg","https://nc.lianjia.com/ershoufang/103135751387.html"
"291","2024-10-29 10:38:42","房子户型方正，动静分离，低楼层，毛坯","190","11997","3室1厅","低楼层/共30层","南","平层/毛坯","158.38平米","板楼","海珀九龙玉隆","红谷滩","https://vrlab-image4.ljcdn.com/release/auto3dhd/151af9e26f453cad86c8cf69c2e157ea/screenshot/1675322760_7/pc0_B43DPcMDg.jpg?imageMogr2/quality/70/thumbnail/1024x","https://nc.lianjia.com/ershoufang/103132516175.html"
"292","2024-10-29 10:38:46","房东诚心出售，出门地铁口，看房提前打电话。","39","4815","2室2厅","中楼层/共27层","南","平层/精装","81平米","板楼","新力范","南昌县","https://vrlab-image4.ljcdn.com/release/screenshot/auto3d-5fatucps5DxuP3yyu413JN/4a63256f7ca077ffb60b2ee51a03b4d3/1720141477_0/pc0_ezwZvZv0e.jpg?imageMogr2/quality/70/thumbnail/1024x","https://nc.lianjia.com/ershoufang/103133589387.html"
"293","2024-10-29 10:38:49","商城世纪村,通透大三房,近地铁一号线","140","11348","3室2厅","中楼层/共11层","南","平层/精装","123.37平米","板塔结合","商城世纪村","红谷滩","https://vrlab-image4.ljcdn.com/release/screenshot/auto3d-i14bl_7_I8tpIE5v5iEXfE/71ba61a3f3e712fc3043508cbc1b4aad/1706144653_0/pc0_ZYC96UdKy.jpg?imageMogr2/quality/70/thumbnail/1024x","https://nc.lianjia.com/ershoufang/103121621583.html"
"294","2024-10-29 10:38:54","3号线江铃地铁站 精装3房 看房方便 楼层好小区环境好","100","10962","3室2厅","中楼层/共34层","南 北","平层/精装","91.23平米","板塔结合","江铃新力臻园","青云谱区","https://vrlab-image4.ljcdn.com/release/screenshot/auto3d-mjY6IL4rIPxfDhGyIxg00c/9c90f97194851772259702b850072481/1716700020_0/pc0_WTJWKclWP.jpg?imageMogr2/quality/70/thumbnail/1024x","https://nc.lianjia.com/ershoufang/103133408071.html"
"295","2024-10-29 10:38:56","一号线地铁口，电梯三居室，医院，商场等生活配套齐全","95","8606","3室2厅","中楼层/共11层","南","平层/简装","110.39平米","板楼","天泽园","青山湖区","https://vrlab-image4.ljcdn.com/release/screenshot/auto3d-qPTaU-s7kjK3w1jbQC1ToU/06af29a7ef2e3d93296cd2047de6b5dc/1728187949_4/pc0_Gm5c7A8La.jpg?imageMogr2/quality/70/thumbnail/1024x","https://nc.lianjia.com/ershoufang/103136287763.html"
"296","2024-10-29 10:39:00","容州港九城 3室2厅 南","55","6180","3室2厅","低楼层/共32层","南","平层/其他","89平米","板楼","容州港九城","新建区","https://vrlab-image4.ljcdn.com/release/screenshot/auto3d-wIraP8qb5nr9xceNacPg5z/9406ebc552327cc63452d62af1f98347/1721715603_0/pc0_r4ePrA9kI.jpg?imageMogr2/quality/70/thumbnail/1024x","https://nc.lianjia.com/ershoufang/103136227456.html"
"297","2024-10-29 10:39:04","九龙湖西站旁精装大三房新力物业","107.99","9297","3室1厅","中楼层/共32层","南","平层/精装","116.16平米","板塔结合","新力琥珀园二期","红谷滩","https://vrlab-image4.ljcdn.com/release/screenshot/auto3d-Dn9npcmEtcJaQZ9lm_r30v/90ce045f9ff3e1feea0e5751a17bc486/1705550829_3/pc0_bkR8yCDAj.jpg?imageMogr2/quality/70/thumbnail/1024x","https://nc.lianjia.com/ershoufang/103136652452.html"
"298","2024-10-29 10:39:08","次新小区 碧桂园中江温泉城B区精装洋房","115","9357","3室2厅","高楼层/共9层","南","平层/精装","122.91平米","暂无数据","碧桂园中江温泉城B区","红谷滩","https://vrlab-image4.ljcdn.com/release/screenshot/auto3d-rJkg7_R5qQ4sPsRE6mOqjA/0224da194e63c54d43b0867fd6018ffe/1725507496_2/pc0_X2AjRu2LF.jpg?imageMogr2/quality/70/thumbnail/1024x","https://nc.lianjia.com/ershoufang/103135607438.html"
"299","2024-10-29 10:39:12","朝阳新城地铁4号线 视野开阔 全天太阳","98","8600","3室2厅","中楼层/共28层","南","平层/其他","113.96平米","板楼","众鑫城上城","西湖区","https://vrlab-image4.ljcdn.com/release/screenshot/auto3d-txhZPVpkEbyJ7KY4prpeqs/a425ce34facbd230ae397e92b1182f4a/1726906443_3/pc0_KQvFtTvWl.jpg?imageMogr2/quality/70/thumbnail/1024x","https://nc.lianjia.com/ershoufang/103136008658.html"
"300","2024-10-29 10:39:13","红谷滩旁 马兰圩湿地公园 通透三房 次新楼盘 看中可谈","150","12500","3室2厅","中楼层/共32层","北 南","平层/精装","120平米","板楼","绿地中央公园江悦","新建区","https://vrlab-image4.ljcdn.com/release/screenshot/auto3d-CsCI7NO78funbIstZ5dC1l/50f79383de0dbf7f9e7ff632477ef344/1721194770_0/pc0_WPu1ZvFaK.jpg?imageMogr2/quality/70/thumbnail/1024x","https://nc.lianjia.com/ershoufang/103131803143.html"
"301","2024-10-29 10:53:51","老城区电梯洋房 方正户型 楼层好 采光好","96.5","7817","4室2厅","高楼层/共11层","南","平层/简装","123.46平米","暂无数据","蓝天郡","青云谱区","https://vrlab-image4.ljcdn.com/release/screenshot/auto3d-eYxSWIDVU1GF6eL20_WWaT/42627dd32a2e052fbd880bb7042ca71d/1726018685_19/pc0_e6CA9oG3A.jpg?imageMogr2/quality/70/thumbnail/1024x","https://nc.lianjia.com/ershoufang/103135863103.html"
"302","2024-10-29 10:54:02","红谷滩成熟商圈  交通便利  光线充足  房东诚心出售","125","10873","3室2厅","高楼层/共18层","南 北","平层/简装","114.97平米","板塔结合","商城世纪村","红谷滩","https://vrlab-image4.ljcdn.com/release/screenshot/auto3d-VAbKSt_f69kLPGdO3eAlpf/e209d3633116c99aceb1a9ccb864d06c/1720951109_0/pc0_bcxdE4AKg.jpg?imageMogr2/quality/70/thumbnail/1024x","https://nc.lianjia.com/ershoufang/103129586393.html"
"303","2024-10-29 10:54:12","保利春天小区环境好，总价低诚心出售","45","5057","3室1厅","低楼层/共33层","北 南","平层/精装","89平米","塔楼","保利春天里","南昌县","https://vrlab-image4.ljcdn.com/release/screenshot/auto3d-X0LGopTXYhbjWOeR-MQ3G5/4b553b7350b3942fb485a8563efcadea/1729048291_2/pc0_PNxhO9GY1.jpg?imageMogr2/quality/70/thumbnail/1024x","https://nc.lianjia.com/ershoufang/103136497599.html"
"304","2024-10-29 10:54:22","全封闭式小区，配套齐全 户型方正 通透格局，视野开阔","79.9","8978","3室2厅","中楼层/共27层","南","平层/精装","89平米","板楼","新力上园","南昌县","https://vrlab-image4.ljcdn.com/release/screenshot/auto3d-JVN3wNa6fvruKYsPzLCMy-/d0c0144c177dfe66e86d3d1eec92d42c/1727249945_2/pc0_eH9yUIJsk.jpg?imageMogr2/quality/70/thumbnail/1024x","https://nc.lianjia.com/ershoufang/103136200567.html"
"305","2024-10-29 10:54:33","湾里区罗马假日 1室1厅 北","12","2887","1室1厅","低楼层/共7层","北","平层/简装","41.58平米","塔楼","湾里区罗马假日","湾里区","https://vrlab-image4.ljcdn.com/release/screenshot/auto3d--Y_qTJCmiFEpDpar5_tmVa/b22578e061ef4bf425054be32b932c8f/1728978816_3/pc0_rRgHPlUHE.jpg?imageMogr2/quality/70/thumbnail/1024x","https://nc.lianjia.com/ershoufang/103136664040.html"
"306","2024-10-29 10:54:43","江铃瓦良格精装三房，出门地铁口，九颂荟商场繁华地段","85","6029","4室2厅","高楼层/共30层","南","平层/精装","141平米","塔楼","江铃瓦良格","南昌县","https://vrlab-image4.ljcdn.com/release/screenshot/auto3d-FjJqCpI1XUlrLEQUOuFOhq/04c85dec8b6bb988d0f4e607fdfe1863/1729053316_5/pc0_6rDARibPh.jpg?imageMogr2/quality/70/thumbnail/1024x","https://nc.lianjia.com/ershoufang/103136627208.html"
"307","2024-10-29 10:54:53","北京西路大院地铁口人民公园育新出入方便","180","16894","2室2厅","中楼层/共33层","南","平层/毛坯","106.55平米","板楼","苏宁檀悦","东湖区","https://vrlab-image4.ljcdn.com/release/screenshot/auto3d-fhBoy82Cb4sFHej66QcNb7/2b135844c4abf463f2f58818f2bb7066/1700287049_7/pc0_OhZc0Qzdb.jpg?imageMogr2/quality/70/thumbnail/1024x","https://nc.lianjia.com/ershoufang/103129846173.html"
"308","2024-10-29 10:55:03","国博一期端正三房 配套齐全 前排楼栋","78","8109","3室2厅","低楼层/共32层","南","平层/毛坯","96.19平米","板楼","绿地国际博览城一期卧珑","红谷滩","https://vrlab-image4.ljcdn.com/release/screenshot/auto3d-3SbOEKG4kVbgRfEN9PBATh/7472718fce0977597f6f6c3bf7b0879e/1697000976_0/pc0_BdksipBhY.jpg?imageMogr2/quality/70/thumbnail/1024x","https://nc.lianjia.com/ershoufang/103128923164.html"
"309","2024-10-29 10:55:14","九龙湖近地铁 苏式园林 央企华润物业  中高楼层视野好","100","8242","4室2厅","中楼层/共32层","南","平层/毛坯","121.34平米","塔楼","正荣华润玲珑府","红谷滩","https://vrlab-image4.ljcdn.com/release/auto3dhd/80e5b69553a8ccc2240c490af5b028c4/screenshot/1688097171_3/pc0_R9mo6VVCc.jpg?imageMogr2/quality/70/thumbnail/1024x","https://nc.lianjia.com/ershoufang/103127135190.html"
"310","2024-10-29 10:55:24","伟梦东方院 一梯一户 户型好大三房两卫 全天太阳 通透","70","5673","3室2厅","低楼层/共27层","南 北","平层/毛坯","123.41平米","板楼","伟梦东方院","南昌县","https://vrlab-image4.ljcdn.com/release/screenshot/auto3d-ySCb88e3pXwJk6XwJzENvj/cf6069f48c07403397feae282fa3d71a/1716875236_4/pc0_qaelH2zvt.jpg?imageMogr2/quality/70/thumbnail/1024x","https://nc.lianjia.com/ershoufang/103133447225.html"
"311","2024-10-29 10:55:34","楼层好，视野开阔，采光好，近澄碧湖，交通便利","57","6081","2室2厅","中楼层/共32层","东","平层/精装","93.74平米","塔楼","都市晴园","南昌县","https://vrlab-image4.ljcdn.com/release/screenshot/auto3d-fny1UGo1pUih_Fi-VQMSly/23adcf9564120e047134663517724dd8/1726218844_0/pc0_bCN4Beepi.jpg?imageMogr2/quality/70/thumbnail/1024x","https://nc.lianjia.com/ershoufang/103135890532.html"
"312","2024-10-29 10:55:45","增7年物业 保利幸福里 毛坯三室 电梯房","29","2606","3室2厅","低楼层/共26层","南","平层/毛坯","111.32平米","板楼","保利幸福里","湾里区","https://vrlab-image4.ljcdn.com/release/screenshot/auto3d-iuLXzByyyCGKIvhiyKJiV_/e151b65853b77b102040e56e0a0c1117/1720316812_17/pc0_8RkV8D2Dk.jpg?imageMogr2/quality/70/thumbnail/1024x","https://nc.lianjia.com/ershoufang/103134258411.html"
"313","2024-10-29 10:55:55","金麒麟世家半山半城 3室2厅 南","55","5150","3室2厅","中楼层/共18层","南","平层/毛坯","106.8平米","板楼","金麒麟世家半山半城","红谷滩","https://vrlab-image4.ljcdn.com/release/screenshot/auto3d-qiUsyZ8CGa8ZQJWRDdwuge/aa673333aaeeab52894096f93feb2f00/1694578288_5/pc0_0y4bdOfMc.jpg?imageMogr2/quality/70/thumbnail/1024x","https://nc.lianjia.com/ershoufang/103128456239.html"
"314","2024-10-29 10:56:05","中海铂宫，通透端户，不靠高架，三房两卫，全天阳光","135","12542","3室2厅","高楼层/共33层","南","平层/精装","107.64平米","板楼","中海朝阳郡铂宫","西湖区","https://vrlab-image4.ljcdn.com/release/auto3dhd/f3caa8a87442e62e9e318f8cb70a7ad8/screenshot/1585113275_12/pc0_5c3JZc6b1.jpg?imageMogr2/quality/70/thumbnail/1024x","https://nc.lianjia.com/ershoufang/103135922408.html"
"315","2024-10-29 10:56:16","地铁二号线龙岗站 华润凯旋门 精装小三房 师达附属","112","12693","3室2厅","高楼层/共32层","南","平层/精装","88.24平米","板楼","华润凯旋门","红谷滩","https://vrlab-image4.ljcdn.com/release/screenshot/auto3d-h9Y5HhwdXLabTNbK_Em6L3/439a95138b16246e3203f1ba0ab450cf/1725690870_2/pc0_JhHe8yHiO.jpg?imageMogr2/quality/70/thumbnail/1024x","https://nc.lianjia.com/ershoufang/103135654030.html"
"316","2024-10-29 10:56:26","装修好，全天太阳，位置优，拎包入住","25.8","5307","2室1厅","高楼层/共8层","南","平层/精装","48.62平米","板塔结合","朱紫巷社区","西湖区","https://vrlab-image4.ljcdn.com/release/screenshot/auto3d-QPYXHOxn_0DaZV9KvkGnVT/913733879cf5491bf75bf769c9f02888/1719302517_1/pc0_4JQ9HWQz7.jpg?imageMogr2/quality/70/thumbnail/1024x","https://nc.lianjia.com/ershoufang/103135871457.html"
"317","2024-10-29 10:56:36","万达广场旁 莱蒙都会电梯洋房 精装四房 得房率高","390","30835","4室2厅","高楼层/共6层","南 北","平层/精装","126.48平米","板楼","莱蒙都会南区","红谷滩","https://vrlab-image4.ljcdn.com/release/screenshot/auto3d-NxHiFQni0-AIlHkdmBCADq/f89487bb5036db8be96fbcdfe9043b93/1722741729_7/pc0_Fvsy5FF2A.jpg?imageMogr2/quality/70/thumbnail/1024x","https://nc.lianjia.com/ershoufang/103134787634.html"
"318","2024-10-29 10:56:47","公园、地铁 的4房2卫洋房  环境优美 生活配套齐全","80","6830","4室2厅","中楼层/共8层","南 北","平层/精装","117.14平米","暂无数据","淘鑫未未来","新建区","https://vrlab-image4.ljcdn.com/release/screenshot/auto3d-0B2j2dActJOuNNDsjj7S7Y/2d90eb3b01d9cad7049a9d99c33148aa/1728453501_3/pc0_rto1NSfz1.jpg?imageMogr2/quality/70/thumbnail/1024x","https://nc.lianjia.com/ershoufang/103136511189.html"
"319","2024-10-29 10:56:57","恒大城  精装三房  房东自住","57","5429","3室2厅","低楼层/共32层","南","平层/精装","105平米","板楼","恒大城","南昌县","https://vrlab-image4.ljcdn.com/release/screenshot/auto3d-eHi5508RFFQIfwxd7H88IA/6f714d7da240c031026f85712eb1575a/1720059366_16/pc0_mdTQ4rVSi.jpg?imageMogr2/quality/70/thumbnail/1024x","https://nc.lianjia.com/ershoufang/103134273523.html"
"320","2024-10-29 10:57:07","保利和光东区大四房，近地铁口，看房方便，带字母车位","150","10793","4室2厅","低楼层/共33层","南 北","平层/简装","138.99平米","板楼","保利和光一期东区","青云谱区","https://vrlab-image4.ljcdn.com/release/screenshot/auto3d-Y-RHCk-6Fq7tf2zqXE0bUH/fc817cf1c2a1be2a1b681eab98b98a80/1716102967_0/pc0_9Q1GdlTWY.jpg?imageMogr2/quality/70/thumbnail/1024x","https://nc.lianjia.com/ershoufang/103133262494.html"
"321","2024-10-29 10:57:17","国博一期端正三房 配套齐全 前排楼栋","78","8109","3室2厅","低楼层/共32层","南","平层/毛坯","96.19平米","板楼","绿地国际博览城一期卧珑","红谷滩","https://vrlab-image4.ljcdn.com/release/screenshot/auto3d-3SbOEKG4kVbgRfEN9PBATh/7472718fce0977597f6f6c3bf7b0879e/1697000976_0/pc0_BdksipBhY.jpg?imageMogr2/quality/70/thumbnail/1024x","https://nc.lianjia.com/ershoufang/103128923164.html"
"322","2024-10-29 10:57:28","联泰桥郡精装通透三房，近地铁商场，学，校，业主急售","186","16581","3室2厅","低楼层/共18层","南","平层/精装","112.18平米","板楼","联泰桥郡","红谷滩","https://vrlab-image4.ljcdn.com/release/auto3dhd/3e72072f746f6c56cacad9cc8772d3b8/screenshot/1663905474_13/pc0_WfYRUK6th.jpg?imageMogr2/quality/70/thumbnail/1024x","https://nc.lianjia.com/ershoufang/103121501640.html"
"323","2024-10-29 10:57:38","国土厅单位房 精装修，拎包入住 诚心出售，采光好","180","10796","4室2厅","低楼层/共32层","南","平层/其他","166.74平米","板楼","和諧花園","西湖区","https://vrlab-image4.ljcdn.com/release/screenshot/auto3d-E-FhZy7qrb282YvUnmMIe2/cd7947e5cc0dd84e3dcca52d9bdccb77/1726303220_1/pc0_ZZbrgpx3I.jpg?imageMogr2/quality/70/thumbnail/1024x","https://nc.lianjia.com/ershoufang/103136019983.html"
"324","2024-10-29 10:57:48","老洪城商圈，业主诚心出售，住宅的公寓","18","4757","1室1厅","高楼层/共19层","南 北","平层/精装","37.84平米","板楼","洪城财满街","西湖区","https://vrlab-image4.ljcdn.com/release/screenshot/auto3d-O9hWvsbOVFnx_8niZOq5Sh/4c7eb881322d338d5a0f042ca1c94be4/1717039916_0/pc0_raj4Dk8qN.jpg?imageMogr2/quality/70/thumbnail/1024x","https://nc.lianjia.com/ershoufang/103132012046.html"
"325","2024-10-29 10:57:59","此房楼层好，视野宽阔沿江而建的江景房","92","7771","3室2厅","低楼层/共33层","南","平层/精装","118.4平米","塔楼","万达首府L2区","红谷滩","https://vrlab-image4.ljcdn.com/release/screenshot/auto3d-euehWd8ClWJnpjrWH1QzW3/4f183485220f280203484180bc132118/1723085463_0/pc0_Za4fYORDN.jpg?imageMogr2/quality/70/thumbnail/1024x","https://nc.lianjia.com/ershoufang/103134980361.html"
"326","2024-10-29 10:58:09","朝阳新城，国贸物业，小高视野好，看房来店.","165","15628","3室2厅","低楼层/共18层","南","平层/精装","105.58平米","板楼","国贸阳光","西湖区","https://vrlab-image4.ljcdn.com/release/screenshot/auto3d-2aHTzyVIGXRSs2_kuy_F2G/bfba93ae97eb31b1ea88c02d0b665863/1718253913_5/pc0_Iw2Vy0JJB.jpg?imageMogr2/quality/70/thumbnail/1024x","https://nc.lianjia.com/ershoufang/103133678387.html"
"327","2024-10-29 10:58:19","经开区！青岚大道旁中海云麓里通透3房！业主诚售","80","8640","3室2厅","低楼层/共27层","南","平层/其他","92.6平米","暂无数据","中海云麓里","经开区","https://vrlab-image4.ljcdn.com/release/screenshot/auto3d-nI7LmYn105zNcSmryjpNrY/94aa85958ad9331cdd4220efcc195e42/1721716663_3/pc0_11hjFtjsA.jpg?imageMogr2/quality/70/thumbnail/1024x","https://nc.lianjia.com/ershoufang/103136215691.html"
"328","2024-10-29 10:58:30","维多利亚 滕王阁地铁口 总价低三房两卫","106","8925","3室2厅","低楼层/共12层","南","错层/简装","118.77平米","板楼","维多利亚华庭","西湖区","https://vrlab-image4.ljcdn.com/release/screenshot/auto3d-0f6Ej4h_-zufSstfiLIzRZ/45212f38d2b18d53a3220ffcbacd3f7b/1696837526_0/pc0_dqvqu2gDp.jpg?imageMogr2/quality/70/thumbnail/1024x","https://nc.lianjia.com/ershoufang/103120859367.html"
"329","2024-10-29 10:58:40","免费车位，房东自住精装修，有钥匙随时看房，楼层好。","125","9384","3室2厅","中楼层/共6层","南 北","跃层/精装","133.21平米","板楼","万科红墅","青山湖区","https://vrlab-image4.ljcdn.com/release/screenshot/auto3d-vf_GoDw5yPSqXsjCc5zgBe/dbc1de524517b745900461ef8189cf6c/1711859955_0/pc0_bUApI1jk7.jpg?imageMogr2/quality/70/thumbnail/1024x","https://nc.lianjia.com/ershoufang/103132112091.html"
"330","2024-10-29 10:58:50","降价绿地外滩公馆绝 车位可分开出售 有意向来看","280","25902","3室2厅","低楼层/共32层","南 北","平层/简装","108.1平米","塔楼","绿地外滩公馆","红谷滩","https://vrlab-image4.ljcdn.com/release/auto3dhd/4072b437e807d9a54d2b18ea674e9a58/screenshot/1609211749_11/pc0_2INDpK1cn.jpg?imageMogr2/quality/70/thumbnail/1024x","https://nc.lianjia.com/ershoufang/103126326549.html"
"331","2024-10-29 10:59:01","诚心出售    小区环境优美     适合养老居住","125","10956","3室2厅","低楼层/共30层","南","平层/精装","114.1平米","塔楼","融创·翰江府","红谷滩","https://vrlab-image4.ljcdn.com/release/screenshot/auto3d-kR6zKhSbS6AjugnrYAMvJC/6fa305e1d28005c2fdfea032eb88a8db/1709780597_0/pc0_ircbuqTPp.jpg?imageMogr2/quality/70/thumbnail/1024x","https://nc.lianjia.com/ershoufang/103131519542.html"
"332","2024-10-29 10:59:11","此房满五年，两房朝南采光充足，生活配套成熟。","37","6772","2室1厅","中楼层/共18层","南 北","平层/精装","54.64平米","板楼","景城名郡","南昌县","https://vrlab-image4.ljcdn.com/release/screenshot/auto3d-uQi4lrk_bA4JrGv3LUoBH9/0428042fc7d21837d81bc634600c33f1/1721529963_0/pc0_DJDYCO4ZA.jpg?imageMogr2/quality/70/thumbnail/1024x","https://nc.lianjia.com/ershoufang/103134725116.html"
"333","2024-10-29 10:59:21","小区环境好，物业管理好，封闭式小区，交通便利","89","9328","3室2厅","中楼层/共18层","南","平层/精装","95.42平米","板楼","万科城三期","青山湖区","https://vrlab-image4.ljcdn.com/release/auto3dhd/163e9d69ee3d78b71b82385923f54c45/screenshot/1684901575_0/pc0_1m98Pp1y1.jpg?imageMogr2/quality/70/thumbnail/1024x","https://nc.lianjia.com/ershoufang/103126454290.html"
"334","2024-10-29 10:59:32","地铁口小面积  总价低 正规一室  通燃气","58","11758","1室1厅","高楼层/共33层","南","平层/简装","49.33平米","板塔结合","万达星城西区","红谷滩","https://vrlab-image4.ljcdn.com/release/auto3dhd/a2c09e90e9c211d8d63ddd0038f6e71a/screenshot/1684377436_6/pc0_lHKLNL2GC.jpg?imageMogr2/quality/70/thumbnail/1024x","https://nc.lianjia.com/ershoufang/103126225395.html"
"335","2024-10-29 10:59:42","洪大赣江城 端户 三房两厅两卫  沿江视野宽阔","85","6297","3室2厅","中楼层/共33层","南","平层/毛坯","135平米","板楼","洪大赣江城","南昌县","https://vrlab-image4.ljcdn.com/release/auto3dhd/190b98dde039050bd4aa917fccd60865/screenshot/1639014460_0/pc0_JlFi5tzrs.jpg?imageMogr2/quality/70/thumbnail/1024x","https://nc.lianjia.com/ershoufang/103118166065.html"
"336","2024-10-29 10:59:52","万达滨江学府 刚需三房 好楼层 光线视野无挡","60","6115","3室2厅","高楼层/共33层","南 北","平层/毛坯","98.12平米","塔楼","滨江学府M1区","红谷滩","https://vrlab-image4.ljcdn.com/release/screenshot/auto3d-IEELC-QHqnPj1URVbMibPq/3fea9f9af769eb1ed6ce54334f4670c3/1710207612_0/pc0_19F7MdxZQ.jpg?imageMogr2/quality/70/thumbnail/1024x","https://nc.lianjia.com/ershoufang/103131630730.html"
"337","2024-10-29 11:00:03","省单位集资房，通透四房，带空调地暖，一梯一户","190","14243","4室2厅","中楼层/共29层","南","平层/精装","133.4平米","板楼","和谐家园","红谷滩","https://vrlab-image4.ljcdn.com/release/auto3dhd/14f75d0063d2b35840ef08dfed9eae6c/screenshot/1683863239_0/pc0_fYadKbHKw.jpg?imageMogr2/quality/70/thumbnail/1024x","https://nc.lianjia.com/ershoufang/103125137785.html"
"338","2024-10-29 11:00:13","九龙湖近地铁 一梯一户 独立电梯厅 诚心售可随时看房","63","5121","3室2厅","低楼层/共33层","南","平层/毛坯","123.03平米","暂无数据","西站明珠","新建区","https://vrlab-image4.ljcdn.com/release/screenshot/auto3d-dGV0XC5o3IdamouVlr6fuM/8e43ceb5c513e4a4f1351722ac60af4d/1705640630_3/pc0_3pQitm4m0.jpg?imageMogr2/quality/70/thumbnail/1024x","https://nc.lianjia.com/ershoufang/103130687537.html"
"339","2024-10-29 11:00:23","16楼层精致两房，房型好，不容错过哦","48.8","5689","2室2厅","高楼层/共21层","南","平层/精装","85.79平米","板楼","丰源·淳和","南昌县","https://vrlab-image4.ljcdn.com/release/auto3dhd/4724d2e4452fbc5f9e3132c0c02f44c1/screenshot/1600493514_5/pc0_bJfeIUhZj.jpg?imageMogr2/quality/70/thumbnail/1024x","https://nc.lianjia.com/ershoufang/103110185342.html"
"340","2024-10-29 11:00:34","友邦公馆 地铁口 精品3房 家居家电全带","130","13955","2室2厅","高楼层/共22层","南","平层/精装","93.16平米","板楼","友邦皇家公馆","红谷滩","https://vrlab-image4.ljcdn.com/release/screenshot/auto3d-RppgeocDZgBocbItDV6SQ_/860a0f458b5fbc30488de5319eb88e71/1698827421_1/pc0_NweVYFvqC.jpg?imageMogr2/quality/70/thumbnail/1024x","https://nc.lianjia.com/ershoufang/103129528568.html"
"341","2024-10-29 11:00:43","保利和光东区大四房，近地铁口，看房方便，带字母车位","150","10793","4室2厅","低楼层/共33层","南 北","平层/简装","138.99平米","板楼","保利和光一期东区","青云谱区","https://vrlab-image4.ljcdn.com/release/screenshot/auto3d-Y-RHCk-6Fq7tf2zqXE0bUH/fc817cf1c2a1be2a1b681eab98b98a80/1716102967_0/pc0_9Q1GdlTWY.jpg?imageMogr2/quality/70/thumbnail/1024x","https://nc.lianjia.com/ershoufang/103133262494.html"
"342","2024-10-29 11:00:54","房子户型端正    南北双阳台  楼间距宽","67","5296","3室2厅","中楼层/共11层","南","平层/毛坯","126.52平米","板楼","保利瑶湖郡","高新区","https://vrlab-image4.ljcdn.com/release/auto3dhd/562f9e45ff03235930caff077fb3e27a/screenshot/1665718543_0/pc0_DTeOWZfPM.jpg?imageMogr2/quality/70/thumbnail/1024x","https://nc.lianjia.com/ershoufang/103122483048.html"
"343","2024-10-29 11:01:04","2号线地铁口西客站出行便利户型方正华润大品牌开发商","105","11905","3室2厅","中楼层/共33层","南","平层/毛坯","88.2平米","板楼","华润凯旋门","红谷滩","https://vrlab-image4.ljcdn.com/release/screenshot/auto3d-NDgemi4Gqqy9gtib3V3j2G/c12714b2c43a91ca3cd1ae8e8d772e8d/1711855839_0/pc0_EoFmUBgpH.jpg?imageMogr2/quality/70/thumbnail/1024x","https://nc.lianjia.com/ershoufang/103136900703.html"
"344","2024-10-29 11:01:15","房东诚心卖，视野好，靠万达旁，小区物业管理严谨有序","50","4672","3室2厅","高楼层/共34层","南","平层/毛坯","107.03平米","板楼","通源新建城B1","新建区","https://vrlab-image4.ljcdn.com/release/screenshot/auto3d-ymAxWorEmoYdLyFiJDYo-g/89d6b4d5e5aafaf8f1bfb80f4a774ffd/1715758588_2/pc0_hZeoUjlgs.jpg?imageMogr2/quality/70/thumbnail/1024x","https://nc.lianjia.com/ershoufang/103133133176.html"
"345","2024-10-29 11:01:25","船山路万寿宫文化街旁，6000多两房，近地铁太阳好","23.5","3989","2室1厅","高楼层/共8层","南","平层/简装","58.92平米","板塔结合","惠民门二区","西湖区","https://vrlab-image4.ljcdn.com/release/auto3dhd/56f9e8f023e0f8bb20c46871957ca727/screenshot/1685777410_1/pc0_e2keeFzwq.jpg?imageMogr2/quality/70/thumbnail/1024x","https://nc.lianjia.com/ershoufang/103126543692.html"
"346","2024-10-29 11:01:35","绿地国际博览城二期天玺 3室2厅 南","150","13139","3室2厅","高楼层/共6层","南","平层/毛坯","114.17平米","板楼","绿地国际博览城二期天玺","红谷滩","https://vrlab-image4.ljcdn.com/release/screenshot/auto3d-ws2QZLzdaeUAyo_lCLeg4T/f8defce9b22e538176421fb85e96dd2b/1722414670_0/pc0_epTsJgMSJ.jpg?imageMogr2/quality/70/thumbnail/1024x","https://nc.lianjia.com/ershoufang/103134874075.html"
"347","2024-10-29 11:01:45","国土厅单位房 精装修，拎包入住 诚心出售，采光好","180","10796","4室2厅","低楼层/共32层","南","平层/其他","166.74平米","板楼","和諧花園","西湖区","https://vrlab-image4.ljcdn.com/release/screenshot/auto3d-E-FhZy7qrb282YvUnmMIe2/cd7947e5cc0dd84e3dcca52d9bdccb77/1726303220_1/pc0_ZZbrgpx3I.jpg?imageMogr2/quality/70/thumbnail/1024x","https://nc.lianjia.com/ershoufang/103136019983.html"
"348","2024-10-29 11:01:56","万科物业3房2厅户型，居住实用率高，小区配套设施齐全","78","8864","3室2厅","高楼层/共34层","南","平层/精装","88平米","板楼","万科金域国际","经开区","https://vrlab-image4.ljcdn.com/release/auto3dhd/beeb233b8b33594b350ead6ebf2bf4e8/screenshot/1687312895_10/pc0_BJobtxhpz.jpg?imageMogr2/quality/70/thumbnail/1024x","https://nc.lianjia.com/ershoufang/103122515744.html"
"349","2024-10-29 11:02:06","地铁口 精装小三房 视野采光佳","70","7821","3室2厅","中楼层/共34层","南 北","平层/精装","89.51平米","塔楼","新力禧园","红谷滩","https://vrlab-image4.ljcdn.com/release/auto3dhd/23752aabf16abe5cce0b4fd90618ba17/screenshot/1675750853_3/pc0_gySnfhgZ6.jpg?imageMogr2/quality/70/thumbnail/1024x","https://nc.lianjia.com/ershoufang/103123974512.html"
"350","2024-10-29 11:02:16","万科华侨城，全天采光，好楼层，带家具家电拎包入住","168","18900","3室2厅","中楼层/共26层","南","平层/精装","88.89平米","暂无数据","华侨城万科云域","西湖区","https://vrlab-image4.ljcdn.com/release/screenshot/auto3d-T_NPGgra5j_5xPdDrWhRF3/e8f8ab637d5c7c26656c97df95423860/1712799541_3/pc0_Y9FYfLCr7.jpg?imageMogr2/quality/70/thumbnail/1024x","https://nc.lianjia.com/ershoufang/103132399558.html"
"351","2024-10-29 11:02:26","天虹楼上4号线地铁口 精装三房两卫","139","11965","3室2厅","中楼层/共29层","南","平层/精装","116.18平米","板楼","九洲上郡","西湖区","https://vrlab-image4.ljcdn.com/release/screenshot/auto3d-ArWvW6s_T9evln4EscV84w/a7e88994ca5ddfe121a82b767143297e/1726904447_3/pc0_9Z4mpCDsx.jpg?imageMogr2/quality/70/thumbnail/1024x","https://nc.lianjia.com/ershoufang/103136159961.html"
"352","2024-10-29 11:02:37","恒茂未来都会  房东诚心出售   看中好谈","45","5060","3室2厅","高楼层/共12层","南 北","平层/精装","88.95平米","板楼","恒茂未来都会一期","湾里区","https://vrlab-image4.ljcdn.com/release/auto3dhd/c605bce10fb09c9dee99d68d9eaa70f3/screenshot/1685261382_0/pc0_vmyjeqp6r.jpg?imageMogr2/quality/70/thumbnail/1024x","https://nc.lianjia.com/ershoufang/103126396581.html"
"353","2024-10-29 11:02:47","地铁一号线 湖景公寓急售 各付税费","12","4447","1室0厅","高楼层/共28层","北","平层/精装","26.99平米","塔楼","君汇半岛","高新区","https://vrlab-image4.ljcdn.com/release/screenshot/auto3d-11M-0Pb_X10DPnI8hAHHOu/f658572564ba99d50a162ba105504d8f/1714031766_0/pc0_Fqgr9kJxQ.jpg?imageMogr2/quality/70/thumbnail/1024x","https://nc.lianjia.com/ershoufang/103132675498.html"
"354","2024-10-29 11:02:58","业主急售二加一户型 配套齐全 生活出行便利","82","8907","3室2厅","中楼层/共33层","南","平层/简装","92.07平米","板楼","联发君悦湖","高新区","https://vrlab-image4.ljcdn.com/release/auto3dhd/7958c7f32bd9348aa8b89073afe107a1/screenshot/1686382299_0/pc0_WuCRXsflj.jpg?imageMogr2/quality/70/thumbnail/1024x","https://nc.lianjia.com/ershoufang/103126546468.html"
"355","2024-10-29 11:03:08","想买滨江明珠小区房可以点进来看一下，小区环境品质好","75","8634","2室1厅","低楼层/共31层","东","平层/精装","86.87平米","板塔结合","滨江明珠","西湖区","https://vrlab-image4.ljcdn.com/release/auto3dhd/47aa2c81ec0d9ab09f42faf39b79f3f1/screenshot/1679535503_0/pc0_Xcqg6khfY.jpg?imageMogr2/quality/70/thumbnail/1024x","https://nc.lianjia.com/ershoufang/103129981130.html"
"356","2024-10-29 11:03:18","站小和心远，不靠铁路，高层三房，视野开阔，随时看","73","6853","3室2厅","高楼层/共27层","南","平层/毛坯","106.53平米","板楼","西站瑞都","红谷滩","https://vrlab-image4.ljcdn.com/release/auto3dhd/1d07dcc80e339ea9fdbf8bfe125a8864/screenshot/1688005030_3/pc0_sq9JDKjbS.jpg?imageMogr2/quality/70/thumbnail/1024x","https://nc.lianjia.com/ershoufang/103127157861.html"
"357","2024-10-29 11:03:29","山姆华润旁 地铁 30万精装修三房    拧包入住","210","19682","3室2厅","中楼层/共16层","南 北","平层/精装","106.7平米","板楼","联泰桥郡","红谷滩","https://vrlab-image4.ljcdn.com/release/screenshot/auto3d-JrNoyIdcnuwm82MFdWT9Iy/848bf048324f36787de871f5219478d4/1718439260_0/pc0_vcHzbaZSn.jpg?imageMogr2/quality/70/thumbnail/1024x","https://nc.lianjia.com/ershoufang/103133721056.html"
"358","2024-10-29 11:03:39","紫金园西区 精装修家电家具全带  业主急售","96","11606","2室2厅","中楼层/共6层","东南","平层/精装","82.72平米","塔楼","紫金园西区","红谷滩","https://vrlab-image4.ljcdn.com/release/screenshot/auto3d-UCsQZ3AoOwFIXe5iU2k5vD/c9f66159c61f819da333d2f69fa1b4da/1723170689_11/pc0_UOK1eJXJA.jpg?imageMogr2/quality/70/thumbnail/1024x","https://nc.lianjia.com/ershoufang/103135001551.html"
"359","2024-10-29 11:03:49","诚心出售    小区环境优美     适合养老居住","125","10956","3室2厅","低楼层/共30层","南","平层/精装","114.1平米","塔楼","融创·翰江府","红谷滩","https://vrlab-image4.ljcdn.com/release/screenshot/auto3d-kR6zKhSbS6AjugnrYAMvJC/6fa305e1d28005c2fdfea032eb88a8db/1709780597_0/pc0_ircbuqTPp.jpg?imageMogr2/quality/70/thumbnail/1024x","https://nc.lianjia.com/ershoufang/103131519542.html"
"360","2024-10-29 11:03:59","国贸阳光好楼层精装修通透大三房拎包入住即可全天太阳","208","17319","3室2厅","中楼层/共32层","南","平层/精装","120.1平米","板楼","国贸阳光","西湖区","https://vrlab-image4.ljcdn.com/release/screenshot/auto3d-k3q3E4-O4sv_gw3lqyvs5U/08914b3b3ab4f59ee621b370e1bf110b/1726887307_1/pc0_atFoX222K.jpg?imageMogr2/quality/70/thumbnail/1024x","https://nc.lianjia.com/ershoufang/103136125580.html"
"361","2024-10-29 11:04:10","房东自主   干净整洁   双阳台   完全人车分流","136","12373","3室2厅","低楼层/共32层","南","平层/精装","109.92平米","塔楼","艾溪康桥","高新区","https://vrlab-image4.ljcdn.com/release/screenshot/auto3d-K_dh9A7y6xZ30w82GVNDnm/5c625d927d853cef1089f6dc9997b591/1722822625_0/pc0_xW6slWVL1.jpg?imageMogr2/quality/70/thumbnail/1024x","https://nc.lianjia.com/ershoufang/103134662466.html"
"362","2024-10-29 11:04:20","南北通透，户型方正，居住舒适，出行便捷。","66.8","6310","3室2厅","中楼层/共32层","南 北","平层/精装","105.88平米","板楼","恒大城","南昌县","https://vrlab-image4.ljcdn.com/release/screenshot/auto3d-s5GSxhAJZKlifhIsBJFF6u/2acc2fa5b2b543366ccdd8beece418a8/1728285593_6/pc0_KPgewkEeA.jpg?imageMogr2/quality/70/thumbnail/1024x","https://nc.lianjia.com/ershoufang/103136490190.html"
"363","2024-10-29 11:04:30","恒大城  精装三房  房东自住","57","5429","3室2厅","低楼层/共32层","南","平层/精装","105平米","板楼","恒大城","南昌县","https://vrlab-image4.ljcdn.com/release/screenshot/auto3d-eHi5508RFFQIfwxd7H88IA/6f714d7da240c031026f85712eb1575a/1720059366_16/pc0_mdTQ4rVSi.jpg?imageMogr2/quality/70/thumbnail/1024x","https://nc.lianjia.com/ershoufang/103134273523.html"
"364","2024-10-29 11:04:41","万达城，房子满两年，楼层好,视线充足。","93","7080","3室2厅","高楼层/共33层","南 北","平层/毛坯","131.37平米","塔楼","滨江悦府K2区","红谷滩","https://vrlab-image4.ljcdn.com/release/auto3dhd/31aafaa9cf4cf2c84b29dcd1c677fa09/screenshot/1660618867_0/pc0_J8fIh7Lon.jpg?imageMogr2/quality/70/thumbnail/1024x","https://nc.lianjia.com/ershoufang/103121849394.html"
"365","2024-10-29 11:04:52","昌北经开区绿腾雅苑个人精装两房诚心出售","50","6173","2室2厅","中楼层/共5层","南","平层/精装","81平米","板楼","绿腾雅苑","经开区","https://vrlab-image4.ljcdn.com/release/screenshot/auto3d-slHVlFTWAq-BFnO9JAH6PS/9aa66d26c97a176a35a2472d60b7c8ba/1718242338_0/pc0_yENxrBgeN.jpg?imageMogr2/quality/70/thumbnail/1024x","https://nc.lianjia.com/ershoufang/103133729286.html"
"366","2024-10-29 11:05:02","好楼层 视野好看江景 房东诚心卖 价格可谈","160","12021","3室1厅","中楼层/共32层","南","平层/毛坯","133.11平米","板楼","海珀九龙芙蓉","红谷滩","https://vrlab-image4.ljcdn.com/release/screenshot/auto3d-nev0dHdKUoFV1DeppycUyX/0759ccadca8c4c78ae8eddf0de63f44a/1700975225_0/pc0_QsNrBBW2f.jpg?imageMogr2/quality/70/thumbnail/1024x","https://nc.lianjia.com/ershoufang/103129872114.html"
"367","2024-10-29 11:05:13","精装小洋房，出入方便，交通便利，一个来电随时看房。","63","7264","3室1厅","低楼层/共7层","南 北","平层/精装","86.73平米","暂无数据","民德路","东湖区","https://vrlab-image4.ljcdn.com/release/auto3dhd/96dafd5c920aa3ed1ee1509df48d4da1/screenshot/1586070592_3/pc0_mTFxDSCME.jpg?imageMogr2/quality/70/thumbnail/1024x","https://nc.lianjia.com/ershoufang/103124695696.html"
"368","2024-10-29 11:05:23","房子户型端正    南北双阳台  楼间距宽","67","5296","3室2厅","中楼层/共11层","南","平层/毛坯","126.52平米","板楼","保利瑶湖郡","高新区","https://vrlab-image4.ljcdn.com/release/auto3dhd/562f9e45ff03235930caff077fb3e27a/screenshot/1665718543_0/pc0_DTeOWZfPM.jpg?imageMogr2/quality/70/thumbnail/1024x","https://nc.lianjia.com/ershoufang/103122483048.html"
"369","2024-10-29 11:05:33","2号线地铁口西客站出行便利户型方正华润大品牌开发商","105","11905","3室2厅","中楼层/共33层","南","平层/毛坯","88.2平米","板楼","华润凯旋门","红谷滩","https://vrlab-image4.ljcdn.com/release/screenshot/auto3d-NDgemi4Gqqy9gtib3V3j2G/c12714b2c43a91ca3cd1ae8e8d772e8d/1711855839_0/pc0_EoFmUBgpH.jpg?imageMogr2/quality/70/thumbnail/1024x","https://nc.lianjia.com/ershoufang/103136900703.html"
"370","2024-10-29 11:05:43","房东诚心卖，视野好，靠万达旁，小区物业管理严谨有序","50","4672","3室2厅","高楼层/共34层","南","平层/毛坯","107.03平米","板楼","通源新建城B1","新建区","https://vrlab-image4.ljcdn.com/release/screenshot/auto3d-ymAxWorEmoYdLyFiJDYo-g/89d6b4d5e5aafaf8f1bfb80f4a774ffd/1715758588_2/pc0_hZeoUjlgs.jpg?imageMogr2/quality/70/thumbnail/1024x","https://nc.lianjia.com/ershoufang/103133133176.html"
"371","2024-10-29 11:05:53","保利和光东区大四房，近地铁口，看房方便，带字母车位","150","10793","4室2厅","低楼层/共33层","南 北","平层/简装","138.99平米","板楼","保利和光一期东区","青云谱区","https://vrlab-image4.ljcdn.com/release/screenshot/auto3d-Y-RHCk-6Fq7tf2zqXE0bUH/fc817cf1c2a1be2a1b681eab98b98a80/1716102967_0/pc0_9Q1GdlTWY.jpg?imageMogr2/quality/70/thumbnail/1024x","https://nc.lianjia.com/ershoufang/103133262494.html"
"372","2024-10-29 11:06:03","香江旁边  有地铁 电梯洋房三房两厅  好楼层 急售","89.5","10159","3室2厅","中楼层/共7层","南 北","平层/精装","88.1平米","板楼","天香雅居","青山湖区","https://vrlab-image4.ljcdn.com/release/screenshot/auto3d-hzLIgFjB3pKyHIYs8HyZHA/906ca65ccf780718e168e45d03d089f1/1724815193_0/pc0_wh9r6DZaQ.jpg?imageMogr2/quality/70/thumbnail/1024x","https://nc.lianjia.com/ershoufang/103135504743.html"
"373","2024-10-29 11:06:14","国博一期端正三房 配套齐全 前排楼栋","78","8109","3室2厅","低楼层/共32层","南","平层/毛坯","96.19平米","板楼","绿地国际博览城一期卧珑","红谷滩","https://vrlab-image4.ljcdn.com/release/screenshot/auto3d-3SbOEKG4kVbgRfEN9PBATh/7472718fce0977597f6f6c3bf7b0879e/1697000976_0/pc0_BdksipBhY.jpg?imageMogr2/quality/70/thumbnail/1024x","https://nc.lianjia.com/ershoufang/103128923164.html"
"374","2024-10-29 11:06:24","友邦公馆 地铁口 精品3房 家居家电全带","130","13955","2室2厅","高楼层/共22层","南","平层/精装","93.16平米","板楼","友邦皇家公馆","红谷滩","https://vrlab-image4.ljcdn.com/release/screenshot/auto3d-RppgeocDZgBocbItDV6SQ_/860a0f458b5fbc30488de5319eb88e71/1698827421_1/pc0_NweVYFvqC.jpg?imageMogr2/quality/70/thumbnail/1024x","https://nc.lianjia.com/ershoufang/103129528568.html"
"375","2024-10-29 11:06:34","户型端正，采光充足，精装三房两卫带车位各付税费","160","13713","3室2厅","低楼层/共20层","南","平层/精装","116.68平米","暂无数据","书香瑶庭","高新区","https://vrlab-image4.ljcdn.com/release/screenshot/auto3d-eqU_UJHye1D-wfFRKvhrAc/07877ca298a595c5d7292468272430aa/1727330722_6/pc0_BH6Xjg39C.jpg?imageMogr2/quality/70/thumbnail/1024x","https://nc.lianjia.com/ershoufang/103136284118.html"
"376","2024-10-29 11:06:44","16楼层精致两房，房型好，不容错过哦","48.8","5689","2室2厅","高楼层/共21层","南","平层/精装","85.79平米","板楼","丰源·淳和","南昌县","https://vrlab-image4.ljcdn.com/release/auto3dhd/4724d2e4452fbc5f9e3132c0c02f44c1/screenshot/1600493514_5/pc0_bJfeIUhZj.jpg?imageMogr2/quality/70/thumbnail/1024x","https://nc.lianjia.com/ershoufang/103110185342.html"
"377","2024-10-29 11:06:55","恒大城  精装三房  房东自住","57","5429","3室2厅","低楼层/共32层","南","平层/精装","105平米","板楼","恒大城","南昌县","https://vrlab-image4.ljcdn.com/release/screenshot/auto3d-eHi5508RFFQIfwxd7H88IA/6f714d7da240c031026f85712eb1575a/1720059366_16/pc0_mdTQ4rVSi.jpg?imageMogr2/quality/70/thumbnail/1024x","https://nc.lianjia.com/ershoufang/103134273523.html"
"378","2024-10-29 11:07:05","精装修电梯三房 南面洋房无遮挡 诚心出售","78.8","6116","3室2厅","高楼层/共11层","南","平层/其他","128.86平米","板楼","象湖公馆九里象湖城","南昌县","https://vrlab-image4.ljcdn.com/release/screenshot/auto3d-jU_21brX8ePApoD4fVJotU/4371f40cb36f08870d9080412debb8a5/1729666893_12/pc0_7sdqLEfF3.jpg?imageMogr2/quality/70/thumbnail/1024x","https://nc.lianjia.com/ershoufang/103136804025.html"
"379","2024-10-29 11:07:15","中堡站地铁口精装修小洋房 九龙阳光二期 诚心出售","82","9271","3室2厅","中楼层/共7层","南","平层/精装","88.45平米","板塔结合","九龙阳光二期","红谷滩","https://vrlab-image4.ljcdn.com/release/screenshot/auto3d-zVAX4kiOVB81JuMh6P4cRs/4dc642e6f4895999360dcbd2a9802870/1716341449_3/pc0_uwxyVPyn2.jpg?imageMogr2/quality/70/thumbnail/1024x","https://nc.lianjia.com/ershoufang/103132284943.html"
"380","2024-10-29 11:07:26","户型方正，交通便利，带地暖，配套齐全","88","8644","2室2厅","中楼层/共11层","南","平层/精装","101.81平米","板楼","满庭春MOMA","青山湖区","https://vrlab-image4.ljcdn.com/release/screenshot/auto3d-oEMR-HZZ8YcqD00JiQt9W5/f8dd2919d3e1a875f9dac7403c76a63e/1704356434_3/pc0_0CDdnwauh.jpg?imageMogr2/quality/70/thumbnail/1024x","https://nc.lianjia.com/ershoufang/103130650787.html"
"381","2024-10-29 11:07:36","绿地国际博览城二期天玺 3室2厅 南","150","13139","3室2厅","高楼层/共6层","南","平层/毛坯","114.17平米","板楼","绿地国际博览城二期天玺","红谷滩","https://vrlab-image4.ljcdn.com/release/screenshot/auto3d-ws2QZLzdaeUAyo_lCLeg4T/f8defce9b22e538176421fb85e96dd2b/1722414670_0/pc0_epTsJgMSJ.jpg?imageMogr2/quality/70/thumbnail/1024x","https://nc.lianjia.com/ershoufang/103134874075.html"
"382","2024-10-29 11:07:46","国土厅单位房 精装修，拎包入住 诚心出售，采光好","180","10796","4室2厅","低楼层/共32层","南","平层/其他","166.74平米","板楼","和諧花園","西湖区","https://vrlab-image4.ljcdn.com/release/screenshot/auto3d-E-FhZy7qrb282YvUnmMIe2/cd7947e5cc0dd84e3dcca52d9bdccb77/1726303220_1/pc0_ZZbrgpx3I.jpg?imageMogr2/quality/70/thumbnail/1024x","https://nc.lianjia.com/ershoufang/103136019983.html"
"383","2024-10-29 11:07:56","船山路万寿宫文化街旁，6000多两房，近地铁太阳好","23.5","3989","2室1厅","高楼层/共8层","南","平层/简装","58.92平米","板塔结合","惠民门二区","西湖区","https://vrlab-image4.ljcdn.com/release/auto3dhd/56f9e8f023e0f8bb20c46871957ca727/screenshot/1685777410_1/pc0_e2keeFzwq.jpg?imageMogr2/quality/70/thumbnail/1024x","https://nc.lianjia.com/ershoufang/103126543692.html"
"384","2024-10-29 11:08:07","一看就喜欢的装修。可以拎包入住，诚心出售","121","9826","3室2厅","低楼层/共33层","南 北","平层/精装","123.15平米","板楼","湖韵天成","高新区","https://vrlab-image4.ljcdn.com/release/auto3dhd/a8af0eff0eb81c114519a4feb38bf971/screenshot/1682401966_0/pc0_JkW8nQQ07.jpg?imageMogr2/quality/70/thumbnail/1024x","https://nc.lianjia.com/ershoufang/103136275354.html"
"385","2024-10-29 11:08:17","装修清爽 地铁口 交通便利 配套完善","134","10099","4室2厅","低楼层/共32层","南","平层/精装","132.69平米","板楼","绿地新都会","高新区","https://vrlab-image4.ljcdn.com/release/screenshot/auto3d-gIDWK7VvJXmkBZcwM3TZ90/d89efb96dbf1951a0d044df59223da52/1725094066_7/pc0_6EKegam6U.jpg?imageMogr2/quality/70/thumbnail/1024x","https://nc.lianjia.com/ershoufang/103135622024.html"
"386","2024-10-29 11:08:28","团结路花园洋房，可看江景，出门就是地铁站，楼层好","166","9043","4室2厅","高楼层/共14层","南","错层/其他","183.58平米","板楼","维多利亚华庭","西湖区","https://vrlab-image4.ljcdn.com/release/screenshot/auto3d-eh_JkFFD4nZLwN4NHh1Oyt/8c14beb6701e78fd787935bb0d7f3bdc/1729317628_18/pc0_SzMd1nl3c.jpg?imageMogr2/quality/70/thumbnail/1024x","https://nc.lianjia.com/ershoufang/103136768113.html"
"387","2024-10-29 11:08:38","沃尔玛、华润万家、菜市场、配套齐全好楼层采光好","62","7115","3室2厅","中楼层/共18层","南","平层/其他","87.14平米","板楼","幸福时光二期","南昌县","https://vrlab-image4.ljcdn.com/release/screenshot/auto3d-12bzJ6DKekVFpgXzeap2vX/fd4a2d956923c440ab6afe77b675b910/1728635965_0/pc0_GJGZybrLR.jpg?imageMogr2/quality/70/thumbnail/1024x","https://nc.lianjia.com/ershoufang/103136602904.html"
"388","2024-10-29 11:08:48","精装一房 地铁口 好楼层 房东诚心出售 看房有钥匙","32","10172","1室1厅","高楼层/共25层","南","平层/精装","31.46平米","塔楼","万达星城西区","红谷滩","https://vrlab-image4.ljcdn.com/release/screenshot/auto3d-Zw6DBzq7EM5Nq-qTfQ__7-/4617735b8e10ed9f328d000f7bde68ae/1699774219_0/pc0_6uz5FT8jX.jpg?imageMogr2/quality/70/thumbnail/1024x","https://nc.lianjia.com/ershoufang/103129778696.html"
"389","2024-10-29 11:08:59","房型格局好，配套齐全，交通便利，户型通透","123","13295","2室2厅","中楼层/共5层","南","错层/精装","92.52平米","板楼","万科四季花城北区","高新区","https://vrlab-image4.ljcdn.com/release/screenshot/auto3d-_j6rhlsRV-pA1VwJv_qQ_B/3c0b99f890e7b46b4310b7fa2d4f7985/1725067014_0/pc0_9BVKxHqT9.jpg?imageMogr2/quality/70/thumbnail/1024x","https://nc.lianjia.com/ershoufang/103135515932.html"
"390","2024-10-29 11:09:09","户型通透，全天太阳，出入方便，","115","7876","3室2厅","中楼层/共32层","南 北","平层/简装","146.03平米","平房","胜利广场住宅楼B区","东湖区","https://vrlab-image4.ljcdn.com/release/screenshot/auto3d-bhnGDE3Qaljj4r_Pxm6wMr/597e38e01c7e9329f516fc6f442e2705/1699929036_17/pc0_3mqJfToim.jpg?imageMogr2/quality/70/thumbnail/1024x","https://nc.lianjia.com/ershoufang/103129381987.html"
"391","2024-10-29 11:09:19","爵士馆 2室1厅 南","72","10134","2室1厅","高楼层/共22层","南","平层/精装","71.05平米","板楼","爵士馆","高新区","https://vrlab-image4.ljcdn.com/release/screenshot/auto3d-sw7tNVGdT5xKOkuI9kUB3I/d25829570fcd164e01eb6f83f351ca51/1728700915_0/pc0_cR3ifZUyu.jpg?imageMogr2/quality/70/thumbnail/1024x","https://nc.lianjia.com/ershoufang/103136571810.html"
"392","2024-10-29 11:09:30","湾里区罗马假日 1室1厅 北","12","2887","1室1厅","低楼层/共7层","北","平层/简装","41.58平米","塔楼","湾里区罗马假日","湾里区","https://vrlab-image4.ljcdn.com/release/screenshot/auto3d--Y_qTJCmiFEpDpar5_tmVa/b22578e061ef4bf425054be32b932c8f/1728978816_3/pc0_rRgHPlUHE.jpg?imageMogr2/quality/70/thumbnail/1024x","https://nc.lianjia.com/ershoufang/103136664040.html"
"393","2024-10-29 11:09:40","：楼层好 局通透方正，，视野宽阔，采光太阳足，","85","6661","3室1厅","高楼层/共6层","南","平层/精装","127.62平米","板楼","城开国际学园","新建区","https://vrlab-image4.ljcdn.com/release/auto3dhd/d859182683b896f1f481fda5bb56710b/screenshot/1632032134_3/pc0_5QtkqnVvW.jpg?imageMogr2/quality/70/thumbnail/1024x","https://nc.lianjia.com/ershoufang/103136847365.html"
"394","2024-10-29 11:09:50","恒大绿洲 4室2厅 西南","88","5000","4室2厅","中楼层/共32层","西南","平层/精装","176平米","塔楼","恒大绿洲","南昌县","https://vrlab-image4.ljcdn.com/release/auto3dhd/2b6efcc7682e79ecbf195dbf886977e1/screenshot/1651209075_4/pc0_NqZ6S3g17.jpg?imageMogr2/quality/70/thumbnail/1024x","https://nc.lianjia.com/ershoufang/103136675063.html"
"395","2024-10-29 11:10:00","保利春天小区环境好，总价低诚心出售","45","5057","3室1厅","低楼层/共33层","北 南","平层/精装","89平米","塔楼","保利春天里","南昌县","https://vrlab-image4.ljcdn.com/release/screenshot/auto3d-X0LGopTXYhbjWOeR-MQ3G5/4b553b7350b3942fb485a8563efcadea/1729048291_2/pc0_PNxhO9GY1.jpg?imageMogr2/quality/70/thumbnail/1024x","https://nc.lianjia.com/ershoufang/103136497599.html"
"396","2024-10-29 11:10:11","地铁口，房东诚心出售楼层好采光好","96","7377","3室1厅","中楼层/共6层","南 北","平层/简装","130.14平米","板楼","康桥绿城","西湖区","https://vrlab-image4.ljcdn.com/release/auto3dhd/71618b5e5bfc8cae5120e35d52e48964/screenshot/1691112986_13/pc0_uYZXbcofn.jpg?imageMogr2/quality/70/thumbnail/1024x","https://nc.lianjia.com/ershoufang/103125671580.html"
"397","2024-10-29 11:10:21","中骏蓝湾香郡 3室2厅 南","98","10593","3室2厅","中楼层/共25层","南","平层/精装","92.52平米","塔楼","中骏蓝湾香郡","高新区","https://vrlab-image4.ljcdn.com/release/screenshot/auto3d-6FnPBisb-eriehwPBUpwRk/3835a83288df9160549d96476d28180a/1725501972_10/pc0_m0E30bKsx.jpg?imageMogr2/quality/70/thumbnail/1024x","https://nc.lianjia.com/ershoufang/103135551701.html"
"398","2024-10-29 11:10:32","省府2号线国体站旁 精装修带车位 阳光无挡门口幼儿园","198","18736","3室2厅","低楼层/共33层","南","平层/精装","105.68平米","板楼","明园九龙湾","红谷滩","https://vrlab-image4.ljcdn.com/release/screenshot/auto3d-WHBoYyFEQmsKKPEhMNmjuF/9bc10b364092eb4fbc59638b04d0ccad/1712374530_5/pc0_navFpIFSh.jpg?imageMogr2/quality/70/thumbnail/1024x","https://nc.lianjia.com/ershoufang/103133762675.html"
"399","2024-10-29 11:10:42","地铁口，适合年轻人的一室一厅，看房约","65","10053","1室1厅","低楼层/共33层","东南","平层/精装","64.66平米","板塔结合","方大上上城","高新区","https://vrlab-image4.ljcdn.com/release/screenshot/auto3d-C01t7iROUWjgl6TJibOMtc/8b2dda68bfdf4fd05f1a32df30331562/1728279145_1/pc0_ITLY4JXRc.jpg?imageMogr2/quality/70/thumbnail/1024x","https://nc.lianjia.com/ershoufang/103136312625.html"
"400","2024-10-29 11:10:52","绿地朝阳 近4号线，精装修，拎包入住","132","13748","3室2厅","中楼层/共32层","西南 南","平层/精装","96.02平米","塔楼","绿地朝阳中心","西湖区","https://vrlab-image4.ljcdn.com/release/screenshot/auto3d-POW4DKjJUwTrD23A0ZUpzp/70fafc1cb0c9abca647caeff7fa89981/1718175054_4/pc0_2EMaRiHHw.jpg?imageMogr2/quality/70/thumbnail/1024x","https://nc.lianjia.com/ershoufang/103133670326.html"
"401","2024-10-29 11:11:03","房子满五年 装修清爽 拎包入住 随时可以看房","123","9988","3室2厅","中楼层/共11层","南","平层/精装","123.16平米","板楼","天赐良园","红谷滩","https://vrlab-image4.ljcdn.com/release/screenshot/auto3d-Brk6Y3OE0SJoinMNdToTAp/880fc12229ce44485ff8e05c840af2a2/1723952250_4/pc0_yyS3yIz5Z.jpg?imageMogr2/quality/70/thumbnail/1024x","https://nc.lianjia.com/ershoufang/103135347953.html"
"402","2024-10-29 11:11:13","装修清爽 地铁口 交通便利 配套完善","134","10099","4室2厅","低楼层/共32层","南","平层/精装","132.69平米","板楼","绿地新都会","高新区","https://vrlab-image4.ljcdn.com/release/screenshot/auto3d-gIDWK7VvJXmkBZcwM3TZ90/d89efb96dbf1951a0d044df59223da52/1725094066_7/pc0_6EKegam6U.jpg?imageMogr2/quality/70/thumbnail/1024x","https://nc.lianjia.com/ershoufang/103135622024.html"
"403","2024-10-29 11:11:23","一看就喜欢的装修。可以拎包入住，诚心出售","121","9826","3室2厅","低楼层/共33层","南 北","平层/精装","123.15平米","板楼","湖韵天成","高新区","https://vrlab-image4.ljcdn.com/release/auto3dhd/a8af0eff0eb81c114519a4feb38bf971/screenshot/1682401966_0/pc0_JkW8nQQ07.jpg?imageMogr2/quality/70/thumbnail/1024x","https://nc.lianjia.com/ershoufang/103136275354.html"
"404","2024-10-29 11:11:33","此房楼层好，视野宽阔沿江而建的江景房","92","7771","3室2厅","低楼层/共33层","南","平层/精装","118.4平米","塔楼","万达首府L2区","红谷滩","https://vrlab-image4.ljcdn.com/release/screenshot/auto3d-euehWd8ClWJnpjrWH1QzW3/4f183485220f280203484180bc132118/1723085463_0/pc0_Za4fYORDN.jpg?imageMogr2/quality/70/thumbnail/1024x","https://nc.lianjia.com/ershoufang/103134980361.html"
"405","2024-10-29 11:11:43","老洪城商圈，业主诚心出售，住宅的公寓","18","4757","1室1厅","高楼层/共19层","南 北","平层/精装","37.84平米","板楼","洪城财满街","西湖区","https://vrlab-image4.ljcdn.com/release/screenshot/auto3d-O9hWvsbOVFnx_8niZOq5Sh/4c7eb881322d338d5a0f042ca1c94be4/1717039916_0/pc0_raj4Dk8qN.jpg?imageMogr2/quality/70/thumbnail/1024x","https://nc.lianjia.com/ershoufang/103132012046.html"
"406","2024-10-29 11:11:54","户型好，得房率高 格局好 价格好 全天阳光 视野开阔","120","15415","2室2厅","中楼层/共33层","南 北","平层/精装","77.85平米","板楼","铜锣湾国际","红谷滩","https://vrlab-image4.ljcdn.com/release/screenshot/auto3d-XV9HZLvDHHfiT8Fcn-YVWB/c9e543dc19b0dd4143bccdc8a14695a7/1698555681_3/pc0_lMHWHyjJF.jpg?imageMogr2/quality/70/thumbnail/1024x","https://nc.lianjia.com/ershoufang/103129524537.html"
"407","2024-10-29 11:12:05","L区东端户凤凰层精装自住，通透三房业主诚心卖","85","7343","3室2厅","高楼层/共33层","南 北","平层/精装","115.77平米","塔楼","万达文化旅游城万达首府L1区","红谷滩","https://vrlab-image4.ljcdn.com/release/screenshot/auto3d-A3dyumTF1CJndSxnP7s22o/345dbbe302b41f3d031668c8e850b5f1/1726383588_4/pc0_UEOd2JVM9.jpg?imageMogr2/quality/70/thumbnail/1024x","https://nc.lianjia.com/ershoufang/103135987734.html"
"408","2024-10-29 11:12:15","国贸春天复式洋房  共有2层 小区中间位置    看房方便","290","23391","4室2厅","高楼层/共6层","南 北","平层/毛坯","123.98平米","板楼","国贸春天","西湖区","https://vrlab-image4.ljcdn.com/release/screenshot/auto3d-AL43iolkUN7WL-W9P1JmTc/b8d8cbb8ede0e9602e4a756e3fa36a19/1695880960_0/pc0_NB7CcjDWn.jpg?imageMogr2/quality/70/thumbnail/1024x","https://nc.lianjia.com/ershoufang/103128925458.html"
"409","2024-10-29 11:12:25","70年产权，总价低，南大旁~~~~","55.8","13195","1室1厅","中楼层/共22层","北","平层/精装","42.29平米","板楼","联泰香域尚城","红谷滩","https://vrlab-image4.ljcdn.com/release/screenshot/auto3d-8KMcQiSYcNZficbMIjn8xU/dd1ba14b939ab98099765c256382e9fd/1709170962_3/pc0_79RE2xMiR.jpg?imageMogr2/quality/70/thumbnail/1024x","https://nc.lianjia.com/ershoufang/103134402269.html"
"410","2024-10-29 11:12:36","洪城比华利  退台式洋房 得房率高 业主诚心卖","229","15343","4室2厅","中楼层/共5层","南","平层/简装","149.26平米","板塔结合","洪城·比华利","红谷滩","https://vrlab-image4.ljcdn.com/release/auto3dhd/31dea5458009fab4c83d3c8b2e77c584/screenshot/1610160138_0/pc0_6NfTQtlTL.jpg?imageMogr2/quality/70/thumbnail/1024x","https://nc.lianjia.com/ershoufang/103118081459.html"
"411","2024-10-29 11:12:46","爵士馆 2室1厅 南","72","10134","2室1厅","高楼层/共22层","南","平层/精装","71.05平米","板楼","爵士馆","高新区","https://vrlab-image4.ljcdn.com/release/screenshot/auto3d-sw7tNVGdT5xKOkuI9kUB3I/d25829570fcd164e01eb6f83f351ca51/1728700915_0/pc0_cR3ifZUyu.jpg?imageMogr2/quality/70/thumbnail/1024x","https://nc.lianjia.com/ershoufang/103136571810.html"
"412","2024-10-29 11:12:56","大士院网红地！一室一厅出售，总价低","23","5159","1室1厅","中楼层/共8层","南","平层/其他","44.59平米","板塔结合","大士院住宅二区","东湖区","https://vrlab-image4.ljcdn.com/release/screenshot/auto3d-K4vjjE7PheUx11nNIHbcFK/104ae91d6f97e8b89dc1fb4fbd7405c5/1729226120_0/pc0_dTtZ8H0Kd.jpg?imageMogr2/quality/70/thumbnail/1024x","https://nc.lianjia.com/ershoufang/103136765641.html"
"413","2024-10-29 11:13:06","绿地高品质住宅，一线江景房，视野采光好","199","12543","3室2厅","高楼层/共32层","南","平层/毛坯","158.66平米","板楼","海珀九龙芙蓉","红谷滩","https://vrlab-image4.ljcdn.com/release/auto3dhd/0c59e9d9e40f7ce68a1a29ad95d20338/screenshot/1623294213_0/pc0_IfWXzeEVU.jpg?imageMogr2/quality/70/thumbnail/1024x","https://nc.lianjia.com/ershoufang/103115487142.html"
"414","2024-10-29 11:13:17","满五唯一，端户三房，南北通透，","100","9182","3室2厅","中楼层/共32层","南 北","平层/毛坯","108.92平米","板楼","绿地国际博览城一期卧珑","红谷滩","https://vrlab-image4.ljcdn.com/release/auto3dhd/418414e83a61098ac10a639addb9c29c/screenshot/1631003948_0/pc0_RHXa4vWsh.jpg?imageMogr2/quality/70/thumbnail/1024x","https://nc.lianjia.com/ershoufang/103116727457.html"
"415","2024-10-29 11:13:27","万达文化旅游城 L区 业主诚心卖户型方正","58","5029","3室2厅","高楼层/共15层","东北 南","平层/毛坯","115.34平米","塔楼","万达文化旅游城万达首府L1区","红谷滩","https://vrlab-image4.ljcdn.com/release/auto3dhd/0fbcabeb26a30b15c9041780fc757c1e/screenshot/1616143221_8/pc0_GxGYKuvlF.jpg?imageMogr2/quality/70/thumbnail/1024x","https://nc.lianjia.com/ershoufang/103113851577.html"
"416","2024-10-29 11:13:38","房子楼层好，小区环境好 品质高。配套齐全。","48","5077","3室2厅","高楼层/共18层","南 北","平层/精装","94.55平米","板楼","恒大城","南昌县","https://vrlab-image4.ljcdn.com/release/screenshot/auto3d-OTT25vPAu5ptLjmHI4YgXv/f71e0f81215642187fc3956a8c482129/1729316928_2/pc0_aPcCtoR9Z.jpg?imageMogr2/quality/70/thumbnail/1024x","https://nc.lianjia.com/ershoufang/103136595740.html"
"417","2024-10-29 11:13:48","精装一房 地铁口 好楼层 房东诚心出售 看房有钥匙","32","10172","1室1厅","高楼层/共25层","南","平层/精装","31.46平米","塔楼","万达星城西区","红谷滩","https://vrlab-image4.ljcdn.com/release/screenshot/auto3d-Zw6DBzq7EM5Nq-qTfQ__7-/4617735b8e10ed9f328d000f7bde68ae/1699774219_0/pc0_6uz5FT8jX.jpg?imageMogr2/quality/70/thumbnail/1024x","https://nc.lianjia.com/ershoufang/103129778696.html"
"418","2024-10-29 11:13:58","湾里区罗马假日 1室1厅 北","12","2887","1室1厅","低楼层/共7层","北","平层/简装","41.58平米","塔楼","湾里区罗马假日","湾里区","https://vrlab-image4.ljcdn.com/release/screenshot/auto3d--Y_qTJCmiFEpDpar5_tmVa/b22578e061ef4bf425054be32b932c8f/1728978816_3/pc0_rRgHPlUHE.jpg?imageMogr2/quality/70/thumbnail/1024x","https://nc.lianjia.com/ershoufang/103136664040.html"
"419","2024-10-29 11:14:08","采光视野宽阔 交通便利 户型端正","75","7987","3室1厅","低楼层/共11层","南","平层/简装","93.91平米","板楼","象湖景苑","南昌县","https://vrlab-image4.ljcdn.com/release/screenshot/auto3d-pCI9zEdEk88_fyhPBbF5kX/020d08e0b431ca0a0f407b70b29b81c5/1728630042_0/pc0_gsTEltgnU.jpg?imageMogr2/quality/70/thumbnail/1024x","https://nc.lianjia.com/ershoufang/103136466503.html"
"420","2024-10-29 11:14:18","万达华府 通透3房 无贷款 业主诚心出售","160","12492","3室2厅","低楼层/共32层","南 北","平层/简装","128.09平米","板塔结合","万达华府","红谷滩","https://vrlab-image4.ljcdn.com/release/screenshot/auto3d-dWvo3mq_B2bjg7ICV1AQGJ/8dfb15c3ccd7165d2df19051cc87839e/1710038564_0/pc0_zpkCSjxYQ.jpg?imageMogr2/quality/70/thumbnail/1024x","https://nc.lianjia.com/ershoufang/103134967442.html"
"421","2024-10-29 11:14:29","力高御景天城 龙岗地铁 西客站 省妇保旁 师达附属","135","12315","3室1厅","中楼层/共32层","南","平层/毛坯","109.63平米","板塔结合","力高御景天城","红谷滩","https://vrlab-image4.ljcdn.com/release/auto3dhd/001856dc28ea8e5ac038240faa9c12fb/screenshot/1617155844_4/pc0_FbWCVStJD.jpg?imageMogr2/quality/70/thumbnail/1024x","https://nc.lianjia.com/ershoufang/103136133134.html"
"422","2024-10-29 11:14:39","精装三房，小区得房率很高，小区成熟","100","10539","3室2厅","低楼层/共30层","东南","平层/精装","94.89平米","塔楼","保利香槟国际","高新区","https://vrlab-image4.ljcdn.com/release/screenshot/auto3d-M6l7g6pQOdAJZIPk_ASwta/c14eca496c2a680e912ecf73773382cf/1726890651_7/pc0_2dqVdCMcL.jpg?imageMogr2/quality/70/thumbnail/1024x","https://nc.lianjia.com/ershoufang/103136040673.html"
"423","2024-10-29 11:14:49","全封闭式花园小区，小区配套齐全 户型方正 通透格局","100","9591","3室2厅","中楼层/共18层","南 北","平层/精装","104.27平米","板楼","新力帝泊湾","经开区","https://vrlab-image4.ljcdn.com/release/screenshot/auto3d-N3A6jMrMcnruwjQcWV8y0X/43fd8805fb86e2167850fdc6bf7a8fc0/1725351837_13/pc0_AQ2c4cWPL.jpg?imageMogr2/quality/70/thumbnail/1024x","https://nc.lianjia.com/ershoufang/103135609041.html"
"424","2024-10-29 11:14:59","联泰香域滨江精装修通透四房，小区中间，房东诚心出售","246","16907","4室2厅","中楼层/共10层","南 北","平层/精装","145.51平米","板塔结合","联泰香域滨江","红谷滩","https://vrlab-image4.ljcdn.com/release/screenshot/auto3d-WZ4e57wFtE9S6ilaHi75D2/76fc84a3e246267328c9f69f21153d25/1723709529_0/pc0_9GDMF5BRq.jpg?imageMogr2/quality/70/thumbnail/1024x","https://nc.lianjia.com/ershoufang/103135245189.html"
"425","2024-10-29 11:15:10","联泰尚城精品2房 直观摩天轮，视野开阔","125","16325","2室2厅","高楼层/共29层","西南","平层/精装","76.57平米","塔楼","联泰香域尚城","红谷滩","https://vrlab-image4.ljcdn.com/release/screenshot/auto3d-3NFLMzA00AdYmOZXx08X45/289535b713416d45902bb74da2b9c887/1723699407_0/pc0_I8SKrCvSL.jpg?imageMogr2/quality/70/thumbnail/1024x","https://nc.lianjia.com/ershoufang/103135250792.html"
"426","2024-10-29 11:15:20","力高御景天城 龙岗地铁 西客站 省妇保旁 师达附属","135","12315","3室1厅","中楼层/共32层","南","平层/毛坯","109.63平米","板塔结合","力高御景天城","红谷滩","https://vrlab-image4.ljcdn.com/release/auto3dhd/001856dc28ea8e5ac038240faa9c12fb/screenshot/1617155844_4/pc0_FbWCVStJD.jpg?imageMogr2/quality/70/thumbnail/1024x","https://nc.lianjia.com/ershoufang/103136133134.html"
"427","2024-10-29 11:15:30","：楼层好 局通透方正，，视野宽阔，采光太阳足，","85","6661","3室1厅","高楼层/共6层","南","平层/精装","127.62平米","板楼","城开国际学园","新建区","https://vrlab-image4.ljcdn.com/release/auto3dhd/d859182683b896f1f481fda5bb56710b/screenshot/1632032134_3/pc0_5QtkqnVvW.jpg?imageMogr2/quality/70/thumbnail/1024x","https://nc.lianjia.com/ershoufang/103136847365.html"
"428","2024-10-29 11:15:40","龙湖春江天玺高层端户，精装未入住过的，诚心出售","90","7628","3室2厅","高楼层/共32层","南","平层/精装","118平米","塔楼","龙湖煌盛春江天玺","南昌县","https://vrlab-image4.ljcdn.com/release/screenshot/auto3d-qNnHnjT4jyEU1MoSU1Vxn8/0977421a88440eab048894f3e716c83d/1711431084_0/pc0_lGWvhPvnd.jpg?imageMogr2/quality/70/thumbnail/1024x","https://nc.lianjia.com/ershoufang/103136200757.html"
"429","2024-10-29 11:15:51","地铁口通透三房 有电梯可直接入住","138","10767","3室1厅","中楼层/共20层","南 北","平层/其他","128.17平米","板楼","世纪名族园","西湖区","https://vrlab-image4.ljcdn.com/release/screenshot/auto3d-x6aAqohC74yuso9oQokYwP/4b66ec7120b434bd1bf84f808af9920e/1728543583_13/pc0_4NPpbwwLn.jpg?imageMogr2/quality/70/thumbnail/1024x","https://nc.lianjia.com/ershoufang/103136518924.html"
"430","2024-10-29 11:16:01","凤鸣苑 大3房 学QU可用 价格可谈 户型方正 楼层好","240","20231","3室2厅","中楼层/共11层","南","平层/精装","118.63平米","板楼","凤凰城凤鸣苑","红谷滩","https://vrlab-image4.ljcdn.com/release/screenshot/auto3d-rNvBjXsgAwYz7xr_fT0nA_/c11e8136aa0e9387d7bcf4f040f1cc6f/1729304422_5/pc0_FKFSdozm2.jpg?imageMogr2/quality/70/thumbnail/1024x","https://nc.lianjia.com/ershoufang/103136722266.html"
"431","2024-10-29 11:16:11","中海朝阳郡铂宫大3房 房东价格好谈","155","11986","3室1厅","低楼层/共33层","南 北","平层/精装","129.32平米","板楼","中海朝阳郡铂宫","西湖区","https://vrlab-image4.ljcdn.com/release/auto3dhd/621c38306fb6891fbe08a4d4f5717ce7/screenshot/1630286702_14/pc0_kEU4zkB0M.jpg?imageMogr2/quality/70/thumbnail/1024x","https://nc.lianjia.com/ershoufang/103130609375.html"
"432","2024-10-29 11:16:21","沃尔玛、华润万家、菜市场、配套齐全好楼层采光好","62","7115","3室2厅","中楼层/共18层","南","平层/其他","87.14平米","板楼","幸福时光二期","南昌县","https://vrlab-image4.ljcdn.com/release/screenshot/auto3d-12bzJ6DKekVFpgXzeap2vX/fd4a2d956923c440ab6afe77b675b910/1728635965_0/pc0_GJGZybrLR.jpg?imageMogr2/quality/70/thumbnail/1024x","https://nc.lianjia.com/ershoufang/103136602904.html"
"433","2024-10-29 11:16:31","团结路花园洋房，可看江景，出门就是地铁站，楼层好","166","9043","4室2厅","高楼层/共14层","南","错层/其他","183.58平米","板楼","维多利亚华庭","西湖区","https://vrlab-image4.ljcdn.com/release/screenshot/auto3d-eh_JkFFD4nZLwN4NHh1Oyt/8c14beb6701e78fd787935bb0d7f3bdc/1729317628_18/pc0_SzMd1nl3c.jpg?imageMogr2/quality/70/thumbnail/1024x","https://nc.lianjia.com/ershoufang/103136768113.html"
"434","2024-10-29 11:16:42","此房由万科品牌开发，大开发商，物业为万科自带的","72","13216","1室0厅","高楼层/共26层","南","平层/其他","54.48平米","板塔结合","蚂蚁工房","高新区","https://vrlab-image4.ljcdn.com/release/screenshot/auto3d--idhDghzOy-vukYic-jjnZ/324c69bef876f2bccb8136a1b0543e8d/1729659450_4/pc0_cQKRpCoAJ.jpg?imageMogr2/quality/70/thumbnail/1024x","https://nc.lianjia.com/ershoufang/103136832177.html"
"435","2024-10-29 11:16:52","小区新 小洋房 配套完善 交通便利 舒适度高","210","16947","4室2厅","高楼层/共6层","南","平层/其他","123.92平米","板楼","力高滨湖国际","高新区","https://vrlab-image4.ljcdn.com/release/screenshot/auto3d-HNov3vdq4GSYqyFdRbZfWf/c5e452f5a08f0ab936aad32e19f22e07/1729302467_10/pc0_rqw4LC0lO.jpg?imageMogr2/quality/70/thumbnail/1024x","https://nc.lianjia.com/ershoufang/103136513832.html"
"436","2024-10-29 11:17:02","70年产权，总价低，南大旁~~~~","55.8","13195","1室1厅","中楼层/共22层","北","平层/精装","42.29平米","板楼","联泰香域尚城","红谷滩","https://vrlab-image4.ljcdn.com/release/screenshot/auto3d-8KMcQiSYcNZficbMIjn8xU/dd1ba14b939ab98099765c256382e9fd/1709170962_3/pc0_79RE2xMiR.jpg?imageMogr2/quality/70/thumbnail/1024x","https://nc.lianjia.com/ershoufang/103134402269.html"
"437","2024-10-29 11:17:12","次新小区，近洪城，近地铁，户型好","55","4851","3室1厅","低楼层/共33层","南","平层/毛坯","113.39平米","板楼","洪大赣江城","南昌县","https://vrlab-image4.ljcdn.com/release/auto3dhd/8733d10029cc1861d85085993850d933/screenshot/1689907572_0/pc0_1dN1wDu1A.jpg?imageMogr2/quality/70/thumbnail/1024x","https://nc.lianjia.com/ershoufang/103127443401.html"
"438","2024-10-29 11:17:23","房子精装修，江景房，看房方便 ，诚心出售","268","18760","3室2厅","高楼层/共26层","南","平层/精装","142.86平米","板楼","新力江悦","红谷滩","https://vrlab-image4.ljcdn.com/release/screenshot/auto3d-iRoIEitTdEQBRAzdmS21lC/538142754c855969e0a9c620b88cac4c/1725776252_1/pc0_Qptctxnmi.jpg?imageMogr2/quality/70/thumbnail/1024x","https://nc.lianjia.com/ershoufang/103135760436.html"
"439","2024-10-29 11:17:33","洋房 南北双阳台 有房本 契税满二 配套全 环境舒畅","135","10849","4室2厅","中楼层/共9层","东南","平层/毛坯","124.44平米","暂无数据","正荣华润玲珑府","红谷滩","https://vrlab-image4.ljcdn.com/release/auto3dhd/90bce003511fa9df390a7451ca47b258/screenshot/1656230485_1/pc0_qDqWXZ3p6.jpg?imageMogr2/quality/70/thumbnail/1024x","https://nc.lianjia.com/ershoufang/103121138362.html"
"440","2024-10-29 11:17:43","原房东装修大四房电梯好楼层才住了一个月","87","6693","4室2厅","中楼层/共12层","南","平层/精装","130平米","板楼","丰源·淳和","南昌县","https://vrlab-image4.ljcdn.com/release/screenshot/auto3d-yWAjdtdspOU4YvuJT6SMv8/62f2ffe0026da5a22aae27960815e774/1726211405_7/pc0_zvNdHD4iw.jpg?imageMogr2/quality/70/thumbnail/1024x","https://nc.lianjia.com/ershoufang/103134168333.html"
"441","2024-10-29 11:17:54","恒大名都精装大三房，视野好，前面无挡，房东诚心卖","159","11566","3室2厅","低楼层/共27层","南","平层/精装","137.48平米","塔楼","恒大名都","高新区","https://vrlab-image4.ljcdn.com/release/screenshot/auto3d-71AFcuvTUfmJSMmH-GLWhh/31d7684abc2fd92e287abbf1fcb423be/1698568573_0/pc0_WEoEjFvkv.jpg?imageMogr2/quality/70/thumbnail/1024x","https://nc.lianjia.com/ershoufang/103129275873.html"
"442","2024-10-29 11:18:04","房东自住装修，通透三房，出门立德，麦德龙商场","88","7097","3室2厅","中楼层/共6层","南","错层/精装","124平米","板楼","城开国际学园","新建区","https://vrlab-image4.ljcdn.com/release/auto3dhd/72a59a7f37162fb1cfa1089fd3cebe0e/screenshot/1694305339_0/pc0_RAhlwo14r.jpg?imageMogr2/quality/70/thumbnail/1024x","https://nc.lianjia.com/ershoufang/103128383503.html"
"443","2024-10-29 11:18:15","铁路九村精品两房中间楼层 位置居中 价钱实惠 诚心卖","39","5862","2室1厅","中楼层/共7层","南 北","平层/精装","66.54平米","板楼","铁路九村","青山湖区","https://vrlab-image4.ljcdn.com/release/auto3dhd/57eeb7e0f1e3cc836ca810815a193fc6/screenshot/1665545524_0/pc0_ZOXRTqJaw.jpg?imageMogr2/quality/70/thumbnail/1024x","https://nc.lianjia.com/ershoufang/103122484493.html"
"444","2024-10-29 11:18:25","绿地悦城A区 户型方正 视野开阔 出入方便 诚心出售","210","14715","3室2厅","低楼层/共18层","南","平层/毛坯","142.72平米","板楼","绿地悦城A区","红谷滩","https://vrlab-image4.ljcdn.com/release/screenshot/auto3d-xJNIzQk0JcWbLeNyPFDm20/6bb65181f8670e3db9530d31aead8002/1721449303_0/pc0_Tshkb79AJ.jpg?imageMogr2/quality/70/thumbnail/1024x","https://nc.lianjia.com/ershoufang/103134187975.html"
"445","2024-10-29 11:18:35","房子满五年 装修清爽 拎包入住 随时可以看房","123","9988","3室2厅","中楼层/共11层","南","平层/精装","123.16平米","板楼","天赐良园","红谷滩","https://vrlab-image4.ljcdn.com/release/screenshot/auto3d-Brk6Y3OE0SJoinMNdToTAp/880fc12229ce44485ff8e05c840af2a2/1723952250_4/pc0_yyS3yIz5Z.jpg?imageMogr2/quality/70/thumbnail/1024x","https://nc.lianjia.com/ershoufang/103135347953.html"
"446","2024-10-29 11:18:45","地铁口，适合年轻人的一室一厅，看房约","65","10053","1室1厅","低楼层/共33层","东南","平层/精装","64.66平米","板塔结合","方大上上城","高新区","https://vrlab-image4.ljcdn.com/release/screenshot/auto3d-C01t7iROUWjgl6TJibOMtc/8b2dda68bfdf4fd05f1a32df30331562/1728279145_1/pc0_ITLY4JXRc.jpg?imageMogr2/quality/70/thumbnail/1024x","https://nc.lianjia.com/ershoufang/103136312625.html"
"447","2024-10-29 11:18:55","万达城，房子满两年，楼层好,视线充足。","93","7080","3室2厅","高楼层/共33层","南 北","平层/毛坯","131.37平米","塔楼","滨江悦府K2区","红谷滩","https://vrlab-image4.ljcdn.com/release/auto3dhd/31aafaa9cf4cf2c84b29dcd1c677fa09/screenshot/1660618867_0/pc0_J8fIh7Lon.jpg?imageMogr2/quality/70/thumbnail/1024x","https://nc.lianjia.com/ershoufang/103121849394.html"
"448","2024-10-29 11:19:06","精装小洋房，出入方便，交通便利，一个来电随时看房。","63","7264","3室1厅","低楼层/共7层","南 北","平层/精装","86.73平米","暂无数据","民德路","东湖区","https://vrlab-image4.ljcdn.com/release/auto3dhd/96dafd5c920aa3ed1ee1509df48d4da1/screenshot/1586070592_3/pc0_mTFxDSCME.jpg?imageMogr2/quality/70/thumbnail/1024x","https://nc.lianjia.com/ershoufang/103124695696.html"
"449","2024-10-29 11:19:16","新建城B3板块，通透三房，小区环境好，安静。","63","4599","3室2厅","低楼层/共33层","南","平层/毛坯","137平米","板楼","通源新建城B3","新建区","https://vrlab-image4.ljcdn.com/release/screenshot/auto3d--ho_HO9n0xqL_6fungDKGd/d622793edfe5b006fc0444c63b2cd097/1715757236_2/pc0_FwfcQDY6c.jpg?imageMogr2/quality/70/thumbnail/1024x","https://nc.lianjia.com/ershoufang/103132744414.html"
"450","2024-10-29 11:19:27","房子好，小区环境好 品质高。配套齐全。","58","7161","2室2厅","中楼层/共32层","南","平层/精装","81平米","板楼","恒大城","南昌县","https://vrlab-image4.ljcdn.com/release/screenshot/auto3d-sc2sSmCULG2pflzJ69FjRm/692e1a239ce873d2179422608fe4841f/1729152860_6/pc0_VIARBGyuh.jpg?imageMogr2/quality/70/thumbnail/1024x","https://nc.lianjia.com/ershoufang/103135966854.html"
"451","2024-10-29 11:19:37","学 校旁 精装修三房两卫  带中 央空调和地暖 好楼层","125","10017","3室2厅","中楼层/共17层","南 北","平层/精装","124.79平米","板楼","九龙湖金茂悦","红谷滩","https://vrlab-image4.ljcdn.com/release/screenshot/auto3d-6QjlecBFk7pEURtEohTAJi/0ab71cf72d1b56963d6b89aa85badf58/1723194527_6/pc0_a0uk8aS8a.jpg?imageMogr2/quality/70/thumbnail/1024x","https://nc.lianjia.com/ershoufang/103134879153.html"
"452","2024-10-29 11:19:47","红谷滩凤凰洲 海亮精装三房  视野无挡 可看碟子湖全景","155","17497","3室2厅","高楼层/共31层","南","平层/精装","88.59平米","板塔结合","海亮V+社区","红谷滩","https://vrlab-image4.ljcdn.com/release/screenshot/auto3d-DMTqKdnSfozpN1t6j-n3Qh/9fb3807e53edf9c33c1261b1b7da8ed8/1724129616_4/pc0_3hGhnMe54.jpg?imageMogr2/quality/70/thumbnail/1024x","https://nc.lianjia.com/ershoufang/103135354039.html"
"453","2024-10-29 11:19:58","南天金源3房精装修保养好中楼层.得房率高拎包入住","94","12044","3室2厅","中楼层/共33层","南","平层/精装","78.05平米","塔楼","南天金源","经开区","https://vrlab-image4.ljcdn.com/release/screenshot/auto3d-qnFNaCajUu36Lf6D4DNkns/34a96ebeac3643951e61672167106c59/1713923005_0/pc0_NQY1KoQe6.jpg?imageMogr2/quality/70/thumbnail/1024x","https://nc.lianjia.com/ershoufang/103135118941.html"
"454","2024-10-29 11:20:08","绿地国际博览城二期房东诚心出售  视野开阔","100","10669","3室2厅","中楼层/共32层","南","平层/毛坯","93.73平米","板楼","绿地国际博览城二期博睿","红谷滩","https://vrlab-image4.ljcdn.com/release/screenshot/auto3d-qa9m_C83Rz5eNZBlZDU2J6/b43217298fdb293b716168d570fcd409/1709429775_0/pc0_2xnPFl0bZ.jpg?imageMogr2/quality/70/thumbnail/1024x","https://nc.lianjia.com/ershoufang/103131458507.html"
"455","2024-10-29 11:20:18","精装修 诚心卖 有车位 教育门口","210","15333","3室2厅","中楼层/共33层","南 北","平层/精装","136.96平米","板塔结合","联发君悦湖","高新区","https://vrlab-image4.ljcdn.com/release/screenshot/auto3d--EfhwEcul6ZytnQbKC3pO-/9f324ade49f4654e50929c4112856272/1698734740_0/pc0_57wCbpQue.jpg?imageMogr2/quality/70/thumbnail/1024x","https://nc.lianjia.com/ershoufang/103129410955.html"
"456","2024-10-29 11:20:29","中山路天虹旁电梯房，路段繁华随时看房","115","6092","3室1厅","高楼层/共16层","南","平层/精装","188.8平米","暂无数据","景田大厦","西湖区","https://vrlab-image4.ljcdn.com/release/screenshot/auto3d-RWA1swY4GXKnYdNGLTDr-2/b4b92fff642f6d09d3f2bce7ae7b4e09/1695287571_7/pc0_3AGD9vPrk.jpg?imageMogr2/quality/70/thumbnail/1024x","https://nc.lianjia.com/ershoufang/103128833166.html"
"457","2024-10-29 11:20:39","区政府旁 师大博文 精装三房 楼层好 全天太阳","85","9591","3室1厅","高楼层/共33层","南","平层/精装","88.63平米","暂无数据","保利洪源泰府","青云谱区","https://vrlab-image4.ljcdn.com/release/auto3dhd/9383e82013e2a26ab3101c1a99ec1b94/screenshot/1691891077_11/pc0_wsO5ccvq1.jpg?imageMogr2/quality/70/thumbnail/1024x","https://nc.lianjia.com/ershoufang/103134070262.html"
"458","2024-10-29 11:20:50","联泰香域滨江江边四房，拎包入住","249","16281","4室2厅","低楼层/共18层","南","平层/精装","152.94平米","板塔结合","联泰香域滨江","红谷滩","https://vrlab-image4.ljcdn.com/release/screenshot/auto3d-DEAKj2rpylROzDpCb7TIxY/7fd6192a868076d279d0d2cdb3bc2546/1720234990_0/pc0_Pq00MHvqv.jpg?imageMogr2/quality/70/thumbnail/1024x","https://nc.lianjia.com/ershoufang/103134273445.html"
"459","2024-10-29 11:21:00","博鸿装修三房好楼层 前排视野开阔 全天日照","98","9822","3室1厅","中楼层/共32层","南","平层/简装","99.78平米","板楼","绿地国际博览城二期博鸿","红谷滩","https://vrlab-image4.ljcdn.com/release/screenshot/auto3d-Tbsd2R5Lwm9JmBIE3_kCQX/ae4e3b14e8b4b653225bb922a148ce53/1716096378_3/pc0_QOVVwNtu5.jpg?imageMogr2/quality/70/thumbnail/1024x","https://nc.lianjia.com/ershoufang/103136065563.html"
"460","2024-10-29 11:21:10","君领精装三房，拎包入住，好楼栋好楼层","150","13857","3室2厅","高楼层/共33层","南","平层/简装","108.25平米","板楼","联发君领朝阳","西湖区","https://vrlab-image4.ljcdn.com/release/auto3dhd/0d1f72cdc1507239a6e1d704550b4e9d/screenshot/1692263168_3/pc0_kOcz8taZD.jpg?imageMogr2/quality/70/thumbnail/1024x","https://nc.lianjia.com/ershoufang/103135970956.html"
"461","2024-10-29 11:21:21","正规两房，全明户型，楼层好，全天太阳","54.8","8724","2室1厅","中楼层/共5层","南 北","平层/精装","62.82平米","板楼","系马桩","西湖区","https://vrlab-image4.ljcdn.com/release/screenshot/auto3d-Kgz0ZOJ3-GJlEbmGqRAH5H/dd62a8a8eef78e457d9c07db45701121/1719372050_4/pc0_BJBJTKZqs.jpg?imageMogr2/quality/70/thumbnail/1024x","https://nc.lianjia.com/ershoufang/103134053126.html"
"462","2024-10-29 11:21:31","隆兴民居花园小区  楼层好 太阳好 小区中间位置","58","7050","2室1厅","低楼层/共6层","南","平层/精装","82.28平米","塔楼","隆兴民居","东湖区","https://vrlab-image4.ljcdn.com/release/screenshot/auto3d-kwleM_SYdmZA9sNJ5aHYU-/a37728f93492c28f7377bfdcd96af2c8/1708569128_5/pc0_VsSdr0TW2.jpg?imageMogr2/quality/70/thumbnail/1024x","https://nc.lianjia.com/ershoufang/103130125924.html"
"463","2024-10-29 11:21:42","金投铂翠中央 3室2厅 南","148","13788","3室2厅","高楼层/共32层","南","平层/精装","107.34平米","板楼","金投铂翠中央","东湖区","https://vrlab-image4.ljcdn.com/release/screenshot/auto3d-NCXRtai_udqVZ0hWi3Mr-l/db1410c5f50eb5ed9c2ccf73fe980ecf/1718852870_1/pc0_aMyHNkMf0.jpg?imageMogr2/quality/70/thumbnail/1024x","https://nc.lianjia.com/ershoufang/103133892980.html"
"464","2024-10-29 11:21:52","朝阳新城万科金域蓝湾奢华尊贵  品质大宅 一线江景房","230","16317","3室1厅","高楼层/共33层","西","平层/毛坯","140.96平米","塔楼","万科金域蓝湾","西湖区","https://vrlab-image4.ljcdn.com/release/auto3dhd/f9181d82d158180863f355c4982a63da/screenshot/1660040592_2/pc0_sPWiuHTBY.jpg?imageMogr2/quality/70/thumbnail/1024x","https://nc.lianjia.com/ershoufang/103120771303.html"
"465","2024-10-29 11:22:02","安静无噪音，自住装修，看房方便","99","12299","2室1厅","高楼层/共24层","南","平层/精装","80.5平米","板楼","盛世经典","红谷滩","https://vrlab-image4.ljcdn.com/release/auto3dhd/e0d00bf1de4257ec78d48049a9b220c4/screenshot/1693364905_0/pc0_5GhjZxUSy.jpg?imageMogr2/quality/70/thumbnail/1024x","https://nc.lianjia.com/ershoufang/103127250350.html"
"466","2024-10-29 11:22:13","老城区成熟的配套 改善户型您的目标","125","8112","3室2厅","低楼层/共18层","南","平层/简装","154.1平米","板塔结合","新源·新河小区","西湖区","https://vrlab-image4.ljcdn.com/release/screenshot/auto3d-wtOQxHOpFt9LTEbHDdSucM/af7d1b4ca172d7d389f5ebbf8bded711/1711174125_12/pc0_JOvsaIYO7.jpg?imageMogr2/quality/70/thumbnail/1024x","https://nc.lianjia.com/ershoufang/103129576057.html"
"467","2024-10-29 11:22:23","中间楼层，精装修，看房随时方便，全天太阳，东端户","119","9569","3室2厅","中楼层/共6层","南 北","错层/精装","124.36平米","板楼","莱茵半岛","西湖区","https://vrlab-image4.ljcdn.com/release/screenshot/auto3d-o-bXkvd-vPGLQpkLc1sx1D/5774960ad445207c62013d241fb49103/1698831500_0/pc0_twAWLW6Tw.jpg?imageMogr2/quality/70/thumbnail/1024x","https://nc.lianjia.com/ershoufang/103129492612.html"
"468","2024-10-29 11:22:34","复式楼 得两层 3房 总价低 住宅 有天然气","43","7526","3室2厅","中楼层/共11层","东南","复式/精装","57.14平米","板楼","幸福时光二期","南昌县","https://vrlab-image4.ljcdn.com/release/screenshot/auto3d-M_rUmyYC_HdaMTsMRB2_gA/7ed5dff72d37cc2d1b894d107840af01/1712302317_5/pc0_hoYFQezZD.jpg?imageMogr2/quality/70/thumbnail/1024x","https://nc.lianjia.com/ershoufang/103132036567.html"
"469","2024-10-29 11:22:44","绿都丹石街区 2室2厅 南","43","5446","2室2厅","低楼层/共18层","南","平层/精装","78.97平米","板楼","绿都丹石街区","青山湖区","https://vrlab-image4.ljcdn.com/release/screenshot/auto3d-VUZdLHHD1zQ9xE2zTw8J5E/d8f267b31ef9f836dedbc8271aaf11df/1722734908_8/pc0_zBeKRJsYv.jpg?imageMogr2/quality/70/thumbnail/1024x","https://nc.lianjia.com/ershoufang/103134971830.html"
"470","2024-10-29 11:22:54","蓝天郡  向阳户型  太阳光线好 出入方便 装修清爽","15","4063","1室0厅","低楼层/共31层","南","平层/精装","36.92平米","暂无数据","蓝天郡","青云谱区","https://vrlab-image4.ljcdn.com/release/screenshot/auto3d-t7jQBirxsPj_yxRKt7mvJQ/1f233f2bab8bf9cab479fc1d8dcc0a47/1718767041_4/pc0_hqFwfYjU5.jpg?imageMogr2/quality/70/thumbnail/1024x","https://nc.lianjia.com/ershoufang/103133802902.html"
"471","2024-10-29 11:23:05","精装三房，房东诚心出售，交通便利","53","5235","3室1厅","中楼层/共8层","南 北","平层/精装","101.26平米","暂无数据","丁公路","西湖区","https://vrlab-image4.ljcdn.com/release/screenshot/auto3d-Z_ryBlU4bzMfWbJLNFOyGz/caf81874c81b0e3eff37754eea89f5c3/1698196597_6/pc0_By2ImohTR.jpg?imageMogr2/quality/70/thumbnail/1024x","https://nc.lianjia.com/ershoufang/103129324687.html"
"472","2024-10-29 11:23:15","地铁口精装修两房，全屋品牌家电，南面采光视野无挡","82","9475","2室2厅","低楼层/共30层","南","平层/精装","86.55平米","板楼","绿地新都会","高新区","https://vrlab-image4.ljcdn.com/release/auto3dhd/d5f8e083b7a572ee3b6f6af610d96a9a/screenshot/1667030143_0/pc0_GPVroslu9.jpg?imageMogr2/quality/70/thumbnail/1024x","https://nc.lianjia.com/ershoufang/103122900826.html"
"473","2024-10-29 11:23:25","小面积电梯三房地铁口配套齐全随时可看","55","7647","3室1厅","高楼层/共14层","南","平层/简装","71.93平米","暂无数据","彭子江花园","青山湖区","https://vrlab-image4.ljcdn.com/release/screenshot/auto3d-T4OhvojI_sKXUgvT7Ck24f/371022c7f5e412f44d77eb9ad1abd894/1720774727_7/pc0_R751DYtgO.jpg?imageMogr2/quality/70/thumbnail/1024x","https://nc.lianjia.com/ershoufang/103134094841.html"
"474","2024-10-29 11:23:36","瑶湖师大 团购房 精装带车位 带空调","143","13893","3室2厅","高楼层/共27层","南 北","平层/精装","102.93平米","暂无数据","书香瑶庭","高新区","https://vrlab-image4.ljcdn.com/release/screenshot/auto3d-xpNvvWZKS4I309kUipnJii/e122c0eaa09380ef54e89a4ce86abc44/1697677600_0/pc0_Y4e2y48L9.jpg?imageMogr2/quality/70/thumbnail/1024x","https://nc.lianjia.com/ershoufang/103129134392.html"
"475","2024-10-29 11:23:46","红角洲地铁口旁，紫金园通透精装大三房，有电梯，急售","160","11592","3室2厅","中楼层/共11层","南 北","平层/简装","138.03平米","塔楼","紫金园西区","红谷滩","https://vrlab-image4.ljcdn.com/release/screenshot/auto3d-GgwlcSviCMHuU0_npsHHXE/137e2bf1c9fbfce3d7f425288265acc2/1722997480_4/pc0_JHFRHezw0.jpg?imageMogr2/quality/70/thumbnail/1024x","https://nc.lianjia.com/ershoufang/103134007191.html"
"476","2024-10-29 11:23:56","小区环境优美，交通便利，纯电梯洋房，高得房率..","73","7995","3室2厅","低楼层/共29层","南","平层/精装","91.31平米","板楼","金科集美阳光","经开区","https://vrlab-image4.ljcdn.com/release/screenshot/auto3d-SXijRibZyJGTAbDoK3W0nV/2699f47e7d35f75157318c8f743e4ec7/1724288023_0/pc0_SdoiJVi3D.jpg?imageMogr2/quality/70/thumbnail/1024x","https://nc.lianjia.com/ershoufang/103135372365.html"
"477","2024-10-29 11:24:07","江边三房，业主诚心出售，全天阳光","210","15368","3室2厅","中楼层/共18层","东南","平层/精装","136.65平米","板塔结合","联泰香域滨江","红谷滩","https://vrlab-image4.ljcdn.com/release/screenshot/auto3d-C3FHhgAL0OAsH0qcCDTJIb/059cae037f55703f58082b94e8e20bec/1718240737_0/pc0_Iam7kRtum.jpg?imageMogr2/quality/70/thumbnail/1024x","https://nc.lianjia.com/ershoufang/103133463449.html"
"478","2024-10-29 11:24:17","三开间朝南，户型方正，中间楼层视野开阔，全天太阳。","319.1","22056","4室2厅","中楼层/共13层","南 北","平层/毛坯","144.68平米","板楼","联泰梧桐庄园","红谷滩","https://vrlab-image4.ljcdn.com/release/screenshot/auto3d-xJTUToT0FpsWeUd9OmXrrx/159723701fc6652bcb8ea94f05877502/1722134665_0/pc0_cJFtOA2ZQ.jpg?imageMogr2/quality/70/thumbnail/1024x","https://nc.lianjia.com/ershoufang/103134788265.html"
"479","2024-10-29 11:24:27","友邦公馆 地铁口 精品3房 家居家电全带","130","13955","2室2厅","高楼层/共22层","南","平层/精装","93.16平米","板楼","友邦皇家公馆","红谷滩","https://vrlab-image4.ljcdn.com/release/screenshot/auto3d-RppgeocDZgBocbItDV6SQ_/860a0f458b5fbc30488de5319eb88e71/1698827421_1/pc0_NweVYFvqC.jpg?imageMogr2/quality/70/thumbnail/1024x","https://nc.lianjia.com/ershoufang/103129528568.html"
"480","2024-10-29 11:24:37","户型好，得房率高 格局好 价格好 全天阳光 视野开阔","120","15415","2室2厅","中楼层/共33层","南 北","平层/精装","77.85平米","板楼","铜锣湾国际","红谷滩","https://vrlab-image4.ljcdn.com/release/screenshot/auto3d-XV9HZLvDHHfiT8Fcn-YVWB/c9e543dc19b0dd4143bccdc8a14695a7/1698555681_3/pc0_lMHWHyjJF.jpg?imageMogr2/quality/70/thumbnail/1024x","https://nc.lianjia.com/ershoufang/103129524537.html"
"481","2024-10-29 11:24:48","房子好，小区环境好 品质高。配套齐全。","58","7161","2室2厅","中楼层/共32层","南","平层/精装","81平米","板楼","恒大城","南昌县","https://vrlab-image4.ljcdn.com/release/screenshot/auto3d-sc2sSmCULG2pflzJ69FjRm/692e1a239ce873d2179422608fe4841f/1729152860_6/pc0_VIARBGyuh.jpg?imageMogr2/quality/70/thumbnail/1024x","https://nc.lianjia.com/ershoufang/103135966854.html"
"482","2024-10-29 11:24:58","此房由万科品牌开发，大开发商，物业为万科自带的","72","13216","1室0厅","高楼层/共26层","南","平层/其他","54.48平米","板塔结合","蚂蚁工房","高新区","https://vrlab-image4.ljcdn.com/release/screenshot/auto3d--idhDghzOy-vukYic-jjnZ/324c69bef876f2bccb8136a1b0543e8d/1729659450_4/pc0_cQKRpCoAJ.jpg?imageMogr2/quality/70/thumbnail/1024x","https://nc.lianjia.com/ershoufang/103136832177.html"
"483","2024-10-29 11:25:08","小区新 小洋房 配套完善 交通便利 舒适度高","210","16947","4室2厅","高楼层/共6层","南","平层/其他","123.92平米","板楼","力高滨湖国际","高新区","https://vrlab-image4.ljcdn.com/release/screenshot/auto3d-HNov3vdq4GSYqyFdRbZfWf/c5e452f5a08f0ab936aad32e19f22e07/1729302467_10/pc0_rqw4LC0lO.jpg?imageMogr2/quality/70/thumbnail/1024x","https://nc.lianjia.com/ershoufang/103136513832.html"
"484","2024-10-29 11:25:18","新力帝泊湾花园小区 大三房精装修 通透格局","110","10570","3室2厅","高楼层/共18层","南","平层/精装","104.07平米","板楼","新力帝泊湾","经开区","https://vrlab-image4.ljcdn.com/release/screenshot/auto3d-zhUdrYHibhdKGu8BiHk1-t/0ebd376ae32e3d124f345b28501d695e/1728716270_0/pc0_mo0fNfCNp.jpg?imageMogr2/quality/70/thumbnail/1024x","https://nc.lianjia.com/ershoufang/103136629246.html"
"485","2024-10-29 11:25:28","华远帝景天下 1室1厅 南 北","37","7095","1室1厅","低楼层/共39层","南 北","复式/其他","52.15平米","板塔结合","华远帝景天下","东湖区","https://vrlab-image4.ljcdn.com/release/screenshot/auto3d-DlSmnaOz7jZ_oeOWHZvprs/b550cda62759d4a066630a4ee81898d7/1697185968_0/pc0_0xzmhbWDZ.jpg?imageMogr2/quality/70/thumbnail/1024x","https://nc.lianjia.com/ershoufang/103136651379.html"
"486","2024-10-29 11:25:39","恒大绿洲 4室2厅 西南","88","5000","4室2厅","中楼层/共32层","西南","平层/精装","176平米","塔楼","恒大绿洲","南昌县","https://vrlab-image4.ljcdn.com/release/auto3dhd/2b6efcc7682e79ecbf195dbf886977e1/screenshot/1651209075_4/pc0_NqZ6S3g17.jpg?imageMogr2/quality/70/thumbnail/1024x","https://nc.lianjia.com/ershoufang/103136675063.html"
"487","2024-10-29 11:25:49","象湖滨江次新小区近地铁近电梯房","60","6951","3室2厅","低楼层/共34层","南","平层/简装","86.32平米","板楼","伟象碧桂园锦上","南昌县","https://vrlab-image4.ljcdn.com/release/screenshot/auto3d-5o_iCP7HJVCCkfjElv65vu/b235f5f8c61f46482dc0e82d16e4a44e/1728177994_2/pc0_EC1KVM0ZI.jpg?imageMogr2/quality/70/thumbnail/1024x","https://nc.lianjia.com/ershoufang/103136450508.html"
"488","2024-10-29 11:25:59","：楼层好 局通透方正，，视野宽阔，采光太阳足，","85","6661","3室1厅","高楼层/共6层","南","平层/精装","127.62平米","板楼","城开国际学园","新建区","https://vrlab-image4.ljcdn.com/release/auto3dhd/d859182683b896f1f481fda5bb56710b/screenshot/1632032134_3/pc0_5QtkqnVvW.jpg?imageMogr2/quality/70/thumbnail/1024x","https://nc.lianjia.com/ershoufang/103136847365.html"
"489","2024-10-29 11:26:09","地铁口，房东诚心出售楼层好采光好","96","7377","3室1厅","中楼层/共6层","南 北","平层/简装","130.14平米","板楼","康桥绿城","西湖区","https://vrlab-image4.ljcdn.com/release/auto3dhd/71618b5e5bfc8cae5120e35d52e48964/screenshot/1691112986_13/pc0_uYZXbcofn.jpg?imageMogr2/quality/70/thumbnail/1024x","https://nc.lianjia.com/ershoufang/103125671580.html"
"490","2024-10-29 11:26:20","户型方正，小区环境优美，得房率高，","260","18134","3室2厅","低楼层/共18层","南","平层/毛坯","143.38平米","板楼","绿地悦城E区","红谷滩","https://vrlab-image4.ljcdn.com/release/auto3dhd/dd1c9ef24c99dfbd2a23303a08fdbda9/screenshot/1639795304_0/pc0_DtNLLT30N.jpg?imageMogr2/quality/70/thumbnail/1024x","https://nc.lianjia.com/ershoufang/103118489708.html"
"491","2024-10-29 11:26:30","卧珑01栋位置 高楼层看江看湖 有产证诚心卖 看中小刀","85","8911","3室2厅","高楼层/共32层","东南","平层/毛坯","95.39平米","板楼","绿地国际博览城一期卧珑","红谷滩","https://vrlab-image4.ljcdn.com/release/auto3dhd/e53485f6662e5a1d8768c8880ea4da0d/screenshot/1615955323_1/pc0_LLdAnfv5B.jpg?imageMogr2/quality/70/thumbnail/1024x","https://nc.lianjia.com/ershoufang/103118061168.html"
"492","2024-10-29 11:26:40","江西国际汽车广场  正宗两房  总价低  地铁口","24","2892","2室1厅","中楼层/共29层","南","平层/毛坯","83平米","塔楼","江西国际汽车广场","南昌县","https://vrlab-image4.ljcdn.com/release/auto3dhd/9ad0f7e391628ad0d680d9b255b3f6c1/screenshot/1603245344_1/pc0_6KOtaEdtw.jpg?imageMogr2/quality/70/thumbnail/1024x","https://nc.lianjia.com/ershoufang/103111832668.html"
"493","2024-10-29 11:26:51","小区环境好，近地铁，出行方便，配套齐全","38","6991","1室1厅","高楼层/共7层","东南","平层/精装","54.36平米","暂无数据","绿源小区","西湖区","https://vrlab-image4.ljcdn.com/release/screenshot/auto3d-C9bH_wAWIaCuDFJt9WZ2em/f1e011b8ccc326ad7e7412c7ee8b507e/1715939251_6/pc0_MuqcSTn7q.jpg?imageMogr2/quality/70/thumbnail/1024x","https://nc.lianjia.com/ershoufang/103132495222.html"
"494","2024-10-29 11:27:01","艾溪湖东 精装三房 配套成熟 环境优美 房东诚心出售","98","10593","3室2厅","低楼层/共25层","南","平层/精装","92.52平米","塔楼","中骏蓝湾香郡","高新区","https://vrlab-image4.ljcdn.com/release/screenshot/auto3d-1BvCee4k8bOsv9XmyD6O4_/b5b0202953c7426793812cfe63d617dc/1717209838_0/pc0_N8euwqot0.jpg?imageMogr2/quality/70/thumbnail/1024x","https://nc.lianjia.com/ershoufang/103132232868.html"
"495","2024-10-29 11:27:11","南天金源3房精装修保养好中楼层.得房率高拎包入住","94","12044","3室2厅","中楼层/共33层","南","平层/精装","78.05平米","塔楼","南天金源","经开区","https://vrlab-image4.ljcdn.com/release/screenshot/auto3d-qnFNaCajUu36Lf6D4DNkns/34a96ebeac3643951e61672167106c59/1713923005_0/pc0_NQY1KoQe6.jpg?imageMogr2/quality/70/thumbnail/1024x","https://nc.lianjia.com/ershoufang/103135118941.html"
"496","2024-10-29 11:27:21","房子好，小区环境好 品质高。配套齐全。","58","7161","2室2厅","中楼层/共32层","南","平层/精装","81平米","板楼","恒大城","南昌县","https://vrlab-image4.ljcdn.com/release/screenshot/auto3d-sc2sSmCULG2pflzJ69FjRm/692e1a239ce873d2179422608fe4841f/1729152860_6/pc0_VIARBGyuh.jpg?imageMogr2/quality/70/thumbnail/1024x","https://nc.lianjia.com/ershoufang/103135966854.html"
"497","2024-10-29 11:27:31","红谷滩凤凰洲 海亮精装三房  视野无挡 可看碟子湖全景","155","17497","3室2厅","高楼层/共31层","南","平层/精装","88.59平米","板塔结合","海亮V+社区","红谷滩","https://vrlab-image4.ljcdn.com/release/screenshot/auto3d-DMTqKdnSfozpN1t6j-n3Qh/9fb3807e53edf9c33c1261b1b7da8ed8/1724129616_4/pc0_3hGhnMe54.jpg?imageMogr2/quality/70/thumbnail/1024x","https://nc.lianjia.com/ershoufang/103135354039.html"
"498","2024-10-29 11:27:42","学 校旁 精装修三房两卫  带中 央空调和地暖 好楼层","125","10017","3室2厅","中楼层/共17层","南 北","平层/精装","124.79平米","板楼","九龙湖金茂悦","红谷滩","https://vrlab-image4.ljcdn.com/release/screenshot/auto3d-6QjlecBFk7pEURtEohTAJi/0ab71cf72d1b56963d6b89aa85badf58/1723194527_6/pc0_a0uk8aS8a.jpg?imageMogr2/quality/70/thumbnail/1024x","https://nc.lianjia.com/ershoufang/103134879153.html"
"499","2024-10-29 11:27:52","洋房 南北双阳台 有房本 契税满二 配套全 环境舒畅","135","10849","4室2厅","中楼层/共9层","东南","平层/毛坯","124.44平米","暂无数据","正荣华润玲珑府","红谷滩","https://vrlab-image4.ljcdn.com/release/auto3dhd/90bce003511fa9df390a7451ca47b258/screenshot/1656230485_1/pc0_qDqWXZ3p6.jpg?imageMogr2/quality/70/thumbnail/1024x","https://nc.lianjia.com/ershoufang/103121138362.html"
"500","2024-10-29 11:28:02","龙湖春江天玺高层端户，精装未入住过的，诚心出售","90","7628","3室2厅","高楼层/共32层","南","平层/精装","118平米","塔楼","龙湖煌盛春江天玺","南昌县","https://vrlab-image4.ljcdn.com/release/screenshot/auto3d-qNnHnjT4jyEU1MoSU1Vxn8/0977421a88440eab048894f3e716c83d/1711431084_0/pc0_lGWvhPvnd.jpg?imageMogr2/quality/70/thumbnail/1024x","https://nc.lianjia.com/ershoufang/103136200757.html"
"501","2024-10-29 11:28:12","单价便宜总价低 2房 一号线万寿宫站旁","28","4958","2室1厅","高楼层/共8层","西 东","平层/简装","56.48平米","暂无数据","子固路","东湖区","https://vrlab-image4.ljcdn.com/release/screenshot/auto3d-xCxc2t-G4O5ThcsrMDjYgm/456f04ff3618117ea5175fae316da3ff/1719377051_8/pc0_W6Swc5jju.jpg?imageMogr2/quality/70/thumbnail/1024x","https://nc.lianjia.com/ershoufang/103133947348.html"
"502","2024-10-29 11:28:22","恒大名都精装大三房，视野好，前面无挡，房东诚心卖","159","11566","3室2厅","低楼层/共27层","南","平层/精装","137.48平米","塔楼","恒大名都","高新区","https://vrlab-image4.ljcdn.com/release/screenshot/auto3d-71AFcuvTUfmJSMmH-GLWhh/31d7684abc2fd92e287abbf1fcb423be/1698568573_0/pc0_WEoEjFvkv.jpg?imageMogr2/quality/70/thumbnail/1024x","https://nc.lianjia.com/ershoufang/103129275873.html"
"503","2024-10-29 11:28:32","原房东装修大四房电梯好楼层才住了一个月","87","6693","4室2厅","中楼层/共12层","南","平层/精装","130平米","板楼","丰源·淳和","南昌县","https://vrlab-image4.ljcdn.com/release/screenshot/auto3d-yWAjdtdspOU4YvuJT6SMv8/62f2ffe0026da5a22aae27960815e774/1726211405_7/pc0_zvNdHD4iw.jpg?imageMogr2/quality/70/thumbnail/1024x","https://nc.lianjia.com/ershoufang/103134168333.html"
"504","2024-10-29 11:28:43","地铁口通透三房 有电梯可直接入住","138","10767","3室1厅","中楼层/共20层","南 北","平层/其他","128.17平米","板楼","世纪名族园","西湖区","https://vrlab-image4.ljcdn.com/release/screenshot/auto3d-x6aAqohC74yuso9oQokYwP/4b66ec7120b434bd1bf84f808af9920e/1728543583_13/pc0_4NPpbwwLn.jpg?imageMogr2/quality/70/thumbnail/1024x","https://nc.lianjia.com/ershoufang/103136518924.html"
"505","2024-10-29 11:28:53","南北通透，户型端正，电梯洋房，中间楼层","170","12248","3室2厅","中楼层/共11层","南 北","平层/简装","138.8平米","板塔结合","万达星城西区","红谷滩","https://vrlab-image4.ljcdn.com/release/screenshot/auto3d-tIrB0tUWMoI-vOR_A41ntn/4c393fe02ca99b30ff8c5c707372f937/1720082951_0/pc0_ns3zrvEKR.jpg?imageMogr2/quality/70/thumbnail/1024x","https://nc.lianjia.com/ershoufang/103130865361.html"
"506","2024-10-29 11:29:03","旭辉旁，万科金域小区精装3房诚心出售","78","8832","3室2厅","高楼层/共34层","南","平层/精装","88.32平米","板楼","万科金域国际","经开区","https://vrlab-image4.ljcdn.com/release/auto3dhd/65e067c847cd6678d768df92a74de462/screenshot/1692417978_10/pc0_dMQO8hxle.jpg?imageMogr2/quality/70/thumbnail/1024x","https://nc.lianjia.com/ershoufang/103127925522.html"
"507","2024-10-29 11:29:14","万达L2区江边 位置好 可看江 拎包入住","88","7636","3室2厅","中楼层/共31层","东南","平层/其他","115.25平米","塔楼","万达首府L2区","红谷滩","https://vrlab-image4.ljcdn.com/release/screenshot/auto3d-uTXZblyxmu-NHdrtDVHSco/f1ddeb45c95706d396e8590b6dc2fbcd/1727422617_4/pc0_mrHInJFK2.jpg?imageMogr2/quality/70/thumbnail/1024x","https://nc.lianjia.com/ershoufang/103136253434.html"
"508","2024-10-29 11:29:24","房子是大三房两卫的格局 单价低 户型南北对流 楼层好","79","5713","3室2厅","中楼层/共18层","南","平层/毛坯","138.3平米","板楼","金麒麟世家半山半城","红谷滩","https://vrlab-image4.ljcdn.com/release/auto3dhd/82f388c4caaa9d0f6f648bc74bcebf8d/screenshot/1686027472_4/pc0_fkMaCsb2x.jpg?imageMogr2/quality/70/thumbnail/1024x","https://nc.lianjia.com/ershoufang/103132039175.html"
"509","2024-10-29 11:29:34","乐盈广场 盈石住宅三房两厅诚心出售","65","6904","3室2厅","低楼层/共18层","南","平层/毛坯","94.15平米","塔楼","IM乐盈广场","经开区","https://vrlab-image4.ljcdn.com/release/auto3dhd/a957222fc053cb26a1e2382fbdabc4dc/screenshot/1589705370_0/pc0_qODRWGO15.jpg?imageMogr2/quality/70/thumbnail/1024x","https://nc.lianjia.com/ershoufang/103106912502.html"
"510","2024-10-29 11:29:45","力高都会 结婚装修 自住两年左右 中上好楼层 带车位","95","9794","3室2厅","高楼层/共25层","南","平层/精装","97平米","板楼","力高君御都会","南昌县","https://vrlab-image4.ljcdn.com/release/screenshot/auto3d-OKovVcn41SwyAtKQtZjV3r/2ceee8920b23face1c148449ed07d38c/1729577101_0/pc0_MKpAmYHaS.jpg?imageMogr2/quality/70/thumbnail/1024x","https://nc.lianjia.com/ershoufang/103136808109.html"
"511","2024-10-29 11:29:55","房子户型好，通透，全天阳光，出行方便，配套成熟","65","5910","3室2厅","中楼层/共7层","南","平层/简装","110平米","板塔结合","祥瑞花园","新建区","https://vrlab-image4.ljcdn.com/release/screenshot/auto3d-pCx6uEe2tUL0-Llj05AkC7/c31f2624648533576a87e2b3de7c4dc5/1729646591_0/pc0_rm2MV8uN4.jpg?imageMogr2/quality/70/thumbnail/1024x","https://nc.lianjia.com/ershoufang/103136840607.html"
"512","2024-10-29 11:30:05","庞大领航 1室1厅 北","16","3309","1室1厅","高楼层/共23层","北","平层/简装","48.36平米","塔楼","庞大领航","经开区","https://vrlab-image4.ljcdn.com/release/screenshot/auto3d-r16_8Ld6ggUqgdtCIFuAnx/75eae41e123dd60fef86b4f5a15174db/1722411183_2/pc0_gdHBBXJVF.jpg?imageMogr2/quality/70/thumbnail/1024x","https://nc.lianjia.com/ershoufang/103134851061.html"
"513","2024-10-29 11:30:15","自住精装修的房子，楼层采光都很好，看中可以谈","85","9233","3室2厅","高楼层/共33层","南 北","平层/精装","92.07平米","板楼","联发君悦湖","高新区","https://vrlab-image4.ljcdn.com/release/screenshot/auto3d-cdwtfCPrcL-TCcTTvGTkUP/dacaa065b5a1e704d70b8e95febb8b41/1727243858_11/pc0_64j9Aodfa.jpg?imageMogr2/quality/70/thumbnail/1024x","https://nc.lianjia.com/ershoufang/103135838619.html"
"514","2024-10-29 11:30:25","此房户型端正，前后无挡，光线充足，小区环境好","95","10677","3室2厅","低楼层/共27层","南","平层/精装","88.98平米","板塔结合","保利和光盛府","青云谱区","https://vrlab-image4.ljcdn.com/release/screenshot/auto3d-5lr8-MVhHNr8zEK7pbkyxL/3891655b21eb0a870b896377a3f62700/1714274222_3/pc0_ZcPkfkflf.jpg?imageMogr2/quality/70/thumbnail/1024x","https://nc.lianjia.com/ershoufang/103132441868.html"
"515","2024-10-29 11:30:36","天使水榭湾南区 精装电梯两房 近公园 近地铁","72.8","8572","2室2厅","中楼层/共26层","南","平层/其他","84.93平米","板楼","天使水榭湾南区","青云谱区","https://vrlab-image4.ljcdn.com/release/screenshot/auto3d-RB63kjW5nhajsyE2kpQaSK/11ae3cffd47677b0b1475bfba501db97/1727599557_8/pc0_w27wi7iP4.jpg?imageMogr2/quality/70/thumbnail/1024x","https://nc.lianjia.com/ershoufang/103136289060.html"
"516","2024-10-29 11:30:46","房东诚心出售，满五，带车位，生活交通便利","138","14156","3室2厅","低楼层/共32层","南","平层/精装","97.49平米","暂无数据","绿地朝阳中心","西湖区","https://vrlab-image4.ljcdn.com/release/screenshot/auto3d-Bbr-GssVn0zt4c4_rGMgjw/642bf1f8ca5a9255f17f379ca5217928/1728270177_4/pc0_OdXJb6UG1.jpg?imageMogr2/quality/70/thumbnail/1024x","https://nc.lianjia.com/ershoufang/103136444415.html"
"517","2024-10-29 11:30:57","电梯花园洋房 2居室 精装 通透户型","51","5399","2室2厅","低楼层/共11层","南 北","平层/简装","94.47平米","板楼","金桥慧景","经开区","https://vrlab-image4.ljcdn.com/release/screenshot/auto3d-AOAa-b-uh8APoj2H5K-bf1/1a62d07abe0b4c5fadcf97d90357bd57/1724487604_0/pc0_qbSqPDG72.jpg?imageMogr2/quality/70/thumbnail/1024x","https://nc.lianjia.com/ershoufang/103135403400.html"
"518","2024-10-29 11:31:07","朝阳新城  地铁口 2梯2户 改善户型4房 业主诚心出售","206","14343","4室2厅","高楼层/共28层","南","平层/精装","143.63平米","板楼","联发公园前","西湖区","https://vrlab-image4.ljcdn.com/release/screenshot/auto3d-UIvcxbbVfY6ST4euLmRBzn/9a6ef45389f1278bd638c1ce689f2235/1723021107_0/pc0_OXIzvkuI4.jpg?imageMogr2/quality/70/thumbnail/1024x","https://nc.lianjia.com/ershoufang/103134000723.html"
"519","2024-10-29 11:31:17","出门江铃地铁口 交通方便精装拎包一房","23.8","6400","1室1厅","高楼层/共14层","南","平层/其他","37.19平米","板塔结合","江铃新力臻园","青云谱区","https://vrlab-image4.ljcdn.com/release/screenshot/auto3d-oe90uoholiXXO4hQr3zyh3/cd85c1f8718252d26139a900c6720540/1726031132_0/pc0_5d3rFBEI8.jpg?imageMogr2/quality/70/thumbnail/1024x","https://nc.lianjia.com/ershoufang/103135930200.html"
"520","2024-10-29 11:31:28","中间楼层，自住装修，采光好，诚心出售","99","7790","3室2厅","中楼层/共6层","南 北","错层/精装","127.09平米","暂无数据","千禧颐河园","西湖区","https://vrlab-image4.ljcdn.com/release/screenshot/auto3d-GoB-nAMGhkpzUCjMzr4hsd/412e8754f4c6798fa05bd33abcc81953/1714894636_5/pc0_1lr6XRGYE.jpg?imageMogr2/quality/70/thumbnail/1024x","https://nc.lianjia.com/ershoufang/103132922857.html"
"521","2024-10-29 11:31:38","象湖湿地公园东岸  近地铁3号线  生活配套完善","138","12889","3室2厅","中楼层/共34层","南","平层/其他","107.07平米","板楼","中大弘阳","青云谱区","https://vrlab-image4.ljcdn.com/release/screenshot/auto3d-yeCebUSNry7DG1kvYeTusG/417403c8dd1e7b120b16f5c7a301ad8b/1727248525_3/pc0_rMTVKSxBD.jpg?imageMogr2/quality/70/thumbnail/1024x","https://nc.lianjia.com/ershoufang/103136019931.html"
"522","2024-10-29 11:31:48","三开间朝南，户型方正，中间楼层视野开阔，全天太阳。","319.1","22056","4室2厅","中楼层/共13层","南 北","平层/毛坯","144.68平米","板楼","联泰梧桐庄园","红谷滩","https://vrlab-image4.ljcdn.com/release/screenshot/auto3d-xJTUToT0FpsWeUd9OmXrrx/159723701fc6652bcb8ea94f05877502/1722134665_0/pc0_cJFtOA2ZQ.jpg?imageMogr2/quality/70/thumbnail/1024x","https://nc.lianjia.com/ershoufang/103134788265.html"
"523","2024-10-29 11:31:59","出行方便，生活便利，配套齐全，房东诚心出售","35","4959","2室2厅","高楼层/共6层","南","平层/毛坯","70.58平米","板楼","青岚嘉园","经开区","https://vrlab-image4.ljcdn.com/release/screenshot/auto3d-n2O9r_1eO-6EcYoya4ydup/8bdcdbdaf871437f0b548861628699fa/1713245851_0/pc0_tcoZjJ8xI.jpg?imageMogr2/quality/70/thumbnail/1024x","https://nc.lianjia.com/ershoufang/103132536945.html"
"524","2024-10-29 11:32:09","房东诚心出售，看中了价钱可以谈","18.8","3602","2室1厅","中楼层/共26层","南 北","平层/简装","52.2平米","平房","COCO悦城","南昌县","https://vrlab-image4.ljcdn.com/release/screenshot/auto3d-3XLZv4hqrSTAAgn_FbTR1z/544da6d72d7cbdead104c04486a471e0/1713503571_2/pc0_fPJugOBkv.jpg?imageMogr2/quality/70/thumbnail/1024x","https://nc.lianjia.com/ershoufang/103132506358.html"
"525","2024-10-29 11:32:19","力高滨湖国际前后无挡 环境优美近公园艾溪湖隧道","110","10702","3室2厅","高楼层/共44层","南 北","平层/精装","102.79平米","板楼","力高滨湖国际","高新区","https://vrlab-image4.ljcdn.com/release/screenshot/auto3d-QPpAuMqRvYNjzbRHNk-o7v/6fef7ebbb0af0c71c134a043b0178a43/1709949135_4/pc0_0fihBA7MT.jpg?imageMogr2/quality/70/thumbnail/1024x","https://nc.lianjia.com/ershoufang/103131400484.html"
"526","2024-10-29 11:32:30","恒大名都 精装3房 都在 保养很好 诚心卖","155","14039","3室2厅","中楼层/共32层","南 北","平层/精装","110.41平米","板楼","恒大名都","高新区","https://vrlab-image4.ljcdn.com/release/auto3dhd/8b686089994fe5eac25efa234a819e4e/screenshot/1685160101_0/pc0_xXsC0Gqys.jpg?imageMogr2/quality/70/thumbnail/1024x","https://nc.lianjia.com/ershoufang/103126110724.html"
"527","2024-10-29 11:32:40","装修新 保养好 楼层好  视野佳 诚心卖","93","9816","2室2厅","中楼层/共33层","南","平层/精装","94.75平米","板塔结合","路通沁园","高新区","https://vrlab-image4.ljcdn.com/release/screenshot/auto3d-kSQTftT-m44hcxcSX359tx/1338083238f70513c3a6f0e39456e09c/1721452151_0/pc0_yjVW8iTfv.jpg?imageMogr2/quality/70/thumbnail/1024x","https://nc.lianjia.com/ershoufang/103134685070.html"
"528","2024-10-29 11:32:50","满庭春小高层，带地暖，交通便利，配全齐全","102","9394","3室2厅","中楼层/共18层","南 北","平层/精装","108.58平米","板楼","满庭春MOMA","青山湖区","https://vrlab-image4.ljcdn.com/release/screenshot/auto3d-e377m93UWF4cMFHgsWVeoQ/96956fc7c5109218728ac68650a068b1/1710403121_0/pc0_dwXcF1Oti.jpg?imageMogr2/quality/70/thumbnail/1024x","https://nc.lianjia.com/ershoufang/103131694014.html"
"529","2024-10-29 11:33:01","地段繁华，隔壁就是南昌三中，让您的小孩上下学更省心","116","9792","3室2厅","中楼层/共18层","南","平层/精装","118.47平米","板楼","博泰生命树","青云谱区","https://vrlab-image4.ljcdn.com/release/screenshot/auto3d-WvH4PYGB6eOsDDASf9Husq/95e2ff4dd5268b3895f31267186193f0/1724204796_0/pc0_D9UbmXFtS.jpg?imageMogr2/quality/70/thumbnail/1024x","https://nc.lianjia.com/ershoufang/103135312965.html"
"530","2024-10-29 11:33:11","成熟小区 地段好 拎包入住 急售","59","8646","1室2厅","中楼层/共31层","北 南","平层/精装","68.24平米","板楼","水榭花都","青云谱区","https://vrlab-image4.ljcdn.com/release/auto3dhd/2e5e6d4084feca6111b0df952a22bf31/screenshot/1689749040_3/pc0_TLDd6tHLf.jpg?imageMogr2/quality/70/thumbnail/1024x","https://nc.lianjia.com/ershoufang/103127461340.html"
"531","2024-10-29 11:33:21","凤鸣苑 大3房 学QU可用 价格可谈 户型方正 楼层好","240","20231","3室2厅","中楼层/共11层","南","平层/精装","118.63平米","板楼","凤凰城凤鸣苑","红谷滩","https://vrlab-image4.ljcdn.com/release/screenshot/auto3d-rNvBjXsgAwYz7xr_fT0nA_/c11e8136aa0e9387d7bcf4f040f1cc6f/1729304422_5/pc0_FKFSdozm2.jpg?imageMogr2/quality/70/thumbnail/1024x","https://nc.lianjia.com/ershoufang/103136722266.html"
"532","2024-10-29 11:33:31","中海朝阳郡铂宫大3房 房东价格好谈","155","11986","3室1厅","低楼层/共33层","南 北","平层/精装","129.32平米","板楼","中海朝阳郡铂宫","西湖区","https://vrlab-image4.ljcdn.com/release/auto3dhd/621c38306fb6891fbe08a4d4f5717ce7/screenshot/1630286702_14/pc0_kEU4zkB0M.jpg?imageMogr2/quality/70/thumbnail/1024x","https://nc.lianjia.com/ershoufang/103130609375.html"
"533","2024-10-29 11:33:42","单价便宜总价低 2房 一号线万寿宫站旁","28","4958","2室1厅","高楼层/共8层","西 东","平层/简装","56.48平米","暂无数据","子固路","东湖区","https://vrlab-image4.ljcdn.com/release/screenshot/auto3d-xCxc2t-G4O5ThcsrMDjYgm/456f04ff3618117ea5175fae316da3ff/1719377051_8/pc0_W6Swc5jju.jpg?imageMogr2/quality/70/thumbnail/1024x","https://nc.lianjia.com/ershoufang/103133947348.html"
"534","2024-10-29 11:33:52","地铁口通透三房 有电梯可直接入住","138","10767","3室1厅","中楼层/共20层","南 北","平层/其他","128.17平米","板楼","世纪名族园","西湖区","https://vrlab-image4.ljcdn.com/release/screenshot/auto3d-x6aAqohC74yuso9oQokYwP/4b66ec7120b434bd1bf84f808af9920e/1728543583_13/pc0_4NPpbwwLn.jpg?imageMogr2/quality/70/thumbnail/1024x","https://nc.lianjia.com/ershoufang/103136518924.html"
"535","2024-10-29 11:34:02","洋房 南北双阳台 有房本 契税满二 配套全 环境舒畅","135","10849","4室2厅","中楼层/共9层","东南","平层/毛坯","124.44平米","暂无数据","正荣华润玲珑府","红谷滩","https://vrlab-image4.ljcdn.com/release/auto3dhd/90bce003511fa9df390a7451ca47b258/screenshot/1656230485_1/pc0_qDqWXZ3p6.jpg?imageMogr2/quality/70/thumbnail/1024x","https://nc.lianjia.com/ershoufang/103121138362.html"
"536","2024-10-29 11:34:13","房子精装修，江景房，看房方便 ，诚心出售","268","18760","3室2厅","高楼层/共26层","南","平层/精装","142.86平米","板楼","新力江悦","红谷滩","https://vrlab-image4.ljcdn.com/release/screenshot/auto3d-iRoIEitTdEQBRAzdmS21lC/538142754c855969e0a9c620b88cac4c/1725776252_1/pc0_Qptctxnmi.jpg?imageMogr2/quality/70/thumbnail/1024x","https://nc.lianjia.com/ershoufang/103135760436.html"
"537","2024-10-29 11:34:23","龙湖春江天玺高层端户，精装未入住过的，诚心出售","90","7628","3室2厅","高楼层/共32层","南","平层/精装","118平米","塔楼","龙湖煌盛春江天玺","南昌县","https://vrlab-image4.ljcdn.com/release/screenshot/auto3d-qNnHnjT4jyEU1MoSU1Vxn8/0977421a88440eab048894f3e716c83d/1711431084_0/pc0_lGWvhPvnd.jpg?imageMogr2/quality/70/thumbnail/1024x","https://nc.lianjia.com/ershoufang/103136200757.html"
"538","2024-10-29 11:34:33","市处长楼一梯一户大5室看江 带两车位 2、4号线旁","370","17512","5室2厅","中楼层/共25层","南 北","平层/毛坯","211.29平米","板楼","绿地悦城F区","红谷滩","https://vrlab-image4.ljcdn.com/release/screenshot/auto3d-Vqm9xru6ZE3a32vn0gmCMs/c7b20df1157d0d56442972de8aa88525/1697864734_3/pc0_2W9QR2pV5.jpg?imageMogr2/quality/70/thumbnail/1024x","https://nc.lianjia.com/ershoufang/103129104092.html"
"539","2024-10-29 11:34:43","恒大名都精装大三房，视野好，前面无挡，房东诚心卖","159","11566","3室2厅","低楼层/共27层","南","平层/精装","137.48平米","塔楼","恒大名都","高新区","https://vrlab-image4.ljcdn.com/release/screenshot/auto3d-71AFcuvTUfmJSMmH-GLWhh/31d7684abc2fd92e287abbf1fcb423be/1698568573_0/pc0_WEoEjFvkv.jpg?imageMogr2/quality/70/thumbnail/1024x","https://nc.lianjia.com/ershoufang/103129275873.html"
"540","2024-10-29 11:34:54","原房东装修大四房电梯好楼层才住了一个月","87","6693","4室2厅","中楼层/共12层","南","平层/精装","130平米","板楼","丰源·淳和","南昌县","https://vrlab-image4.ljcdn.com/release/screenshot/auto3d-yWAjdtdspOU4YvuJT6SMv8/62f2ffe0026da5a22aae27960815e774/1726211405_7/pc0_zvNdHD4iw.jpg?imageMogr2/quality/70/thumbnail/1024x","https://nc.lianjia.com/ershoufang/103134168333.html"
"541","2024-10-29 11:35:04","铁路九村精品两房中间楼层 位置居中 价钱实惠 诚心卖","39","5862","2室1厅","中楼层/共7层","南 北","平层/精装","66.54平米","板楼","铁路九村","青山湖区","https://vrlab-image4.ljcdn.com/release/auto3dhd/57eeb7e0f1e3cc836ca810815a193fc6/screenshot/1665545524_0/pc0_ZOXRTqJaw.jpg?imageMogr2/quality/70/thumbnail/1024x","https://nc.lianjia.com/ershoufang/103122484493.html"
"542","2024-10-29 11:35:14","房东自住装修，通透三房，出门立德，麦德龙商场","88","7097","3室2厅","中楼层/共6层","南","错层/精装","124平米","板楼","城开国际学园","新建区","https://vrlab-image4.ljcdn.com/release/auto3dhd/72a59a7f37162fb1cfa1089fd3cebe0e/screenshot/1694305339_0/pc0_RAhlwo14r.jpg?imageMogr2/quality/70/thumbnail/1024x","https://nc.lianjia.com/ershoufang/103128383503.html"
"543","2024-10-29 11:35:24","师大就在隔壁地铁一号线交通方便江西省人民医院，赣江","378","26196","4室2厅","高楼层/共32层","南","平层/精装","144.3平米","塔楼","绿地外滩公馆","红谷滩","https://vrlab-image4.ljcdn.com/release/auto3dhd/acf941bea1632d75c71abfcce1f69369/screenshot/1692433079_7/pc0_q0V4o5ubv.jpg?imageMogr2/quality/70/thumbnail/1024x","https://nc.lianjia.com/ershoufang/103119027495.html"
"544","2024-10-29 11:35:35","地铁口好楼层20多万的装修全新未入住低总价四房","88","6237","4室2厅","高楼层/共30层","南","平层/精装","141.1平米","塔楼","江铃瓦良格","南昌县","https://vrlab-image4.ljcdn.com/release/screenshot/auto3d-EIFDPiwdWi2vAGZ2dilnQE/7e7a847408c379de2fac85d29fa9d7dd/1714276678_4/pc0_pGLj3Rr3q.jpg?imageMogr2/quality/70/thumbnail/1024x","https://nc.lianjia.com/ershoufang/103132786348.html"
"545","2024-10-29 11:35:45","正规两房，全明户型，楼层好，全天太阳","54.8","8724","2室1厅","中楼层/共5层","南 北","平层/精装","62.82平米","板楼","系马桩","西湖区","https://vrlab-image4.ljcdn.com/release/screenshot/auto3d-Kgz0ZOJ3-GJlEbmGqRAH5H/dd62a8a8eef78e457d9c07db45701121/1719372050_4/pc0_BJBJTKZqs.jpg?imageMogr2/quality/70/thumbnail/1024x","https://nc.lianjia.com/ershoufang/103134053126.html"
"546","2024-10-29 11:35:55","香榭高楼层东端户，通透毛坯通透三房","199","18005","3室2厅","高楼层/共30层","南 北","平层/毛坯","110.53平米","板塔结合","中央香榭","红谷滩","https://vrlab-image4.ljcdn.com/release/auto3dhd/01c2512dccd070565402ae8fff2487fd/screenshot/1623123287_0/pc0_ObhRJq7JB.jpg?imageMogr2/quality/70/thumbnail/1024x","https://nc.lianjia.com/ershoufang/103110663050.html"
"547","2024-10-29 11:36:05","国贸春天 电梯洋房 大三房两厅两卫 有露台","300","20395","3室2厅","高楼层/共6层","南","平层/毛坯","147.1平米","板楼","国贸春天","西湖区","https://vrlab-image4.ljcdn.com/release/screenshot/auto3d-zvc7AjBeXaY-_LUzRQhxFT/8a0c44a1eace87d2a27846161d5cc5fc/1721353349_0/pc0_RsO4a8dNY.jpg?imageMogr2/quality/70/thumbnail/1024x","https://nc.lianjia.com/ershoufang/103134209833.html"
"548","2024-10-29 11:36:16","国内物业排名前三！万科家喻户晓品牌！物业服务周到！","100","10667","3室2厅","中楼层/共11层","南","平层/精装","93.75平米","板楼","万科城三期","青山湖区","https://vrlab-image4.ljcdn.com/release/screenshot/auto3d--SHyPP3MUaehqGVXgImmT8/cd2954dcbcb50476a208ca8902a4da57/1711262056_0/pc0_epFJBrKNM.jpg?imageMogr2/quality/70/thumbnail/1024x","https://nc.lianjia.com/ershoufang/103131709642.html"
"549","2024-10-29 11:36:26","象湖滨江近地铁人车分流小区边户大三房","85.6","6636","3室2厅","中楼层/共33层","南","平层/毛坯","129平米","板楼","洪大赣江城","南昌县","https://vrlab-image4.ljcdn.com/release/screenshot/auto3d-oBZHhTfxgLbetex6E45846/a5ca2d2fdcd81addc233c146b4973769/1710656871_0/pc0_2KIkzbU9Z.jpg?imageMogr2/quality/70/thumbnail/1024x","https://nc.lianjia.com/ershoufang/103130435563.html"
"550","2024-10-29 11:36:37","黄家湖以西金嘉名筑精装两房诚意出售","65","7493","2室2厅","中楼层/共11层","南 西南","平层/精装","86.75平米","暂无数据","金嘉名筑","经开区","https://vrlab-image4.ljcdn.com/release/screenshot/auto3d-SMr3-LJzUz0Hk6V0-oSM3C/0a88ad5bee75795d829788fa17b87eec/1726807740_7/pc0_bVvnO5GYE.jpg?imageMogr2/quality/70/thumbnail/1024x","https://nc.lianjia.com/ershoufang/103136068893.html"
"551","2024-10-29 11:36:47","楼层很好。价格带车位，业主很诚心卖的，看房也很方便","95","9569","3室2厅","中楼层/共32层","南","平层/毛坯","99.28平米","板楼","恒锦花苑二区","红谷滩","https://vrlab-image4.ljcdn.com/release/screenshot/auto3d-dlMseW_8xulqWpAzTOA054/f61af82a062beaf72c17266dcb54bc02/1705036513_3/pc0_AWslhF92c.jpg?imageMogr2/quality/70/thumbnail/1024x","https://nc.lianjia.com/ershoufang/103130700049.html"
"552","2024-10-29 11:36:58","近红角洲 品质小区 花园洋房 带车位诚心出售","95","7640","4室2厅","低楼层/共7层","东南","平层/毛坯","124.36平米","暂无数据","市政公用城","新建区","https://vrlab-image4.ljcdn.com/release/screenshot/auto3d-ybQSapeE9xT-qakYFYPRp9/d86f26f56810dd44f99311caeda3faa5/1726798934_3/pc0_OZydizlZi.jpg?imageMogr2/quality/70/thumbnail/1024x","https://nc.lianjia.com/ershoufang/103136070788.html"
"553","2024-10-29 11:37:08","中间楼层，精装修，看房随时方便，全天太阳，东端户","119","9569","3室2厅","中楼层/共6层","南 北","错层/精装","124.36平米","板楼","莱茵半岛","西湖区","https://vrlab-image4.ljcdn.com/release/screenshot/auto3d-o-bXkvd-vPGLQpkLc1sx1D/5774960ad445207c62013d241fb49103/1698831500_0/pc0_twAWLW6Tw.jpg?imageMogr2/quality/70/thumbnail/1024x","https://nc.lianjia.com/ershoufang/103129492612.html"
"554","2024-10-29 11:37:18","老城区成熟的配套 改善户型您的目标","125","8112","3室2厅","低楼层/共18层","南","平层/简装","154.1平米","板塔结合","新源·新河小区","西湖区","https://vrlab-image4.ljcdn.com/release/screenshot/auto3d-wtOQxHOpFt9LTEbHDdSucM/af7d1b4ca172d7d389f5ebbf8bded711/1711174125_12/pc0_JOvsaIYO7.jpg?imageMogr2/quality/70/thumbnail/1024x","https://nc.lianjia.com/ershoufang/103129576057.html"
"555","2024-10-29 11:37:29","万达华府南附在，楼下就是市民公园","38","10817","1室1厅","高楼层/共31层","北","平层/精装","35.13平米","板楼","万达华府","红谷滩","https://vrlab-image4.ljcdn.com/release/screenshot/auto3d-GyOSSI3rS6hl8TGuzTtPRU/61836e9184b692afb80ee3420c133605/1722565510_0/pc0_FNL828wBh.jpg?imageMogr2/quality/70/thumbnail/1024x","https://nc.lianjia.com/ershoufang/103133011660.html"
"556","2024-10-29 11:37:39","电梯洋房，户型端正 采光足 得房率高 ， 交通便利","230.8","18267","3室2厅","低楼层/共6层","南","平层/精装","126.35平米","板楼","海域香庭三期","红谷滩","https://vrlab-image4.ljcdn.com/release/screenshot/auto3d-DzGINoHfHDkZoB7SH9Djs9/cd84c565c02f34c364c6cd00f677a4b0/1710315836_0/pc0_1332z80Z9.jpg?imageMogr2/quality/70/thumbnail/1024x","https://nc.lianjia.com/ershoufang/103131480820.html"
"557","2024-10-29 11:37:49","朝阳新城，地铁边。 风景无档，舒适两房，可拎包入住","130","13040","3室2厅","高楼层/共33层","南","平层/精装","99.7平米","板楼","国贸天琴湾东区","西湖区","https://vrlab-image4.ljcdn.com/release/auto3dhd/9ee66f4a42f3c756c8f4a775d0539f76/screenshot/1683615951_0/pc0_xORtF7jLa.jpg?imageMogr2/quality/70/thumbnail/1024x","https://nc.lianjia.com/ershoufang/103125690719.html"
"558","2024-10-29 11:38:00","锦绣天地i青年城精装   看房随时可看","20","4102","1室1厅","中楼层/共19层","北","平层/精装","48.76平米","暂无数据","锦绣天地青年城","南昌县","https://vrlab-image4.ljcdn.com/release/screenshot/auto3d-0KqtPtVqdiz87sn4A604yP/e39174c2487add8b355636270318e658/1717147620_0/pc0_8vlEPcKGw.jpg?imageMogr2/quality/70/thumbnail/1024x","https://nc.lianjia.com/ershoufang/103133522717.html"
"559","2024-10-29 11:38:10","采光充足，配套齐，交通便利，人文环境好","75","6086","3室2厅","中楼层/共32层","南 北","平层/其他","123.24平米","板楼","恒大城","南昌县","https://vrlab-image4.ljcdn.com/release/screenshot/auto3d-VL_9KN6NnkFkeOm99izVQP/bc7c680cbbc2cdd6bf17da206d0c6bac/1727575185_0/pc0_r8dq9EswJ.jpg?imageMogr2/quality/70/thumbnail/1024x","https://nc.lianjia.com/ershoufang/103134443871.html"
"560","2024-10-29 11:38:20","此房精装修，成交快 。精英们多推荐哈","80","8856","2室1厅","中楼层/共34层","南","平层/精装","90.34平米","板楼","新力金沙湾","南昌县","https://vrlab-image4.ljcdn.com/release/auto3dhd/7f71525328b3556cd0047dd4eaf8c09f/screenshot/1615358126_3/pc0_h3aNUSa0X.jpg?imageMogr2/quality/70/thumbnail/1024x","https://nc.lianjia.com/ershoufang/103113779464.html"
"561","2024-10-29 11:38:31","音乐花园 阳明路上 交通方便 电梯房 房东诚心出售","68","10206","2室1厅","中楼层/共28层","南","平层/简装","66.63平米","板楼","音乐花园","东湖区","https://vrlab-image4.ljcdn.com/release/screenshot/auto3d-NN_9w7wmU9d_lltJLblPaa/65ac2c57976d37ab2a33f2f88f4cbe39/1701920487_0/pc0_f3EbqMD78.jpg?imageMogr2/quality/70/thumbnail/1024x","https://nc.lianjia.com/ershoufang/103129958444.html"
"562","2024-10-29 11:38:41","业主急售，高楼层，视野开阔，寻找有缘人","159","11618","4室2厅","高楼层/共18层","南 北","平层/精装","136.86平米","板塔结合","万达星城西区","红谷滩","https://vrlab-image4.ljcdn.com/release/screenshot/auto3d-ZfQ3b4UVO0oMbG3H4JwEF6/438eab8c6351f874248f2911c2ae16e3/1720930376_0/pc0_lrytW8hdv.jpg?imageMogr2/quality/70/thumbnail/1024x","https://nc.lianjia.com/ershoufang/103120888229.html"
"563","2024-10-29 11:38:51","江铃瓦良格 全明通透视野开阔 坐高品质的生活","75","5320","4室2厅","低楼层/共30层","南","平层/毛坯","141平米","塔楼","江铃瓦良格","南昌县","https://vrlab-image4.ljcdn.com/release/auto3dhd/ae4aa3939349ea4056fa0211da36787c/screenshot/1609318026_7/pc0_mfx0QIDsv.jpg?imageMogr2/quality/70/thumbnail/1024x","https://nc.lianjia.com/ershoufang/103112816829.html"
"564","2024-10-29 11:39:02","房东诚心出售。精装修 可以拎包入住","40","8651","2室1厅","高楼层/共11层","东南","平层/简装","46.24平米","板塔结合","抚生佳园","西湖区","https://vrlab-image4.ljcdn.com/release/auto3dhd/452912a488f9f292bc0d6ef5f57d3cf8/screenshot/1694227794_0/pc0_Yp5yM3086.jpg?imageMogr2/quality/70/thumbnail/1024x","https://nc.lianjia.com/ershoufang/103128350165.html"
"565","2024-10-29 11:39:12","格局好 视野开阔 采光充足 物业好 房型好配套齐全","59","7099","3室2厅","低楼层/共18层","南 北","平层/精装","83.12平米","板塔结合","保集半岛御河湾二期","南昌县","https://vrlab-image4.ljcdn.com/release/screenshot/auto3d--s2XKX7bgNTjXqvteqhLtI/95789831d0dcc116390e9b63d8ff1675/1728438590_0/pc0_5740dU4cm.jpg?imageMogr2/quality/70/thumbnail/1024x","https://nc.lianjia.com/ershoufang/103136368860.html"
"566","2024-10-29 11:39:22","橡树湾橡府 4室2厅 南","225","17646","4室2厅","中楼层/共7层","南","平层/其他","127.51平米","板楼","橡树湾橡府","西湖区","https://vrlab-image4.ljcdn.com/release/screenshot/auto3d-s1hnCgRpmvIaG97daiZ6lQ/9c1fbac92f0e5525671695833bccaa3e/1729752858_3/pc0_klfYsIKrH.jpg?imageMogr2/quality/70/thumbnail/1024x","https://nc.lianjia.com/ershoufang/103136721379.html"
"567","2024-10-29 11:39:32","庞大领航 1室1厅 北","16","3309","1室1厅","高楼层/共23层","北","平层/简装","48.36平米","塔楼","庞大领航","经开区","https://vrlab-image4.ljcdn.com/release/screenshot/auto3d-r16_8Ld6ggUqgdtCIFuAnx/75eae41e123dd60fef86b4f5a15174db/1722411183_2/pc0_gdHBBXJVF.jpg?imageMogr2/quality/70/thumbnail/1024x","https://nc.lianjia.com/ershoufang/103134851061.html"
"568","2024-10-29 11:39:43","乐盈广场 盈石住宅三房两厅诚心出售","65","6904","3室2厅","低楼层/共18层","南","平层/毛坯","94.15平米","塔楼","IM乐盈广场","经开区","https://vrlab-image4.ljcdn.com/release/auto3dhd/a957222fc053cb26a1e2382fbdabc4dc/screenshot/1589705370_0/pc0_qODRWGO15.jpg?imageMogr2/quality/70/thumbnail/1024x","https://nc.lianjia.com/ershoufang/103106912502.html"
"569","2024-10-29 11:39:53","首付10万月供1000多70年住宅产权 2房1厅38万 步梯房","32","6090","2室1厅","低楼层/共6层","南","平层/精装","52.55平米","板楼","青岚嘉园","经开区","https://vrlab-image4.ljcdn.com/release/screenshot/auto3d-GQRHfele73kKL0T6CbthN5/2505a3344959a2a9cd405c05bc684fe2/1717903492_0/pc0_nAok8FCqN.jpg?imageMogr2/quality/70/thumbnail/1024x","https://nc.lianjia.com/ershoufang/103133518536.html"
"570","2024-10-29 11:40:03","房子户型好，通透，全天阳光，出行方便，配套成熟","65","5910","3室2厅","中楼层/共7层","南","平层/简装","110平米","板塔结合","祥瑞花园","新建区","https://vrlab-image4.ljcdn.com/release/screenshot/auto3d-pCx6uEe2tUL0-Llj05AkC7/c31f2624648533576a87e2b3de7c4dc5/1729646591_0/pc0_rm2MV8uN4.jpg?imageMogr2/quality/70/thumbnail/1024x","https://nc.lianjia.com/ershoufang/103136840607.html"
"571","2024-10-29 11:41:43","户型端正，楼层好，配套齐全，交通生活便利","128","11038","3室2厅","低楼层/共28层","东 南","平层/毛坯","115.97平米","板楼","红谷新城","新建区","https://vrlab-image4.ljcdn.com/release/screenshot/auto3d-9Q10IxtA2MBV4rXuQ6pT-Q/5143f9ba17b2ac4caed035a0aadefc26/1698798539_3/pc0_ZHlqNYQh4.jpg?imageMogr2/quality/70/thumbnail/1024x","https://nc.lianjia.com/ershoufang/103129528686.html"
"572","2024-10-29 11:41:53","刚花了20万的精装修南北通透两房","150","12722","2室2厅","高楼层/共19层","南 北","平层/精装","117.91平米","塔楼","滨江豪园","红谷滩","https://vrlab-image4.ljcdn.com/release/screenshot/auto3d--uY0zKT9uAy0qk3FjkraqE/0b9c5b2b187cd235850274891d12865d/1727334125_4/pc0_o9vd9Os8x.jpg?imageMogr2/quality/70/thumbnail/1024x","https://nc.lianjia.com/ershoufang/103136240552.html"
"573","2024-10-29 11:42:03","全天采光中间楼层 户型好 大三房","235","17053","3室2厅","中楼层/共24层","南","平层/精装","137.81平米","板塔结合","凤凰城凤鸣苑","红谷滩","https://vrlab-image4.ljcdn.com/release/screenshot/auto3d-1zDyvkdnm-0h0fWMLgK3kc/03288c486a9f7f51944a3f9547af5289/1700804297_3/pc0_siSpdMNf4.jpg?imageMogr2/quality/70/thumbnail/1024x","https://nc.lianjia.com/ershoufang/103129981319.html"
"574","2024-10-29 11:42:13","恒大城精装修户型方正，居住舒适，出行便捷。","49","5539","2室2厅","中楼层/共32层","南","平层/精装","88.47平米","塔楼","恒大城","南昌县","https://vrlab-image4.ljcdn.com/release/screenshot/auto3d-UTM0nFXxH7SpVBgHVxVpRK/db9fbef7a8978d15424e09dc4e2a8a5b/1729825604_12/pc0_QNdhZwdQF.jpg?imageMogr2/quality/70/thumbnail/1024x","https://nc.lianjia.com/ershoufang/103136653952.html"
"575","2024-10-29 11:42:24","装修了30多万，入住不到1年，南北户型，2卫，2017年","220","19339","3室2厅","中楼层/共18层","南 北","平层/其他","113.76平米","板楼","世纪朝阳中央城","西湖区","https://vrlab-image4.ljcdn.com/release/screenshot/auto3d-mRd0d6O3im1HTSxaL99Mft/bae711ede7186f6e36a91a80dfceb59e/1724382042_3/pc0_T13YEQYi9.jpg?imageMogr2/quality/70/thumbnail/1024x","https://nc.lianjia.com/ershoufang/103136717226.html"
"576","2024-10-29 11:42:34","央央春天旁正规大两房 双地铁口 全天太阳","50","5286","2室2厅","中楼层/共8层","南","平层/简装","94.6平米","板楼","永外正街","东湖区","https://vrlab-image4.ljcdn.com/release/screenshot/auto3d-kTux-8ceJtvuVLJThktese/0417147227a0a25a2c6c081e12b00a75/1725095321_11/pc0_WLbcRwjGz.jpg?imageMogr2/quality/70/thumbnail/1024x","https://nc.lianjia.com/ershoufang/103128358737.html"
"577","2024-10-29 11:42:44","物业管理好 配套完善 交通便利 全新未住过","109","11894","3室2厅","中楼层/共33层","南","平层/精装","91.65平米","塔楼","绿都悦府","高新区","https://vrlab-image4.ljcdn.com/release/screenshot/auto3d-jmOR474IX3YrYVLuuMRx-w/0f4af3046a2ec04548289b19a16f5317/1728358346_7/pc0_CBltqcwHR.jpg?imageMogr2/quality/70/thumbnail/1024x","https://nc.lianjia.com/ershoufang/103136490665.html"
"578","2024-10-29 11:42:55","配套设施齐全 交通便利 户型方正 使用面积大","58","6621","3室1厅","高楼层/共16层","南 北","平层/精装","87.61平米","板楼","力高国际城四期","南昌县","https://vrlab-image4.ljcdn.com/release/screenshot/auto3d-w748I3Bs22VqGuyk2YPypC/347de4405bf631d2c473f569751aa6d6/1728957646_3/pc0_ls0WuqjN4.jpg?imageMogr2/quality/70/thumbnail/1024x","https://nc.lianjia.com/ershoufang/103136652238.html"
"579","2024-10-29 11:43:05","两房朝南一房朝北，业主诚心出售，看房提前预约","145","10978","3室2厅","中楼层/共11层","南 北","平层/精装","132.09平米","板塔结合","鹿璟名居","红谷滩","https://vrlab-image4.ljcdn.com/release/screenshot/auto3d-VM3KjYnYfP8gkLSGyreCbC/8af0ba591427331454a2d5686e8f3e20/1722566963_13/pc0_zebmDkIMw.jpg?imageMogr2/quality/70/thumbnail/1024x","https://nc.lianjia.com/ershoufang/103134950335.html"
"580","2024-10-29 11:43:16","船山路万寿宫文化街旁，6000多两房，近地铁太阳好","23.5","3989","2室1厅","高楼层/共8层","南","平层/简装","58.92平米","板塔结合","惠民门二区","西湖区","https://vrlab-image4.ljcdn.com/release/auto3dhd/56f9e8f023e0f8bb20c46871957ca727/screenshot/1685777410_1/pc0_e2keeFzwq.jpg?imageMogr2/quality/70/thumbnail/1024x","https://nc.lianjia.com/ershoufang/103126543692.html"
"581","2024-10-29 11:43:26","地铁口旁，三室两卫南北通透小高楼，两梯两户","55","4791","3室2厅","高楼层/共18层","南 北","平层/毛坯","114.82平米","暂无数据","九溪嘉园一区","红谷滩","https://vrlab-image4.ljcdn.com/release/screenshot/auto3d-uoo96ElLrak_YKD1PvLt0s/b0d9103c69dd7d523fd06e2700451f08/1729224302_3/pc0_iNIjOnA9k.jpg?imageMogr2/quality/70/thumbnail/1024x","https://nc.lianjia.com/ershoufang/103136672054.html"
"582","2024-10-29 11:43:36","带露台 东端户 南北通透 房东诚意卖 看房方便","206","19117","3室2厅","高楼层/共33层","南 北","平层/精装","107.76平米","板塔结合","世纪中央城一期","红谷滩","https://vrlab-image4.ljcdn.com/release/auto3dhd/cf22c929cb1ef1a2ab2e0a183024b345/screenshot/1666242431_1/pc0_8tUDHrsKE.jpg?imageMogr2/quality/70/thumbnail/1024x","https://nc.lianjia.com/ershoufang/103122521729.html"
"583","2024-10-29 11:43:46","薪上优质好房随时看视野采光楼层很好业主置换诚心出售","120","13837","2室2厅","中楼层/共16层","南","平层/其他","86.73平米","板楼","绿湖豪城二期","红谷滩","https://vrlab-image4.ljcdn.com/release/screenshot/auto3d-yKlIKvD0YmHx6pcV4wVlyJ/a43ced79e763960edb9490d548e601d0/1729314789_0/pc0_faVSnwwBw.jpg?imageMogr2/quality/70/thumbnail/1024x","https://nc.lianjia.com/ershoufang/103136703853.html"
"584","2024-10-29 11:43:57","得房率99南北双阳台房东诚心出售","106","8592","3室1厅","中楼层/共30层","南","平层/毛坯","123.38平米","板楼","湖韵天成","高新区","https://vrlab-image4.ljcdn.com/release/auto3dhd/d153b2b168638c87450aa742747c1ee2/screenshot/1642816481_0/pc0_GQYOsmebS.jpg?imageMogr2/quality/70/thumbnail/1024x","https://nc.lianjia.com/ershoufang/103128188413.html"
"585","2024-10-29 11:44:07","户型方正，交通便利，带地暖，配套齐全","88","8644","2室2厅","中楼层/共11层","南","平层/精装","101.81平米","板楼","满庭春MOMA","青山湖区","https://vrlab-image4.ljcdn.com/release/screenshot/auto3d-oEMR-HZZ8YcqD00JiQt9W5/f8dd2919d3e1a875f9dac7403c76a63e/1704356434_3/pc0_0CDdnwauh.jpg?imageMogr2/quality/70/thumbnail/1024x","https://nc.lianjia.com/ershoufang/103130650787.html"
"586","2024-10-29 11:44:17","硕丰西湖里精装现房2房出售 次新小区","49.8","8287","2室2厅","中楼层/共28层","南","平层/精装","60.1平米","板楼","硕丰西湖里","南昌县","https://vrlab-image4.ljcdn.com/release/screenshot/auto3d-7f5iT0Iv3P48u0YaTEMWex/8600fbb2e90bd3453db3980dcdc6d911/1721873082_2/pc0_p7oBuRtzs.jpg?imageMogr2/quality/70/thumbnail/1024x","https://nc.lianjia.com/ershoufang/103134389273.html"
"587","2024-10-29 11:44:28","小区环境好，配套齐全，交通便利，三公园，近地铁。","186","16841","3室2厅","中楼层/共24层","南","平层/精装","110.45平米","塔楼","万科海上传奇","高新区","https://vrlab-image4.ljcdn.com/release/screenshot/auto3d-NEDjwO1fhVlIEtCyIVwwwv/9967712811a8a434f653e057cdd6138a/1719974800_0/pc0_RM4JCdZKP.jpg?imageMogr2/quality/70/thumbnail/1024x","https://nc.lianjia.com/ershoufang/103131435662.html"
"588","2024-10-29 11:44:38","万达广场旁 红谷世纪花园 户型方正地铁 生活配套成","215","16287","3室2厅","中楼层/共6层","南","平层/简装","132.01平米","板楼","红谷世纪花园D区","红谷滩","https://vrlab-image4.ljcdn.com/release/auto3dhd/21dafa30e522a641a37d76b5f273348b/screenshot/1675822989_9/pc0_xovanQRuB.jpg?imageMogr2/quality/70/thumbnail/1024x","https://nc.lianjia.com/ershoufang/103123751616.html"
"589","2024-10-29 11:44:48","房东诚心卖，房子在3楼，楼下储藏间。","56","6388","2室2厅","中楼层/共7层","南 北","平层/精装","87.67平米","板楼","唐庄","南昌县","https://vrlab-image4.ljcdn.com/release/screenshot/auto3d-9ZgiIJPgceR2wCuPCSLre9/9fabfb3c84dfc5e583a73708719340d0/1706947177_0/pc0_Zolv2ZYbi.jpg?imageMogr2/quality/70/thumbnail/1024x","https://nc.lianjia.com/ershoufang/103130936822.html"
"590","2024-10-29 11:44:59","房子近红谷滩出门就上英雄大桥，经开区核+心位置","85","9614","3室2厅","中楼层/共33层","南","平层/精装","88.42平米","板楼","洪客隆英伦联邦","经开区","https://vrlab-image4.ljcdn.com/release/auto3dhd/25bed1675a14f946768639744e0c2ef5/screenshot/1676516236_0/pc0_mQpVl8DI8.jpg?imageMogr2/quality/70/thumbnail/1024x","https://nc.lianjia.com/ershoufang/103124013732.html"
"591","2024-10-29 11:45:09","红谷滩 丰和新城北苑 电梯洋房 2+1精装拎包入住","168","18277","2室1厅","中楼层/共5层","南","平层/精装","91.92平米","板楼","丰和新城北苑","红谷滩","https://vrlab-image4.ljcdn.com/release/screenshot/auto3d-eigZJ9VPaNBFrCaszthFlF/aadc3dc6dc93730e6c3e2b1d36408cef/1710811354_1/pc0_zYcQ8cwTF.jpg?imageMogr2/quality/70/thumbnail/1024x","https://nc.lianjia.com/ershoufang/103131811948.html"
"592","2024-10-29 11:45:19","翠苑路地铁口 刚需大两房 出行方便 配套成熟 拎包入住","110","11668","2室2厅","高楼层/共33层","南","平层/简装","94.28平米","板塔结合","万达华府","红谷滩","https://vrlab-image4.ljcdn.com/release/screenshot/auto3d-kB5Sy-EAkjKLhJQfN-y1nw/3bce49deee3d25b6cb12b6e196d9cd09/1697766824_0/pc0_kPMutxdxg.jpg?imageMogr2/quality/70/thumbnail/1024x","https://nc.lianjia.com/ershoufang/103127173538.html"
"593","2024-10-29 11:45:30","鹿璟名居好房出售、房东诚心卖、","175","11534","3室2厅","低楼层/共25层","南","平层/其他","151.73平米","板塔结合","鹿璟名居","红谷滩","https://vrlab-image4.ljcdn.com/release/screenshot/auto3d-MLp1QTwGj6kQiEi6SPriIf/dc4db798340cd8cd5002f1a03cd6e728/1728625992_0/pc0_8QK0DUC1u.jpg?imageMogr2/quality/70/thumbnail/1024x","https://nc.lianjia.com/ershoufang/103136196925.html"
"594","2024-10-29 11:45:40","一线湖景房  出门就是艾溪湖  房东诚心出售","149","11326","3室2厅","高楼层/共13层","南","平层/精装","131.56平米","板塔结合","溪湖春晓","高新区","https://vrlab-image4.ljcdn.com/release/auto3dhd/711bc96da5248b2f19b548fbc0e498b3/screenshot/1671330242_0/pc0_1BplJ8FVF.jpg?imageMogr2/quality/70/thumbnail/1024x","https://nc.lianjia.com/ershoufang/103122484593.html"
"595","2024-10-29 11:45:50","近地铁口，精装三房中间楼层，拎包入住，看房方便","188","17982","3室1厅","中楼层/共24层","南","复式/精装","104.55平米","板塔结合","世纪中央城一期","红谷滩","https://vrlab-image4.ljcdn.com/release/screenshot/auto3d-bbyKinImHKR4fh-JkXtOL0/8ec090e2040a12ed5dab8d6a2c3bcdce/1697786870_0/pc0_SyeRHsO9N.jpg?imageMogr2/quality/70/thumbnail/1024x","https://nc.lianjia.com/ershoufang/103129156142.html"
"596","2024-10-29 11:46:00","户型通透，出入方便，交通便利，","30","5584","2室1厅","低楼层/共8层","南 北","平层/其他","53.73平米","暂无数据","子固路","东湖区","https://vrlab-image4.ljcdn.com/release/screenshot/auto3d-qZZWcWK66xHfhoAhSF-sWH/1a8f7b875eee33dfb7f7518818f4fe1e/1728200913_0/pc0_AuS4U3mKT.jpg?imageMogr2/quality/70/thumbnail/1024x","https://nc.lianjia.com/ershoufang/103136427561.html"
"597","2024-10-29 11:46:11","小清新风格装修 楼层好采光好 拎包入住电梯","160","14243","3室2厅","中楼层/共18层","南","平层/精装","112.34平米","板楼","盛世经典","红谷滩","https://vrlab-image4.ljcdn.com/release/screenshot/auto3d--ALyiWuNfud4XmbDESta_2/074b8e4a2e503f88858de0cd4400643c/1727592291_4/pc0_Ypg5KHmWi.jpg?imageMogr2/quality/70/thumbnail/1024x","https://nc.lianjia.com/ershoufang/103135559135.html"
"598","2024-10-29 11:46:21","红角洲 地中海 精装修三房 拎包入住","126","12904","3室2厅","高楼层/共24层","南","平层/精装","97.65平米","塔楼","地中海阳光","红谷滩","https://vrlab-image4.ljcdn.com/release/auto3dhd/2d7b35f768bae1442c32612a05ce1bb7/screenshot/1670049608_0/pc0_9Lv4HxIy2.jpg?imageMogr2/quality/70/thumbnail/1024x","https://nc.lianjia.com/ershoufang/103123517743.html"
"599","2024-10-29 11:46:31","电梯洋房，房东急售，价格好商量","79","7343","3室2厅","高楼层/共7层","南 北","平层/精装","107.59平米","板楼","南昌恒大翡翠华庭","南昌县","https://vrlab-image4.ljcdn.com/release/screenshot/auto3d-Gu7jMlVIueePpXreptvTrN/907c59ff8f6093a40fe73948e4df686b/1722924939_2/pc0_Whc1Ss9Yr.jpg?imageMogr2/quality/70/thumbnail/1024x","https://nc.lianjia.com/ershoufang/103135072723.html"
"600","2024-10-29 11:46:42","一楼架高带园子 经典两房 背靠湿地公园","56","7191","2室2厅","低楼层/共6层","南 北","平层/简装","77.88平米","板楼","象湖里九里象湖城","南昌县","https://vrlab-image4.ljcdn.com/release/auto3dhd/cd49bd3710420e4094e437a3b1b095f0/screenshot/1639537185_8/pc0_jXNmIt7qL.jpg?imageMogr2/quality/70/thumbnail/1024x","https://nc.lianjia.com/ershoufang/103136498556.html"
"601","2024-10-29 11:46:52","火车站 公路局宿舍 大院子 单价6000多 精装修三房","62","6831","3室2厅","低楼层/共7层","南","平层/其他","90.77平米","板塔结合","江西省公路局社区（站前西路公路局宿舍）","西湖区","https://vrlab-image4.ljcdn.com/release/screenshot/auto3d-arhfXeNgASowgQNIRxBnjq/979751fd7e1ec27a0b37f85118051763/1729761156_3/pc0_QZryt5sN9.jpg?imageMogr2/quality/70/thumbnail/1024x","https://nc.lianjia.com/ershoufang/103136867597.html"
"602","2024-10-29 11:47:02","朝阳二年内新小区 楼下就是教育 精装交付 拎包入住","200","15622","3室2厅","中楼层/共31层","东南","平层/精装","128.03平米","塔楼","名城紫金轩","西湖区","https://vrlab-image4.ljcdn.com/release/screenshot/auto3d-SXH9VIScHB7fLuZ9HiuFk3/20b4b904328bb572d896683d9d5f2888/1720239071_0/pc0_Nz7xk1WRr.jpg?imageMogr2/quality/70/thumbnail/1024x","https://nc.lianjia.com/ershoufang/103134147481.html"
"603","2024-10-29 11:47:13","锦苑阳光  一梯一户端正三房   带车位","61","4778","3室2厅","低楼层/共33层","南","平层/毛坯","127.68平米","板楼","锦苑阳光","新建区","https://vrlab-image4.ljcdn.com/release/screenshot/auto3d-qcoKeKNOTrOjHWqEHl6_st/103970b3d7a5bad9ef1594eb8a0faca1/1722669168_3/pc0_2d6n8dY6p.jpg?imageMogr2/quality/70/thumbnail/1024x","https://nc.lianjia.com/ershoufang/103134726881.html"
"604","2024-10-29 11:47:23","海珀九龙靠江，读书便利，小区环境好","188","14202","3室2厅","中楼层/共32层","南","平层/毛坯","132.38平米","板楼","海珀九龙芙蓉","红谷滩","https://vrlab-image4.ljcdn.com/release/auto3dhd/c4792b7efb7218a0efa1dc98ca011fee/screenshot/1689927510_3/pc0_qA1t3jqv6.jpg?imageMogr2/quality/70/thumbnail/1024x","https://nc.lianjia.com/ershoufang/103125862797.html"
"605","2024-10-29 11:47:33","坐北朝南，端正四房，全天太阳，公园在楼下，环境优美","180","17870","3室2厅","高楼层/共28层","南 北","平层/其他","100.73平米","板楼","华侨城万科天鹅堡","西湖区","https://vrlab-image4.ljcdn.com/release/screenshot/auto3d-cXmllyiV-KX-lWpJkNntai/71fbac0bd8dca67fe448c042a19522ef/1699520665_3/pc0_fIKd63N7n.jpg?imageMogr2/quality/70/thumbnail/1024x","https://nc.lianjia.com/ershoufang/103136551517.html"
"606","2024-10-29 11:47:43","客厅出阳台采光视野无遮挡，阳台空合格间大","245","26089","3室2厅","高楼层/共29层","南","平层/精装","93.91平米","塔楼","绿地外滩公馆","红谷滩","https://vrlab-image4.ljcdn.com/release/screenshot/auto3d-N4Pj0uivsiOGGZw_CscVji/ca11cd0495cb3a81074e3351b658949d/1720516867_4/pc0_8Z3QcDkWY.jpg?imageMogr2/quality/70/thumbnail/1024x","https://nc.lianjia.com/ershoufang/103134391898.html"
"607","2024-10-29 11:47:54","万科海上传奇新上精装三房，装修保养好房东诚心卖","175","16063","3室2厅","中楼层/共43层","东南","平层/精装","108.95平米","板楼","万科海上传奇","高新区","https://vrlab-image4.ljcdn.com/release/screenshot/auto3d-B_SJF_VmTjEFvoSiM3ciU5/774b42a8f826bd8bb07c1019cba605a2/1710376978_7/pc0_1A1ijLN8B.jpg?imageMogr2/quality/70/thumbnail/1024x","https://nc.lianjia.com/ershoufang/103131490782.html"
"608","2024-10-29 11:48:04","此房为三房两厅两卫，小区绿化环境优美。交通便利。","98","8963","3室2厅","低楼层/共32层","南","平层/毛坯","109.34平米","板楼","绿地国际博览城一期藏珑","红谷滩","https://vrlab-image4.ljcdn.com/release/auto3dhd/ce22e0847959a3c4e770a4ccd4b6c485/screenshot/1631498660_0/pc0_fA9Klp33T.jpg?imageMogr2/quality/70/thumbnail/1024x","https://nc.lianjia.com/ershoufang/103120873599.html"
"609","2024-10-29 11:48:14","钰珑湾2房 精装修 诚心出售 新力物业","43","6418","2室2厅","高楼层/共18层","南","平层/精装","67平米","塔楼","新力钰珑湾北区","新建区","https://vrlab-image4.ljcdn.com/release/screenshot/auto3d-u3VXd7nbK7zZlmYSL0XPoV/455043f75466e1f12002f5e58f256be3/1716362154_8/pc0_0RI33wZNN.jpg?imageMogr2/quality/70/thumbnail/1024x","https://nc.lianjia.com/ershoufang/103133339644.html"
"610","2024-10-29 11:48:24","绿地悦公馆 自住精装修142平大平层","138","9681","4室2厅","中楼层/共7层","南","平层/精装","142.56平米","板楼","绿地悦公馆","经开区","https://vrlab-image4.ljcdn.com/release/auto3dhd/c41c6f96c9c12e007f6c4f7135031e92/screenshot/1679467658_18/pc0_7AwxF9Uus.jpg?imageMogr2/quality/70/thumbnail/1024x","https://nc.lianjia.com/ershoufang/103125103681.html"
"611","2024-10-29 11:48:35","近西站交通便利，中间楼层，视野开阔","71","6672","3室2厅","中楼层/共33层","南","平层/其他","106.42平米","板楼","西站瑞都","红谷滩","https://vrlab-image4.ljcdn.com/release/auto3dhd/eeac05c38abf18d1f8db23475464ca0a/screenshot/1688612024_3/pc0_91h1yrzQc.jpg?imageMogr2/quality/70/thumbnail/1024x","https://nc.lianjia.com/ershoufang/103136859652.html"
"612","2024-10-29 11:48:45","红谷滩旁  众森一品  依山傍水  精装三房  诚心出售","105","10480","3室2厅","中楼层/共33层","南","平层/精装","100.2平米","塔楼","众森红谷一品","经开区","https://vrlab-image4.ljcdn.com/release/screenshot/auto3d-ksrz4LtuJ3U7JI8SH_nXNo/cfeebf01bdeda6394f9e5b0a2f284588/1722403655_5/pc0_YCLHaMdFC.jpg?imageMogr2/quality/70/thumbnail/1024x","https://nc.lianjia.com/ershoufang/103133915648.html"
"613","2024-10-29 11:48:55","地铁口，品质小区，新力物业，通透大三房，自住装修","95","8467","3室1厅","中楼层/共33层","南","平层/简装","112.21平米","板楼","新力象湖湾","南昌县","https://vrlab-image4.ljcdn.com/release/screenshot/auto3d-HP2fv4BS37GpAa875BGrVo/8083546a5ed3f20f5304b8a950c6a15f/1727487583_13/pc0_v5EoWQnQY.jpg?imageMogr2/quality/70/thumbnail/1024x","https://nc.lianjia.com/ershoufang/103136264154.html"
"614","2024-10-29 11:49:05","世纪中央城一期好房出售、房东诚心卖","210","18193","3室2厅","低楼层/共33层","南 北","平层/简装","115.43平米","板塔结合","世纪中央城一期","红谷滩","https://vrlab-image4.ljcdn.com/release/screenshot/auto3d-IcOnW03dB-L5NXQiP2JZL2/4b00e99ca4f7d96793816660865315ab/1721957180_0/pc0_rmmc8njls.jpg?imageMogr2/quality/70/thumbnail/1024x","https://nc.lianjia.com/ershoufang/103134825268.html"
"615","2024-10-29 11:49:16","近地铁口 出入方便 精装修可直接入住","47","5267","3室2厅","高楼层/共6层","南 北","平层/简装","89.25平米","塔楼","康城（三期）","南昌县","https://vrlab-image4.ljcdn.com/release/auto3dhd/684d8ca375008360df41725ed5517378/screenshot/1684199352_9/pc0_n1mcpNG0w.jpg?imageMogr2/quality/70/thumbnail/1024x","https://nc.lianjia.com/ershoufang/103125830847.html"
"616","2024-10-29 11:49:26","绿苑小区(湾里区)户型端正，通透格局，业主诚心出售","46","2993","4室2厅","高楼层/共8层","南 北","复式/精装","153.74平米","板楼","绿苑小区(湾里区)","湾里区","https://vrlab-image4.ljcdn.com/release/auto3dhd/c5e5ab979126a37055a08b7b38ee3589/screenshot/1679906504_0/pc0_Don2LLVF5.jpg?imageMogr2/quality/70/thumbnail/1024x","https://nc.lianjia.com/ershoufang/103125189363.html"
"617","2024-10-29 11:49:36","近旭辉商场精装三房，全屋柜子已打。视野开阔阳光全天","72","7798","3室2厅","中楼层/共33层","南 北","平层/精装","92.34平米","板塔结合","金科集美阳光","经开区","https://vrlab-image4.ljcdn.com/release/screenshot/auto3d-OXJxqNF-OAAOEvVTVjxn3m/4553fd0dd3d44532056d72bccce49100/1702103927_9/pc0_AJ1ka8Jjo.jpg?imageMogr2/quality/70/thumbnail/1024x","https://nc.lianjia.com/ershoufang/103129997083.html"
"618","2024-10-29 11:49:47","电梯好楼层三房视野开阔近朝阳青云谱","55","5950","3室2厅","高楼层/共24层","南 北","平层/简装","92.44平米","板楼","丰源·淳和","南昌县","https://vrlab-image4.ljcdn.com/release/screenshot/auto3d-66woNB_yx-EhiYR698LBCo/dd65ae931071777c53e6b97f8ea5c2b0/1728443074_6/pc0_2dxAuEx0s.jpg?imageMogr2/quality/70/thumbnail/1024x","https://nc.lianjia.com/ershoufang/103136489006.html"
"619","2024-10-29 11:49:57","满五年 产权清晰 单价便宜总价低 有地铁和公园","32","4658","2室1厅","高楼层/共6层","南 北","平层/精装","68.71平米","暂无数据","象山北路","东湖区","https://vrlab-image4.ljcdn.com/release/screenshot/auto3d-Fc3mRsghNGRW8FoKc_Toct/86891d5b0f970ca97d51aa225f195f55/1727506896_8/pc0_Xnnp7REo8.jpg?imageMogr2/quality/70/thumbnail/1024x","https://nc.lianjia.com/ershoufang/103136193321.html"
"620","2024-10-29 11:50:07","经开志敏大道地铁口 次新房青秀城 C区精装小高层诚售","73.8","7857","3室2厅","高楼层/共18层","南 北","平层/精装","93.93平米","板楼","中国铁建青秀城","经开区","https://vrlab-image4.ljcdn.com/release/auto3dhd/e71ae1e48f6fdd0490439af43cd44bfb/screenshot/1660290319_0/pc0_sGZmElwtl.jpg?imageMogr2/quality/70/thumbnail/1024x","https://nc.lianjia.com/ershoufang/103127690568.html"
"621","2024-10-29 11:50:18","联泰香域滨江 通透四房 新精装 3.3层高 有70平院子","220","16240","4室2厅","低楼层/共16层","南 北","平层/精装","135.47平米","板塔结合","联泰香域滨江","红谷滩","https://vrlab-image4.ljcdn.com/release/screenshot/auto3d-0Nxz3T3M7tSIrkaW2fwOgq/caf675cd571a5db0f1e6b04b2411673f/1705546778_1/pc0_j7IuNOREl.jpg?imageMogr2/quality/70/thumbnail/1024x","https://nc.lianjia.com/ershoufang/103134998485.html"
"622","2024-10-29 11:50:28","全明户型日照10小时南北通风，带车位，精装修","193","15904","3室2厅","中楼层/共26层","南","平层/精装","121.36平米","板楼","艾湖家园(艾湖路)","高新区","https://vrlab-image4.ljcdn.com/release/screenshot/auto3d-vFB-fsmZBC4gw8XitvRbH_/bb20d03a60145537543df4043d9d6197/1712974053_0/pc0_Wb8F4O5sA.jpg?imageMogr2/quality/70/thumbnail/1024x","https://nc.lianjia.com/ershoufang/103132307739.html"
"623","2024-10-29 11:50:38","环境好，精装修大三房，近地铁口，一站到高铁西站","108","9308","3室2厅","低楼层/共32层","南","平层/精装","116.04平米","板塔结合","新力琥珀园一期","红谷滩","https://vrlab-image4.ljcdn.com/release/screenshot/auto3d-GsHgUNjFHJQ3VVBrEnG32R/c4c2baa5e1c92d415b55facbcb94db6c/1709877144_2/pc0_qxXr6Z1ld.jpg?imageMogr2/quality/70/thumbnail/1024x","https://nc.lianjia.com/ershoufang/103131093432.html"
"624","2024-10-29 11:50:48","中央香榭二期 地铁口 教育旁 精装两房 拎包入住 急卖","135","16476","2室2厅","高楼层/共24层","南 北","平层/精装","81.94平米","板塔结合","中央香榭","红谷滩","https://vrlab-image4.ljcdn.com/release/auto3dhd/aba7ead3812c5d733b25a33faef9df1e/screenshot/1652937964_10/pc0_adY9EM3Ec.jpg?imageMogr2/quality/70/thumbnail/1024x","https://nc.lianjia.com/ershoufang/103121480266.html"
"625","2024-10-29 11:50:59","精装，楼层好，视野开阔，松柏旁。","138","14254","3室2厅","中楼层/共33层","南","平层/精装","96.82平米","塔楼","中骏尚城北区","西湖区","https://vrlab-image4.ljcdn.com/release/screenshot/auto3d-wE178PiMn1KS5noIAR7oxz/fac6565d41f8852a72673265b3fdcd03/1715672660_3/pc0_RqFRgxrDK.jpg?imageMogr2/quality/70/thumbnail/1024x","https://nc.lianjia.com/ershoufang/103130400762.html"
"626","2024-10-29 11:51:09","业主花30多W重新装修，全天采光 人车分流","145","12293","4室2厅","中楼层/共9层","南 北","平层/精装","117.96平米","板楼","经开正荣府","经开区","https://vrlab-image4.ljcdn.com/release/screenshot/auto3d-mK1YODi5MX2Opmi7wij08w/c5364c1cba694d208899705a1369ff5a/1719456729_0/pc0_gFY0TgsKu.jpg?imageMogr2/quality/70/thumbnail/1024x","https://nc.lianjia.com/ershoufang/103134132858.html"
"627","2024-10-29 11:51:19","精装小洋房万科物业，业主诚心出售，价格实惠","97","10973","3室2厅","中楼层/共11层","南","平层/精装","88.4平米","板楼","万科金域国际","经开区","https://vrlab-image4.ljcdn.com/release/screenshot/auto3d-Hh4bydOYFyllkIN9In8fD4/7f393ccdc8cb74daa5d92a8b13e2b97e/1724147125_0/pc0_vAtHEL8IK.jpg?imageMogr2/quality/70/thumbnail/1024x","https://nc.lianjia.com/ershoufang/103135375536.html"
"628","2024-10-29 11:51:30","东端户 小高层 户型好 楼层好 与学府为邻 通透户型","75","6907","3室2厅","高楼层/共11层","南","平层/毛坯","108.6平米","塔楼","力高澜湖郡","南昌县","https://vrlab-image4.ljcdn.com/release/auto3dhd/3c0f2397d2d897aa305e2f9fdc005872/screenshot/1654666782_0/pc0_Sc0DnnSXq.jpg?imageMogr2/quality/70/thumbnail/1024x","https://nc.lianjia.com/ershoufang/103120831019.html"
"629","2024-10-29 11:51:40","万科物业，出门地铁口，中高楼层，带装修诚心出售","160","13991","3室2厅","中楼层/共33层","南","平层/简装","114.36平米","板楼","万科粹叠园","红谷滩","https://vrlab-image4.ljcdn.com/release/screenshot/auto3d-hXHoWikhClODzXVL5mug8I/4dc4b7c94c0290e2530039375c3798f8/1721267038_0/pc0_w5lbJ02ij.jpg?imageMogr2/quality/70/thumbnail/1024x","https://nc.lianjia.com/ershoufang/103133618652.html"
"630","2024-10-29 11:51:50","江滩公园旁 户型3室2厅2卫 环境好 诚心出售","150","11864","3室2厅","中楼层/共47层","南","平层/精装","126.44平米","板楼","世茂大观北苑","西湖区","https://vrlab-image4.ljcdn.com/release/screenshot/auto3d-U1tPDTmbkI1pRgtlOYaKaV/15540f10fc8b9886b99561aebcc3fbcd/1704949402_0/pc0_bY4dYoUcW.jpg?imageMogr2/quality/70/thumbnail/1024x","https://nc.lianjia.com/ershoufang/103130597203.html"
"631","2024-10-29 11:52:01","南昌万达城 南北通透 三房 业主诚心卖","80","7216","3室2厅","中楼层/共31层","南 北","平层/毛坯","110.88平米","板楼","万达文化旅游城D区","红谷滩","https://vrlab-image4.ljcdn.com/release/screenshot/auto3d-zh4ZKn7ZVTLTneRJH0hUKF/cdeb6dfd0c562a0dd82295a16a977219/1698813030_0/pc0_2CaUkDtS1.jpg?imageMogr2/quality/70/thumbnail/1024x","https://nc.lianjia.com/ershoufang/103129411646.html"
"632","2024-10-29 11:52:11","地铁口 新力钰珑湾 3房 小区物业好、环境好","38","4437","3室2厅","低楼层/共32层","南","平层/毛坯","85.65平米","塔楼","新力钰珑湾北区","新建区","https://vrlab-image4.ljcdn.com/release/auto3dhd/730b2b60c738c82a7be2639f72268d41/screenshot/1670739763_2/pc0_zYEUtSwyK.jpg?imageMogr2/quality/70/thumbnail/1024x","https://nc.lianjia.com/ershoufang/103123399505.html"
"633","2024-10-29 11:52:21","华侨城万科泊岸 4室1厅 南","270","19934","4室1厅","中楼层/共24层","南","平层/精装","135.45平米","板楼","华侨城万科泊岸","西湖区","https://vrlab-image4.ljcdn.com/release/screenshot/auto3d-p-EAnz2vlP-8oJ2ZE4ByBA/aa32d219da356bb261b39e75d1a0220d/1703734255_2/pc0_IWy3ZpQdx.jpg?imageMogr2/quality/70/thumbnail/1024x","https://nc.lianjia.com/ershoufang/103134265093.html"
"634","2024-10-29 11:52:32","此房地段好，商圈足，小区环境好，物业好。","260","23671","3室2厅","中楼层/共33层","南 北","平层/精装","109.84平米","板楼","莱蒙都会北区","红谷滩","https://vrlab-image4.ljcdn.com/release/screenshot/auto3d-fsBcSTS0S-pqDl3iYRwiCU/6852e79c82c3c24a5731e89ca98c0234/1712900439_12/pc0_69dH1CWIE.jpg?imageMogr2/quality/70/thumbnail/1024x","https://nc.lianjia.com/ershoufang/103131948704.html"
"635","2024-10-29 11:52:42","联泰物业带大阳台 户型方正中间楼层","230","17381","3室2厅","中楼层/共18层","南","平层/精装","132.33平米","板楼","联泰香域尚城","红谷滩","https://vrlab-image4.ljcdn.com/release/screenshot/auto3d-XBuE4uh49nPiQYWb2bsYyO/61e55e5e7910a3b75f542fa472b5dea1/1725337159_0/pc0_vjQ87brea.jpg?imageMogr2/quality/70/thumbnail/1024x","https://nc.lianjia.com/ershoufang/103135706415.html"
"636","2024-10-29 11:52:52","广电生活，中间楼层，全天太阳，随时看房","49","6583","2室1厅","中楼层/共7层","南","平层/其他","74.44平米","板楼","广电中心生活区","青山湖区","https://vrlab-image4.ljcdn.com/release/screenshot/auto3d-e0_Ydqzr67qVwBh-vxH69W/9eea6c6af4a398ba8266df1b7eaa1c07/1728543440_11/pc0_Z9t0ilm6p.jpg?imageMogr2/quality/70/thumbnail/1024x","https://nc.lianjia.com/ershoufang/103136423502.html"
"637","2024-10-29 11:53:03","30w精装修带车位已透两年，拎包入住。户型正华润品牌","155","14358","3室2厅","高楼层/共33层","南","平层/精装","107.96平米","板楼","华润凯旋门","红谷滩","https://vrlab-image4.ljcdn.com/release/screenshot/auto3d-HU_1Y0dtFjkh98CJ0Wcgaa/3a13105d0dc6a5ca9d78ea910f6a2601/1723173209_0/pc0_WGyof0Ycq.jpg?imageMogr2/quality/70/thumbnail/1024x","https://nc.lianjia.com/ershoufang/103135113387.html"
"638","2024-10-29 11:53:13","庐山花园电梯大户型，南京东路，交通便利，配套成熟","115","7580","4室2厅","高楼层/共11层","南","错层/毛坯","151.73平米","板楼","庐山花园","青山湖区","https://vrlab-image4.ljcdn.com/release/auto3dhd/cdcc7ade86f14901365a20aee4f9db50/screenshot/1621314065_0/pc0_O4vIhZo1C.jpg?imageMogr2/quality/70/thumbnail/1024x","https://nc.lianjia.com/ershoufang/103135005165.html"
"639","2024-10-29 11:53:23","世纪风情二期带入住花园通透性好，采光充足户型好","107","8551","3室2厅","中楼层/共9层","南","平层/精装","125.14平米","板楼","世纪风情二期","青山湖区","https://vrlab-image4.ljcdn.com/release/screenshot/auto3d-oe1LqBkgDItK7wRtdvYDyn/747fa09e49f416c1015d21cfc3d20a6c/1720345365_0/pc0_IwGWzLWer.jpg?imageMogr2/quality/70/thumbnail/1024x","https://nc.lianjia.com/ershoufang/103134241255.html"
"640","2024-10-29 11:53:34","祥和园精装大三房近地铁 房东诚心出售 价钱可以商量","59.8","6474","3室2厅","高楼层/共6层","南","平层/精装","92.37平米","板塔结合","祥和园","南昌县","https://vrlab-image4.ljcdn.com/release/screenshot/auto3d-az9s8IMp5i3UAfdiXTbWzj/414286104db1bb124d99ff50f9c2b495/1718953198_0/pc0_qKkIBkSL3.jpg?imageMogr2/quality/70/thumbnail/1024x","https://nc.lianjia.com/ershoufang/103133917300.html"
"641","2024-10-29 11:53:45","南北格局，视野宽阔，采光充足，配套设施齐全","98","13215","2室2厅","中楼层/共5层","南","平层/精装","74.16平米","板楼","万科四季花城北区","高新区","https://vrlab-image4.ljcdn.com/release/screenshot/auto3d-Ou8FZk1F6f9uKoJQktIMg6/fa540908e106aad703ce08be17f6b749/1712023477_2/pc0_zRN88UG10.jpg?imageMogr2/quality/70/thumbnail/1024x","https://nc.lianjia.com/ershoufang/103132121610.html"
"642","2024-10-29 11:53:55","君汇半岛三室毛坯房房东诚心出售","109","9097","3室2厅","低楼层/共32层","南","平层/毛坯","119.83平米","板楼","君汇半岛","高新区","https://vrlab-image4.ljcdn.com/release/screenshot/auto3d-oJX9VxU-NML_8O3XYQlISX/cd606b40447142d9682433a3fcace642/1710478746_0/pc0_zkZAOL0Q9.jpg?imageMogr2/quality/70/thumbnail/1024x","https://nc.lianjia.com/ershoufang/103131820320.html"
"643","2024-10-29 11:54:05","天骥俊园三房，交通便利，配套齐全","109","9621","3室2厅","中楼层/共18层","南","平层/精装","113.3平米","板楼","天骥俊园","东湖区","https://vrlab-image4.ljcdn.com/release/screenshot/auto3d-NnI8eLjNwayL5FAmkiglxB/11895d3aa3ab2bdc7136c5d35e5b12d2/1721722231_6/pc0_9tbl0sgZS.jpg?imageMogr2/quality/70/thumbnail/1024x","https://nc.lianjia.com/ershoufang/103134709280.html"
"644","2024-10-29 11:54:15","在繁华都市 寻觅一处心安的角落 带车位","80","7387","3室2厅","高楼层/共28层","南","平层/毛坯","108.3平米","塔楼","万达文化旅游城A2区","红谷滩","https://vrlab-image4.ljcdn.com/release/auto3dhd/d2e1264a1c338ea452b697491499d282/screenshot/1680944443_2/pc0_31hcGpAfV.jpg?imageMogr2/quality/70/thumbnail/1024x","https://nc.lianjia.com/ershoufang/103125433506.html"
"645","2024-10-29 11:54:26","南天金源 50W精装修 看房方便 旭辉旁","180","15197","4室2厅","低楼层/共33层","南 北","平层/精装","118.45平米","板楼","南天金源","经开区","https://vrlab-image4.ljcdn.com/release/screenshot/auto3d-fXFZNvaM8MfetYeywMAec6/e055ac17201c6070aa7fc77d8cc50f43/1718676240_5/pc0_Oj8DZk6GK.jpg?imageMogr2/quality/70/thumbnail/1024x","https://nc.lianjia.com/ershoufang/103133810653.html"
"646","2024-10-29 11:54:36","万科四季花城北区 2室2厅 南 北","118","13084","2室2厅","低楼层/共6层","南 北","平层/其他","90.19平米","板楼","万科四季花城北区","高新区","https://vrlab-image4.ljcdn.com/release/screenshot/auto3d-X96tvBOwjobUHa-p0C2wJ_/fad2844ab78bf2f10bde1bbcc17fd688/1726126915_0/pc0_j0hOkdQxg.jpg?imageMogr2/quality/70/thumbnail/1024x","https://nc.lianjia.com/ershoufang/103135920782.html"
"647","2024-10-29 11:54:46","凌湖峰 出入方便，楼层好，靠湖景","75","5704","3室2厅","中楼层/共18层","南","平层/精装","131.5平米","塔楼","正荣大湖之都","南昌县","https://vrlab-image4.ljcdn.com/release/screenshot/auto3d-Ge-pku0WxjFOjJuxaE-Vcj/f0470adc02b49c9c63c343c5d79f042d/1724289165_0/pc0_JLLYYwgHV.jpg?imageMogr2/quality/70/thumbnail/1024x","https://nc.lianjia.com/ershoufang/103135405070.html"
"648","2024-10-29 11:54:57","洋房带车库 诚心出售 配套齐全  靠湿地公园","52","5058","2室2厅","低楼层/共6层","南","平层/精装","102.82平米","板楼","康健里九里象湖城","南昌县","https://vrlab-image4.ljcdn.com/release/auto3dhd/beee14fc2f586880c891afc3b3ff2402/screenshot/1600668401_0/pc0_AbHta5Z4A.jpg?imageMogr2/quality/70/thumbnail/1024x","https://nc.lianjia.com/ershoufang/103136188062.html"
"649","2024-10-29 11:55:07","很成熟的小区，得房率高，通透户型","98","10720","3室2厅","低楼层/共31层","南","平层/其他","91.42平米","塔楼","保利香槟国际","高新区","https://vrlab-image4.ljcdn.com/release/screenshot/auto3d-NeR3Yu5Ohyb4Si55bWxM3u/f4c8848cb929fccdad6e5ca5d75cd8d8/1729414209_15/pc0_HoWl5koSB.jpg?imageMogr2/quality/70/thumbnail/1024x","https://nc.lianjia.com/ershoufang/103136805489.html"
"650","2024-10-29 11:55:17","1楼的房子 阳光还可以 前后楼间距宽 封了阳台","60","6704","3室2厅","低楼层/共34层","南","平层/其他","89.51平米","塔楼","新力禧园","红谷滩","https://vrlab-image4.ljcdn.com/release/screenshot/auto3d-rUOrEO-Cd5vXAuuXgAGOX0/19480a1e572a57c78888dfe130e27c69/1718178428_0/pc0_8W8HVZwxn.jpg?imageMogr2/quality/70/thumbnail/1024x","https://nc.lianjia.com/ershoufang/103136918771.html"
"651","2024-10-29 11:55:28","朝阳西湖里，改了3房，精装修！随时看房","48","8000","3室1厅","中楼层/共28层","南","平层/精装","60平米","板楼","硕丰西湖里","南昌县","https://vrlab-image4.ljcdn.com/release/screenshot/auto3d-WgUdPRno6fMED1KOf2tSv4/f21e9afcc4c7bc4ac12b0b2024ae4ace/1728437357_5/pc0_UugOwWrrc.jpg?imageMogr2/quality/70/thumbnail/1024x","https://nc.lianjia.com/ershoufang/103136503710.html"
"652","2024-10-29 11:55:38","地铁口婚房精装修，全新未住，空调加地暖。","145","12341","3室2厅","低楼层/共45层","南","平层/精装","117.5平米","板塔结合","新力时代广场","高新区","https://vrlab-image4.ljcdn.com/release/screenshot/auto3d-58YtybXyQu-yHIooraXRGy/30d836bce4c35d3e295dfaad861a4ab8/1727491033_2/pc0_dGAON1wcl.jpg?imageMogr2/quality/70/thumbnail/1024x","https://nc.lianjia.com/ershoufang/103136170098.html"
"653","2024-10-29 11:55:49","保利东湾  楼层好，装修保养好  房东诚心卖","98","11002","2室2厅","低楼层/共31层","南","平层/简装","89.08平米","塔楼","保利东湾国际","高新区","https://vrlab-image4.ljcdn.com/release/screenshot/auto3d-IeVxU2VeYxnwaaYyruLsxS/e473a038eb7fd7c6f762f6a8a22ef93f/1725005409_0/pc0_bzuxKfvfI.jpg?imageMogr2/quality/70/thumbnail/1024x","https://nc.lianjia.com/ershoufang/103135569126.html"
"654","2024-10-29 11:55:59","满五南北通透自住装修带车位","230","17449","3室2厅","低楼层/共18层","南 北","平层/精装","131.82平米","板楼","联泰香域尚城","红谷滩","https://vrlab-image4.ljcdn.com/release/screenshot/auto3d-9ODA2abo_wVr4EJjYXSUJE/fe3f2d912caa2e9855006b2556dacd07/1724298087_0/pc0_2SUliFq8N.jpg?imageMogr2/quality/70/thumbnail/1024x","https://nc.lianjia.com/ershoufang/103135341536.html"
"655","2024-10-29 11:56:09","万达城A区地铁口精装修通透三房诚心出售","105","9578","3室2厅","低楼层/共18层","南","平层/精装","109.63平米","板楼","万达文化旅游城A1区","红谷滩","https://vrlab-image4.ljcdn.com/release/screenshot/auto3d-YcNSu9cUf-zp4WmQWiVp_D/2eaca0c14fae71b3fa504310f1ed89de/1729149814_5/pc0_3vD9kgzhd.jpg?imageMogr2/quality/70/thumbnail/1024x","https://nc.lianjia.com/ershoufang/103135413714.html"
"656","2024-10-29 11:56:19","中央首府，出门就是公园，配套很好","68","7556","3室2厅","低楼层/共27层","东南","平层/精装","90平米","塔楼","中央首府","南昌县","https://vrlab-image4.ljcdn.com/release/screenshot/auto3d-lsOgS_ABNHqLnr8hhUUzEd/e2730d1a125b23c5b2ab50d059d76f3f/1725095917_0/pc0_PQ0xrQG8O.jpg?imageMogr2/quality/70/thumbnail/1024x","https://nc.lianjia.com/ershoufang/103135600585.html"
"657","2024-10-29 11:56:30","振中小区，小区干净整洁 全明户型 通透客厅连阳台。","68","8201","3室2厅","高楼层/共8层","南","平层/精装","82.92平米","板楼","振中小区","西湖区","https://vrlab-image4.ljcdn.com/release/screenshot/auto3d-ai3eaU72tX1Vs747GqEJfa/f137b0e617c0b3da426671f9931e0369/1723620269_0/pc0_LU4pNuIa8.jpg?imageMogr2/quality/70/thumbnail/1024x","https://nc.lianjia.com/ershoufang/103134604001.html"
"658","2024-10-29 11:56:40","西区公寓 1室1厅 南","23","5582","1室1厅","低楼层/共11层","南","平层/精装","41.21平米","板楼","西区公寓","南昌县","https://vrlab-image4.ljcdn.com/release/auto3dhd/d4cdd6f3fb31ec247c895379de169658/screenshot/1619489243_2/pc0_6u8nXOb1X.jpg?imageMogr2/quality/70/thumbnail/1024x","https://nc.lianjia.com/ershoufang/103135930733.html"
"659","2024-10-29 11:56:50","艾溪湖旁 精装通透三房 房东诚心卖 欢迎来看","95","10345","3室1厅","低楼层/共32层","南","平层/精装","91.84平米","塔楼","保利香槟国际","高新区","https://vrlab-image4.ljcdn.com/release/screenshot/auto3d-OfppfxU5u0LlQhsIcTqO8Q/aaacc6b03bb94067e04f45b8516f058a/1726109073_12/pc0_CXDOMqh7J.jpg?imageMogr2/quality/70/thumbnail/1024x","https://nc.lianjia.com/ershoufang/103135879375.html"
"660","2024-10-29 11:57:01","洋房社区楼层好  房东诚心出售 端户精装 买来就可入住","68","6270","3室2厅","中楼层/共9层","南","平层/精装","108.46平米","暂无数据","阳光城丽景湾","湾里区","https://vrlab-image4.ljcdn.com/release/screenshot/auto3d-zIjqlBwj1D8eYuQryxEQUQ/26bb96da6cfd508586538439d8398a06/1720322197_0/pc0_JmWPKVGNx.jpg?imageMogr2/quality/70/thumbnail/1024x","https://nc.lianjia.com/ershoufang/103134207296.html"
"661","2024-10-29 11:57:11","翰林世家房东自住房，诚心出售，小区舒适度好","62","6778","3室2厅","低楼层/共18层","南","平层/简装","91.48平米","板楼","翰林世家","经开区","https://vrlab-image4.ljcdn.com/release/screenshot/auto3d-OhnVMwf11we6VdZmCoiXbu/e01980f52766f844ff2c090e60d5e652/1720082001_0/pc0_Q5MJC2SOI.jpg?imageMogr2/quality/70/thumbnail/1024x","https://nc.lianjia.com/ershoufang/103134224540.html"
"662","2024-10-29 11:57:21","正荣御峰 三房两厅一卫 精装带品牌家具家电 随时可看","178","15465","3室2厅","中楼层/共32层","南 北","平层/精装","115.1平米","板塔结合","正荣御峯","西湖区","https://vrlab-image4.ljcdn.com/release/screenshot/auto3d-XsWwYtrj69tosCSUeZFtXU/6b576164207418a18da64c956fe7ee69/1720164323_14/pc0_ekyE9mq3u.jpg?imageMogr2/quality/70/thumbnail/1024x","https://nc.lianjia.com/ershoufang/103134294493.html"
"663","2024-10-29 11:57:32","岭口路 盛世经典 小高层 通透三房","159","14194","3室2厅","高楼层/共18层","南 北","平层/精装","112.02平米","板楼","盛世经典","红谷滩","https://vrlab-image4.ljcdn.com/release/screenshot/auto3d-DuhvBizNDEnBy-D6c_U2Xl/8637beffe40304940d7698e06a05977e/1721178631_0/pc0_mqEWPJUyp.jpg?imageMogr2/quality/70/thumbnail/1024x","https://nc.lianjia.com/ershoufang/103134586036.html"
"664","2024-10-29 11:57:42","环境优美视野开阔，有游泳池大型商场象湖公园交通方便","13","3102","2室1厅","高楼层/共23层","北","平层/简装","41.92平米","板楼","新力银湖湾","南昌县","https://vrlab-image4.ljcdn.com/release/auto3dhd/f02b51134232c34fdfde270fd961b87d/screenshot/1638064227_2/pc0_PbxTTB4fk.jpg?imageMogr2/quality/70/thumbnail/1024x","https://nc.lianjia.com/ershoufang/103134575306.html"
"665","2024-10-29 11:57:52","紫金城 精装 大三房 拎包入住 小区环境好 地铁口","210","13508","3室2厅","高楼层/共33层","南","平层/精装","155.47平米","板楼","紫金城","东湖区","https://vrlab-image4.ljcdn.com/release/screenshot/auto3d-IkoJUs_AtTbmJsEJLEHP14/68ea0687f0fa61da7e22361c0b45dcc7/1719457334_2/pc0_kCso5dPHA.jpg?imageMogr2/quality/70/thumbnail/1024x","https://nc.lianjia.com/ershoufang/103134113733.html"
"666","2024-10-29 11:58:02","两房朝南 一眼就看中的家 精装拎包入住","35","5570","2室1厅","中楼层/共11层","南","平层/精装","62.84平米","板楼","居住主题公园-丁香怡景A区","南昌县","https://vrlab-image4.ljcdn.com/release/screenshot/auto3d-M-TAQ_-0YjrHOruGaBU7dG/89a5c64894330b8bd5bb1e04eab792c3/1726040203_0/pc0_ljS40bPgS.jpg?imageMogr2/quality/70/thumbnail/1024x","https://nc.lianjia.com/ershoufang/103135950091.html"
"667","2024-10-29 11:58:12","九龙湖近地铁 一梯一户 独立电梯厅 诚心售可随时看房","63","5121","3室2厅","低楼层/共33层","南","平层/毛坯","123.03平米","暂无数据","西站明珠","新建区","https://vrlab-image4.ljcdn.com/release/screenshot/auto3d-dGV0XC5o3IdamouVlr6fuM/8e43ceb5c513e4a4f1351722ac60af4d/1705640630_3/pc0_3pQitm4m0.jpg?imageMogr2/quality/70/thumbnail/1024x","https://nc.lianjia.com/ershoufang/103130687537.html"
"668","2024-10-29 11:58:23","总价低  大三房  楼层绝、佳  精装修直接入住","68","5800","3室2厅","高楼层/共11层","南","平层/精装","117.25平米","板楼","金桥慧景","经开区","https://vrlab-image4.ljcdn.com/release/auto3dhd/0f411cfebe8f31c2d971af3f4d232b5b/screenshot/1624698884_1/pc0_J7cdkdHfu.jpg?imageMogr2/quality/70/thumbnail/1024x","https://nc.lianjia.com/ershoufang/103115751035.html"
"669","2024-10-29 11:58:33","红谷世纪花园D区的好房子，看房方便有钥匙！","200","15183","3室2厅","低楼层/共7层","南 北","平层/精装","131.73平米","板楼","红谷世纪花园D区","红谷滩","https://vrlab-image4.ljcdn.com/release/screenshot/auto3d-HZ9pEqmC02r8Dr4fAKzmM_/96c3a857775dc5955b977be53dcf954e/1720332725_8/pc0_gLRg2gEhR.jpg?imageMogr2/quality/70/thumbnail/1024x","https://nc.lianjia.com/ershoufang/103134159005.html"
"670","2024-10-29 11:58:43","盛世经典精装2房，房东诚心出售，看中可以谈","90","11181","2室2厅","高楼层/共24层","南","平层/精装","80.5平米","板楼","盛世经典","红谷滩","https://vrlab-image4.ljcdn.com/release/screenshot/auto3d-d9gYSoUHhSDrXV0nA3d30Z/77b2fa0b7a2182e783f643eb4d421af3/1719450990_0/pc0_ABRAbdlne.jpg?imageMogr2/quality/70/thumbnail/1024x","https://nc.lianjia.com/ershoufang/103133873842.html"
"671","2024-10-29 11:58:53","朝南 精装从未入住过  拎包入住 楼层好","26","4886","1室1厅","中楼层/共23层","南","精装","53.22平米","塔楼","力高澜湖郡","南昌县","https://vrlab-image4.ljcdn.com/release/screenshot/auto3d-U3d3A97jNlcSzXSR9QJqrT/6c517ceaab7ef4a93001ccbe567644fc/1728714379_4/pc0_lxjfC1vV6.jpg?imageMogr2/quality/70/thumbnail/1024x","https://nc.lianjia.com/ershoufang/103136564018.html"
"672","2024-10-29 11:59:04","此房是朝南的两房 采光无挡 居住舒适 楼层好","99","11308","2室1厅","低楼层/共28层","南","平层/简装","87.55平米","板塔结合","红谷春天花园","红谷滩","https://vrlab-image4.ljcdn.com/release/auto3dhd/c8da6c0f47564de0ae5a91a0b18e2527/screenshot/1640398841_0/pc0_nhY9CtGPo.jpg?imageMogr2/quality/70/thumbnail/1024x","https://nc.lianjia.com/ershoufang/103128184638.html"
"673","2024-10-29 11:59:14","该房闹中取静  采光通风好  环境优美 人车分流","229","20790","3室2厅","低楼层/共18层","南 北","平层/简装","110.15平米","板楼","联泰香域中央A区","红谷滩","https://vrlab-image4.ljcdn.com/release/auto3dhd/99fa2bc7bc525b14927295dcf479e6c7/screenshot/1685696725_0/pc0_2UrclvJjc.jpg?imageMogr2/quality/70/thumbnail/1024x","https://nc.lianjia.com/ershoufang/103126517191.html"
"674","2024-10-29 11:59:24","开发商精装修，带空调，地暖，新风系统三大件","119","10226","3室2厅","中楼层/共32层","南","平层/精装","116.38平米","板楼","新力东园","红谷滩","https://vrlab-image4.ljcdn.com/release/screenshot/auto3d-JXMtFcHwDnI3Sn02iQUoi4/7574624f8964017f365c45b85b05e471/1694764430_0/pc0_iYHVZhUSh.jpg?imageMogr2/quality/70/thumbnail/1024x","https://nc.lianjia.com/ershoufang/103128751562.html"
"675","2024-10-29 11:59:35","万达星城西区好房出售、房东诚心卖、","106","11329","2室2厅","低楼层/共11层","南","平层/精装","93.57平米","板楼","万达星城西区","红谷滩","https://vrlab-image4.ljcdn.com/release/screenshot/auto3d-t6SP6q6jiwcFZW-XE03ofB/4acc9b1af25e8ddeea761356ea4834cc/1697169054_0/pc0_cGxzBRONF.jpg?imageMogr2/quality/70/thumbnail/1024x","https://nc.lianjia.com/ershoufang/103128348781.html"
"676","2024-10-29 11:59:45","站前路 交通便利 生活配套齐全","77","7161","3室1厅","中楼层/共31层","南","平层/简装","107.53平米","板楼","西站瑞都","红谷滩","https://vrlab-image4.ljcdn.com/release/auto3dhd/f0563bb023bafc79f16013459be0b854/screenshot/1675303644_3/pc0_4axGYrJe6.jpg?imageMogr2/quality/70/thumbnail/1024x","https://nc.lianjia.com/ershoufang/103128465414.html"
"677","2024-10-29 11:59:55","小区配套设施齐全，读书方便   精装房 诚心出售！！","80","9057","3室1厅","低楼层/共34层","南","平层/精装","88.33平米","板楼","万科金域国际","经开区","https://vrlab-image4.ljcdn.com/release/auto3dhd/4624d83cc1cf8c9207a567929b6773bb/screenshot/1677724710_0/pc0_3GspkNt09.jpg?imageMogr2/quality/70/thumbnail/1024x","https://nc.lianjia.com/ershoufang/103122297438.html"
"678","2024-10-29 12:00:05","小区环境好，物业管理好，封闭式小区，交通便利","125","10810","3室2厅","中楼层/共11层","南 北","平层/精装","115.64平米","板楼","万科城三期","青山湖区","https://vrlab-image4.ljcdn.com/release/screenshot/auto3d-lOBTm7V_nYHHEVeiJgOFjh/a283bc54230f9cf5072cd2dc2242d8dc/1726969901_0/pc0_UU1wD66zK.jpg?imageMogr2/quality/70/thumbnail/1024x","https://nc.lianjia.com/ershoufang/103136156820.html"
"679","2024-10-29 12:00:16","居住主题公园小三房 出入好 精装修","51","5733","3室2厅","中楼层/共9层","南","平层/精装","88.96平米","板楼","居住主题公园-丁香怡景多层","南昌县","https://vrlab-image4.ljcdn.com/release/auto3dhd/2dd719900f30269fc1d939a7dcd37cce/screenshot/1690438503_0/pc0_HBjqf9pel.jpg?imageMogr2/quality/70/thumbnail/1024x","https://nc.lianjia.com/ershoufang/103127674771.html"
"680","2024-10-29 12:00:26","30多万的装修，上学200米就到，去年才装修好。","120","12918","2室2厅","高楼层/共6层","南","平层/精装","92.9平米","板楼","万科四季花城北区","高新区","https://vrlab-image4.ljcdn.com/release/screenshot/auto3d--5hNz2eZGf4ORyh5EnbLJQ/e1547eee03efd42d4c6b6b145b2d7deb/1719719011_0/pc0_21lpLvK00.jpg?imageMogr2/quality/70/thumbnail/1024x","https://nc.lianjia.com/ershoufang/103133838653.html"
"681","2024-10-29 12:00:37","户型通透 大三房 临赣江 摩天轮 华润万象城","207","14925","3室2厅","低楼层/共18层","南","平层/精装","138.7平米","板塔结合","联发江岸汇景","红谷滩","https://vrlab-image4.ljcdn.com/release/auto3dhd/6caf9bb8090664bad181b8d4dbdbb6d5/screenshot/1657348583_21/pc0_5yI6lQvyj.jpg?imageMogr2/quality/70/thumbnail/1024x","https://nc.lianjia.com/ershoufang/103121260845.html"
"682","2024-10-29 12:00:47","刚花了20万的精装修南北通透两房","150","12722","2室2厅","高楼层/共19层","南 北","平层/精装","117.91平米","塔楼","滨江豪园","红谷滩","https://vrlab-image4.ljcdn.com/release/screenshot/auto3d--uY0zKT9uAy0qk3FjkraqE/0b9c5b2b187cd235850274891d12865d/1727334125_4/pc0_o9vd9Os8x.jpg?imageMogr2/quality/70/thumbnail/1024x","https://nc.lianjia.com/ershoufang/103136240552.html"
"683","2024-10-29 12:00:57","南天金源 5室2厅 南","210","14932","5室2厅","中楼层/共18层","南","平层/精装","140.64平米","塔楼","南天金源","经开区","https://vrlab-image4.ljcdn.com/release/screenshot/auto3d-n0u3i22dFd_wNRNskHaeGX/240b2a782e407699a799e9c98cd2b7c8/1729660200_0/pc0_70y2DaTEu.jpg?imageMogr2/quality/70/thumbnail/1024x","https://nc.lianjia.com/ershoufang/103136833810.html"
"684","2024-10-29 12:01:07","央企中海物业户型端正视野景观好","139.9","12995","3室2厅","中楼层/共33层","南","平层/精装","107.66平米","板楼","中海朝阳郡铂宫","西湖区","https://vrlab-image4.ljcdn.com/release/screenshot/auto3d-7DOWl_0gJrHgncRhDk-w_6/bc38a4a59d92859ff5278a5a5872e172/1704964279_10/pc0_1o6TYJvxV.jpg?imageMogr2/quality/70/thumbnail/1024x","https://nc.lianjia.com/ershoufang/103130357827.html"
"685","2024-10-29 12:01:18","佘山路上精装小两房户型方正太阳好。","49","7317","2室2厅","中楼层/共10层","南","平层/简装","66.97平米","暂无数据","恒立佘山98号","东湖区","https://vrlab-image4.ljcdn.com/release/screenshot/auto3d-73mVU2f3faEQLyyu2wGczN/3dd482375a7339003e3c18120612bfbd/1717211025_0/pc0_ThmLFD6GS.jpg?imageMogr2/quality/70/thumbnail/1024x","https://nc.lianjia.com/ershoufang/103133523205.html"
"686","2024-10-29 12:01:28","地铁口小高层  端户 价格便宜自住yyds","51","4445","3室2厅","中楼层/共18层","南 北","平层/毛坯","114.76平米","板楼","九溪嘉园一区","红谷滩","https://vrlab-image4.ljcdn.com/release/screenshot/auto3d-AOVCvx44E-ZvnjrPO-M7Qj/226eeeadb14cb85933c888c6908b4ba3/1715060655_0/pc0_zEAg1M8oP.jpg?imageMogr2/quality/70/thumbnail/1024x","https://nc.lianjia.com/ershoufang/103132358939.html"
"687","2024-10-29 12:01:39","电梯好楼层出门就是菜市场近一附医院","60","6819","3室1厅","中楼层/共18层","南","平层/精装","88平米","板楼","力高国际城四期","南昌县","https://vrlab-image4.ljcdn.com/release/screenshot/auto3d-68UfB6Z9LO1pgRWzLj7kK9/d1f2c0903c9862f442bad8e5eb7d0c1f/1711071693_9/pc0_S62Hb8btg.jpg?imageMogr2/quality/70/thumbnail/1024x","https://nc.lianjia.com/ershoufang/103131850928.html"
"688","2024-10-29 12:01:49","户型方正，格局好，楼层佳，全天采光，得房率高。","285","17409","4室2厅","高楼层/共54层","南","平层/精装","163.71平米","板楼","世茂天城一期","红谷滩","https://vrlab-image4.ljcdn.com/release/screenshot/auto3d-s7rFbysGn-rBZxboW0Ib75/8a2ba9de6512c6c1f2366c7f68d1c26f/1728636274_4/pc0_7FFkANMqf.jpg?imageMogr2/quality/70/thumbnail/1024x","https://nc.lianjia.com/ershoufang/103136555475.html"
"689","2024-10-29 12:01:59","配套设施齐全 交通便利 户型方正 使用面积大","60","6881","3室2厅","中楼层/共18层","南 北","平层/简装","87.2平米","板楼","力高国际城四期","南昌县","https://vrlab-image4.ljcdn.com/release/screenshot/auto3d-oKArWcscd64B0zH4ql9Yfp/c1c5e054567fbbe53e4153c62e753728/1711260156_0/pc0_oc5QdYwSr.jpg?imageMogr2/quality/70/thumbnail/1024x","https://nc.lianjia.com/ershoufang/103131952474.html"
"690","2024-10-29 12:02:10","香缇溪岸 精装三房 房东诚心出售","80","7388","3室2厅","高楼层/共28层","南","平层/精装","108.29平米","板楼","香缇溪岸","青山湖区","https://vrlab-image4.ljcdn.com/release/screenshot/auto3d-eQoBIrtpVJLzHR9qG1sc_1/80edc7f6f1f39f1afb0651d5cdc68536/1714283561_0/pc0_3QmpuMzCO.jpg?imageMogr2/quality/70/thumbnail/1024x","https://nc.lianjia.com/ershoufang/103132795335.html"
"691","2024-10-29 12:02:20","地铁4号线东新站500米，数据来源高德，近新洪大","62","7889","2室2厅","低楼层/共31层","南 北","平层/精装","78.6平米","板楼","新力象湖湾","南昌县","https://vrlab-image4.ljcdn.com/release/auto3dhd/63a7f96a6c34eedb1652865afb9c9e9d/screenshot/1689909888_0/pc0_SPAhgterP.jpg?imageMogr2/quality/70/thumbnail/1024x","https://nc.lianjia.com/ershoufang/103127547346.html"
"692","2024-10-29 12:02:31","新房装修未入住带车位，一梯一户大三房，采光佳。","75","5875","3室1厅","低楼层/共33层","南 北","精装","127.68平米","板楼","锦苑阳光","新建区","https://vrlab-image4.ljcdn.com/release/screenshot/auto3d-I0-FLFfeQAvwECUwR1SWoj/b7e8d67bb94a57a1b63f53ae460c28df/1718946748_3/pc0_7dXAmZOXG.jpg?imageMogr2/quality/70/thumbnail/1024x","https://nc.lianjia.com/ershoufang/103136295457.html"
"693","2024-10-29 12:02:41","近地铁口，精装空置两房，户型采光好，有钥匙随时看房","130","15177","2室2厅","低楼层/共32层","南","平层/精装","85.66平米","板塔结合","商城凤凰印象","红谷滩","https://vrlab-image4.ljcdn.com/release/auto3dhd/4be7e46cff7f07b7e17bcf53a26d30cb/screenshot/1677398642_0/pc0_jUfKcEUEI.jpg?imageMogr2/quality/70/thumbnail/1024x","https://nc.lianjia.com/ershoufang/103124037642.html"
"694","2024-10-29 12:02:51","此房房东诚心出售，通风好，彩光好，小区中间位置","96","10991","2室2厅","低楼层/共7层","南 北","平层/简装","87.35平米","板塔结合","万达星城东区","红谷滩","https://vrlab-image4.ljcdn.com/release/screenshot/auto3d-vo8DB15oIOUIhGoUXflnME/e06c3a3b370787ceae5f855b81af5d1b/1695453666_0/pc0_ZjzIYpJZd.jpg?imageMogr2/quality/70/thumbnail/1024x","https://nc.lianjia.com/ershoufang/103126951453.html"
"695","2024-10-29 12:03:02","此户型端正，通透性好，交通便利，小区环境优美","16","2712","2室1厅","中楼层/共6层","南","平层/简装","59平米","暂无数据","南齿双","经开区","https://vrlab-image4.ljcdn.com/release/screenshot/auto3d-eNKq1KeO8dqC0UYCo1iDSe/b7d28a686a3895530e838a083407625c/1728287731_8/pc0_fRbGdaztc.jpg?imageMogr2/quality/70/thumbnail/1024x","https://nc.lianjia.com/ershoufang/103136441707.html"
"696","2024-10-29 12:03:12","此房户型通透，采光性好，小区绿化高，自带商街，","75","9539","2室2厅","高楼层/共6层","南","平层/简装","78.63平米","暂无数据","江西省人民政府大院","东湖区","https://vrlab-image4.ljcdn.com/release/screenshot/auto3d-HBleODT0VAJ87GRM5J-lOG/b49674c182b6b962f2ad671a86ccc2bd/1724919263_8/pc0_hkoVHkNE9.jpg?imageMogr2/quality/70/thumbnail/1024x","https://nc.lianjia.com/ershoufang/103135540159.html"
"697","2024-10-29 12:03:22","精装两房。拎包入住，保养很好，中间楼层","95","12008","2室1厅","中楼层/共33层","东南","平层/精装","79.12平米","板楼","联发君悦华庭","西湖区","https://vrlab-image4.ljcdn.com/release/screenshot/auto3d-v79_5s68Z4qJdzXjB_Pj73/ddab3b2eef97b0e9b3a83e81f399e382/1729661660_4/pc0_WVbxBYCLI.jpg?imageMogr2/quality/70/thumbnail/1024x","https://nc.lianjia.com/ershoufang/103136798555.html"
"698","2024-10-29 12:03:33","出门就是万寿宫，得房率高，出入方便，近地铁","35","5271","3室1厅","高楼层/共8层","南","平层/精装","66.41平米","板楼","西湖区广润门住宅二区","西湖区","https://vrlab-image4.ljcdn.com/release/screenshot/auto3d-yEAhapWQ2_YmcTsNvgl49-/0bd5615b542d01aac936ebd2686790c6/1725442073_9/pc0_g4bIRK8PE.jpg?imageMogr2/quality/70/thumbnail/1024x","https://nc.lianjia.com/ershoufang/103135016223.html"
"699","2024-10-29 12:03:43","总价低，楼层好！环境好！地段好！适合老人居住","20","5197","1室1厅","中楼层/共6层","南 北","平层/其他","38.49平米","暂无数据","半步街","东湖区","https://vrlab-image4.ljcdn.com/release/screenshot/auto3d-GFmmCrjwT5dNk3I43HDtDl/7e39a79323c5980ac28a4e9ad8c39d93/1729403505_0/pc0_WYheuwH5t.jpg?imageMogr2/quality/70/thumbnail/1024x","https://nc.lianjia.com/ershoufang/103136811008.html"
"700","2024-10-29 12:03:53","刚需入手三房，适合自住，生活气息浓厚配套成熟采光好","105","10273","3室2厅","高楼层/共30层","西南","平层/精装","102.21平米","板楼","绿地香颂北区","红谷滩","https://vrlab-image4.ljcdn.com/release/screenshot/auto3d-NDBkxCgvuBpptsHMtFXOHf/c3a6eb6783270bb89f454ea399e6815c/1728618212_1/pc0_8ybDjUiSH.jpg?imageMogr2/quality/70/thumbnail/1024x","https://nc.lianjia.com/ershoufang/103136427801.html"
"701","2024-10-29 12:04:03","地铁口小高层  端户 价格便宜自住yyds","51","4445","3室2厅","中楼层/共18层","南 北","平层/毛坯","114.76平米","板楼","九溪嘉园一区","红谷滩","https://vrlab-image4.ljcdn.com/release/screenshot/auto3d-AOVCvx44E-ZvnjrPO-M7Qj/226eeeadb14cb85933c888c6908b4ba3/1715060655_0/pc0_zEAg1M8oP.jpg?imageMogr2/quality/70/thumbnail/1024x","https://nc.lianjia.com/ershoufang/103132358939.html"
"702","2024-10-29 12:04:13","新房装修未入住带车位，一梯一户大三房，采光佳。","75","5875","3室1厅","低楼层/共33层","南 北","精装","127.68平米","板楼","锦苑阳光","新建区","https://vrlab-image4.ljcdn.com/release/screenshot/auto3d-I0-FLFfeQAvwECUwR1SWoj/b7e8d67bb94a57a1b63f53ae460c28df/1718946748_3/pc0_7dXAmZOXG.jpg?imageMogr2/quality/70/thumbnail/1024x","https://nc.lianjia.com/ershoufang/103136295457.html"
"703","2024-10-29 12:04:23","精装修拎包入住 楼层好 视野开阔，拎包入住","210","19814","3室2厅","高楼层/共16层","南","平层/精装","105.99平米","板楼","联泰桥郡","红谷滩","https://vrlab-image4.ljcdn.com/release/screenshot/auto3d-uHHL9V_V6DzgcWDTmBUM9I/d46310f2724373e18543d8dc2a9042c5/1722656087_8/pc0_5h5GAdfK4.jpg?imageMogr2/quality/70/thumbnail/1024x","https://nc.lianjia.com/ershoufang/103134544925.html"
"704","2024-10-29 12:04:33","佘山路上精装小两房户型方正太阳好。","49","7317","2室2厅","中楼层/共10层","南","平层/简装","66.97平米","暂无数据","恒立佘山98号","东湖区","https://vrlab-image4.ljcdn.com/release/screenshot/auto3d-73mVU2f3faEQLyyu2wGczN/3dd482375a7339003e3c18120612bfbd/1717211025_0/pc0_ThmLFD6GS.jpg?imageMogr2/quality/70/thumbnail/1024x","https://nc.lianjia.com/ershoufang/103133523205.html"
"705","2024-10-29 12:04:44","房东诚心出售，价格经济实惠，此小区环舒适优美","52","4083","3室1厅","低楼层/共32层","东南","平层/其他","127.36平米","板塔结合","恒大绿洲","南昌县","https://vrlab-image4.ljcdn.com/release/screenshot/auto3d-miWVTb5eNB7B8pYzr43j6-/3796b5493ba921a87b361b05afec7ec5/1729395981_0/pc0_p2ZkXxfn8.jpg?imageMogr2/quality/70/thumbnail/1024x","https://nc.lianjia.com/ershoufang/103136693519.html"
"706","2024-10-29 12:04:54","近地铁口，精装空置两房，户型采光好，有钥匙随时看房","130","15177","2室2厅","低楼层/共32层","南","平层/精装","85.66平米","板塔结合","商城凤凰印象","红谷滩","https://vrlab-image4.ljcdn.com/release/auto3dhd/4be7e46cff7f07b7e17bcf53a26d30cb/screenshot/1677398642_0/pc0_jUfKcEUEI.jpg?imageMogr2/quality/70/thumbnail/1024x","https://nc.lianjia.com/ershoufang/103124037642.html"
"707","2024-10-29 12:05:04","央企中海物业户型端正视野景观好","139.9","12995","3室2厅","中楼层/共33层","南","平层/精装","107.66平米","板楼","中海朝阳郡铂宫","西湖区","https://vrlab-image4.ljcdn.com/release/screenshot/auto3d-7DOWl_0gJrHgncRhDk-w_6/bc38a4a59d92859ff5278a5a5872e172/1704964279_10/pc0_1o6TYJvxV.jpg?imageMogr2/quality/70/thumbnail/1024x","https://nc.lianjia.com/ershoufang/103130357827.html"
"708","2024-10-29 12:05:14","湖景三房   近地铁  烟火气息好   宜居理想家！！！","61","7461","3室1厅","中楼层/共19层","南","平层/其他","81.76平米","塔楼","伟梦清水湾","南昌县","https://vrlab-image4.ljcdn.com/release/screenshot/auto3d-uiv3IupmU1BpZUZyiGeKeL/0015f58b75ef4125c3f4b2f8e30fc62e/1727403579_2/pc0_RL1k7lHd2.jpg?imageMogr2/quality/70/thumbnail/1024x","https://nc.lianjia.com/ershoufang/103136233896.html"
"709","2024-10-29 12:05:24","此房满五年，业主诚心出售，随时看房","238","11165","5室2厅","中楼层/共6层","南 北","平层/精装","213.18平米","塔楼","紫金园东区","红谷滩","https://vrlab-image4.ljcdn.com/release/auto3dhd/af5a79211d189feb9617c4f41c73c1fe/screenshot/1626312017_0/pc0_S4Ve9PwkH.jpg?imageMogr2/quality/70/thumbnail/1024x","https://nc.lianjia.com/ershoufang/103105780734.html"
"710","2024-10-29 12:05:35","小区环境好居住舒适采光充足户型方正","78","8765","3室2厅","中楼层/共34层","南","平层/精装","89平米","板楼","九颂山河时代城","南昌县","https://vrlab-image4.ljcdn.com/release/screenshot/auto3d-1Gr3eXr7Qe8hMsUtArqCfg/34c6dfd52dac371580e9b1dd043938e7/1720494325_3/pc0_AeghNGbbF.jpg?imageMogr2/quality/70/thumbnail/1024x","https://nc.lianjia.com/ershoufang/103134319331.html"
"711","2024-10-29 12:05:45","南昌西站旁 地铁精装3房 采光好 房东诚心出售","89","9914","3室2厅","中楼层/共22层","南","平层/简装","89.78平米","板塔结合","新力琥珀园一期","红谷滩","https://vrlab-image4.ljcdn.com/release/screenshot/auto3d-7o8RRTo2ua1UDjw5UeRvSX/aabf7090e2c54804bf4012404aef2567/1694676563_2/pc0_5UCixGG5G.jpg?imageMogr2/quality/70/thumbnail/1024x","https://nc.lianjia.com/ershoufang/103125238780.html"
"712","2024-10-29 12:05:55","房东诚心出售，房子户型端正，看房方便","213","12994","3室2厅","中楼层/共26层","南 北","平层/简装","163.93平米","板塔结合","鹿璟名居","红谷滩","https://vrlab-image4.ljcdn.com/release/screenshot/auto3d-lu0AX1w3Q8DO4h7pb-8std/db4819f7e5dc5456aea1e94e4d992fb9/1718344988_0/pc0_5Fkf4lwTM.jpg?imageMogr2/quality/70/thumbnail/1024x","https://nc.lianjia.com/ershoufang/103131663426.html"
"713","2024-10-29 12:06:06","四居室 端户 装修不错  楼层好 近公园 学 校 幼儿园","116","10010","4室2厅","中楼层/共33层","南 北","平层/精装","115.89平米","板楼","经开正荣府","经开区","https://vrlab-image4.ljcdn.com/release/screenshot/auto3d-AREUQmuMt6yOPxlhPyAlYH/275ec3509f04255738808e10a3f21b47/1725066747_15/pc0_R5vqzJIZm.jpg?imageMogr2/quality/70/thumbnail/1024x","https://nc.lianjia.com/ershoufang/103135048391.html"
"714","2024-10-29 12:06:16","电梯好楼层出门就是菜市场近一附医院","60","6819","3室1厅","中楼层/共18层","南","平层/精装","88平米","板楼","力高国际城四期","南昌县","https://vrlab-image4.ljcdn.com/release/screenshot/auto3d-68UfB6Z9LO1pgRWzLj7kK9/d1f2c0903c9862f442bad8e5eb7d0c1f/1711071693_9/pc0_S62Hb8btg.jpg?imageMogr2/quality/70/thumbnail/1024x","https://nc.lianjia.com/ershoufang/103131850928.html"
"715","2024-10-29 12:06:26","香缇溪岸 精装三房 房东诚心出售","80","7388","3室2厅","高楼层/共28层","南","平层/精装","108.29平米","板楼","香缇溪岸","青山湖区","https://vrlab-image4.ljcdn.com/release/screenshot/auto3d-eQoBIrtpVJLzHR9qG1sc_1/80edc7f6f1f39f1afb0651d5cdc68536/1714283561_0/pc0_3QmpuMzCO.jpg?imageMogr2/quality/70/thumbnail/1024x","https://nc.lianjia.com/ershoufang/103132795335.html"
"716","2024-10-29 12:06:36","配套设施齐全 交通便利 户型方正 使用面积大","60","6881","3室2厅","中楼层/共18层","南 北","平层/简装","87.2平米","板楼","力高国际城四期","南昌县","https://vrlab-image4.ljcdn.com/release/screenshot/auto3d-oKArWcscd64B0zH4ql9Yfp/c1c5e054567fbbe53e4153c62e753728/1711260156_0/pc0_oc5QdYwSr.jpg?imageMogr2/quality/70/thumbnail/1024x","https://nc.lianjia.com/ershoufang/103131952474.html"
"717","2024-10-29 12:06:46","30多万的装修，上学200米就到，去年才装修好。","120","12918","2室2厅","高楼层/共6层","南","平层/精装","92.9平米","板楼","万科四季花城北区","高新区","https://vrlab-image4.ljcdn.com/release/screenshot/auto3d--5hNz2eZGf4ORyh5EnbLJQ/e1547eee03efd42d4c6b6b145b2d7deb/1719719011_0/pc0_21lpLvK00.jpg?imageMogr2/quality/70/thumbnail/1024x","https://nc.lianjia.com/ershoufang/103133838653.html"
"718","2024-10-29 12:06:56","地铁4号线东新站500米，数据来源高德，近新洪大","62","7889","2室2厅","低楼层/共31层","南 北","平层/精装","78.6平米","板楼","新力象湖湾","南昌县","https://vrlab-image4.ljcdn.com/release/auto3dhd/63a7f96a6c34eedb1652865afb9c9e9d/screenshot/1689909888_0/pc0_SPAhgterP.jpg?imageMogr2/quality/70/thumbnail/1024x","https://nc.lianjia.com/ershoufang/103127547346.html"
"719","2024-10-29 12:07:06","此房房东诚心出售，通风好，彩光好，小区中间位置","96","10991","2室2厅","低楼层/共7层","南 北","平层/简装","87.35平米","板塔结合","万达星城东区","红谷滩","https://vrlab-image4.ljcdn.com/release/screenshot/auto3d-vo8DB15oIOUIhGoUXflnME/e06c3a3b370787ceae5f855b81af5d1b/1695453666_0/pc0_ZjzIYpJZd.jpg?imageMogr2/quality/70/thumbnail/1024x","https://nc.lianjia.com/ershoufang/103126951453.html"
"720","2024-10-29 12:07:16","诚心出售 楼层好 视野开阔 环境优美","75","8217","3室2厅","高楼层/共32层","南 北","平层/精装","91.28平米","板楼","金科集美阳光","经开区","https://vrlab-image4.ljcdn.com/release/screenshot/auto3d-S0DyDH6DbaTJ6JrNDgdi14/4408dc08ba81ee3d91865d26d8383176/1715334595_11/pc0_0G7VvnlVe.jpg?imageMogr2/quality/70/thumbnail/1024x","https://nc.lianjia.com/ershoufang/103132762414.html"
"721","2024-10-29 12:07:27","万达商圈绿地高品质楼盘，小面积总价低，即买即租","36.5","7766","1室1厅","低楼层/共23层","南","平层/毛坯","47平米","暂无数据","绿地中央公园","新建区","https://vrlab-image4.ljcdn.com/release/screenshot/auto3d-SRAasz5Cu_IgLnknN0R1ip/c74b660434162e021ca2b646861f4e4a/1717809259_2/pc0_jaTBtKMa3.jpg?imageMogr2/quality/70/thumbnail/1024x","https://nc.lianjia.com/ershoufang/103133678341.html"
"722","2024-10-29 12:07:37","户型正规，阳光充足，绿化优美，物业系统完善","130","11809","3室2厅","高楼层/共30层","南","平层/精装","110.09平米","板楼","橡树湾橡府","西湖区","https://vrlab-image4.ljcdn.com/release/screenshot/auto3d-6T_0F-uIEcMsOPBot0i1_A/28296e1cac8671f9297a738a3d73894e/1717229675_5/pc0_flK3Ctpvm.jpg?imageMogr2/quality/70/thumbnail/1024x","https://nc.lianjia.com/ershoufang/103133538941.html"
"723","2024-10-29 12:07:47","万科金域国际采光充足户型端正价格美丽","89","10114","3室2厅","中楼层/共34层","南 北","平层/精装","88平米","板楼","万科金域国际","经开区","https://vrlab-image4.ljcdn.com/release/screenshot/auto3d-lL0aAiYpRNh0hw9GxsxqIU/9af69b817aea732faece9e8deef7a257/1717842220_2/pc0_zKsp7ERfd.jpg?imageMogr2/quality/70/thumbnail/1024x","https://nc.lianjia.com/ershoufang/103133156895.html"
"724","2024-10-29 12:07:58","秋水广场旁 精装通透三房 阳光好 诚心出 配套齐全","226","19366","3室2厅","低楼层/共31层","南 北","平层/精装","116.7平米","板塔结合","世纪中央城一期","红谷滩","https://vrlab-image4.ljcdn.com/release/screenshot/auto3d-YAHzXf1RZMuvp0GNkMS1Rn/a56d70bb8639426c9b2367a61c660a46/1722480268_0/pc0_bsdzCMSG3.jpg?imageMogr2/quality/70/thumbnail/1024x","https://nc.lianjia.com/ershoufang/103131616054.html"
"725","2024-10-29 12:08:08","两房朝北采光好，看房随时有钥匙，楼层居中好楼层","39.8","6817","2室1厅","中楼层/共5层","南 北","平层/精装","58.39平米","板楼","铁路三村","西湖区","https://vrlab-image4.ljcdn.com/release/screenshot/auto3d-sJ3gXjHg7gYFXSkSra8iuS/8dc9d32043444c06e809a326ac13b9e1/1729671915_3/pc0_PwrGL3flr.jpg?imageMogr2/quality/70/thumbnail/1024x","https://nc.lianjia.com/ershoufang/103136830513.html"
"726","2024-10-29 12:08:18","海域香廷二期 3室2厅 南 北","190","18376","3室2厅","高楼层/共6层","南 北","平层/其他","103.4平米","板楼","海域香廷二期","红谷滩","https://vrlab-image4.ljcdn.com/release/screenshot/auto3d-BX6Zrw56xg8ZxlAPB2MHAK/54317a8a600e4c0c2184d622a787aa69/1729047305_8/pc0_bx1CjaycO.jpg?imageMogr2/quality/70/thumbnail/1024x","https://nc.lianjia.com/ershoufang/103136668553.html"
"727","2024-10-29 12:08:29","中央香榭四房中间楼层 看房随时看 二期楼栋","330","23155","4室2厅","中楼层/共26层","南","平层/精装","142.52平米","板塔结合","中央香榭","红谷滩","https://vrlab-image4.ljcdn.com/release/screenshot/auto3d-jY6gvc-I_UjxsLb3dITyHG/c57a71bd80936b23ca8b8d48718b6170/1729843740_0/pc0_VaoJ8uiZr.jpg?imageMogr2/quality/70/thumbnail/1024x","https://nc.lianjia.com/ershoufang/103136788830.html"
"728","2024-10-29 12:08:39","装修了30多万，入住不到1年，南北户型，2卫，2017年","220","19339","3室2厅","中楼层/共18层","南 北","平层/其他","113.76平米","板楼","世纪朝阳中央城","西湖区","https://vrlab-image4.ljcdn.com/release/screenshot/auto3d-mRd0d6O3im1HTSxaL99Mft/bae711ede7186f6e36a91a80dfceb59e/1724382042_3/pc0_T13YEQYi9.jpg?imageMogr2/quality/70/thumbnail/1024x","https://nc.lianjia.com/ershoufang/103136717226.html"
"729","2024-10-29 12:08:49","此房户型通透，采光性好，小区绿化高，自带商街，","75","9539","2室2厅","高楼层/共6层","南","平层/简装","78.63平米","暂无数据","江西省人民政府大院","东湖区","https://vrlab-image4.ljcdn.com/release/screenshot/auto3d-HBleODT0VAJ87GRM5J-lOG/b49674c182b6b962f2ad671a86ccc2bd/1724919263_8/pc0_hkoVHkNE9.jpg?imageMogr2/quality/70/thumbnail/1024x","https://nc.lianjia.com/ershoufang/103135540159.html"
"730","2024-10-29 12:08:59","出门就是万寿宫，得房率高，出入方便，近地铁","35","5271","3室1厅","高楼层/共8层","南","平层/精装","66.41平米","板楼","西湖区广润门住宅二区","西湖区","https://vrlab-image4.ljcdn.com/release/screenshot/auto3d-yEAhapWQ2_YmcTsNvgl49-/0bd5615b542d01aac936ebd2686790c6/1725442073_9/pc0_g4bIRK8PE.jpg?imageMogr2/quality/70/thumbnail/1024x","https://nc.lianjia.com/ershoufang/103135016223.html"
"731","2024-10-29 12:09:10","户型方正，格局 楼层好，全天采光，得房率高。","170","17467","2室2厅","中楼层/共6层","南","平层/精装","97.33平米","板楼","红谷世纪花园B区","红谷滩","https://vrlab-image4.ljcdn.com/release/screenshot/auto3d-PMwlLA0wydi9rQNdMM17ve/0e935ebd4f5020cd433e5d08b608bfb3/1718420204_2/pc0_4HJubfVj4.jpg?imageMogr2/quality/70/thumbnail/1024x","https://nc.lianjia.com/ershoufang/103133848462.html"
"732","2024-10-29 12:09:20","格局好，楼栋位置好，采光好，通透户型，房东诚心出售","73","5348","3室2厅","高楼层/共33层","南","平层/毛坯","136.5平米","板楼","通源新建城B3","新建区","https://vrlab-image4.ljcdn.com/release/screenshot/auto3d-xENxl9HGJGpJnxjaOxdQq5/507388c4f62f8159851eb226aeb52407/1715756553_12/pc0_WdhKn2NKB.jpg?imageMogr2/quality/70/thumbnail/1024x","https://nc.lianjia.com/ershoufang/103132960619.html"
"733","2024-10-29 12:09:30","艾溪湖畔地铁口精装房，格局好 楼层好 采光充足","178","15222","3室2厅","中楼层/共22层","南","平层/精装","116.94平米","板楼","恒大御景","高新区","https://vrlab-image4.ljcdn.com/release/screenshot/auto3d-qzY6VylUQva0j7pAO43l3n/f1ddf331d0eca7046c6ae4549b056d9c/1720487251_8/pc0_3mtZfcxqz.jpg?imageMogr2/quality/70/thumbnail/1024x","https://nc.lianjia.com/ershoufang/103134277709.html"
"734","2024-10-29 12:09:40","百盛和园大三房，客厅带空调，带车位，随时看房","98","9065","3室2厅","高楼层/共10层","南","平层/精装","108.12平米","塔楼","百盛和园","青云谱区","https://vrlab-image4.ljcdn.com/release/screenshot/auto3d-jzSZwXsKx809bZIjqrvRY8/8649671ca285f4a49b5b0a08bd9b0398/1705200733_8/pc0_sFvs5axu0.jpg?imageMogr2/quality/70/thumbnail/1024x","https://nc.lianjia.com/ershoufang/103133801436.html"
"735","2024-10-29 12:09:51","配套齐全.环境优美.生活便利.公园花海","110","11112","3室2厅","高楼层/共32层","南","平层/精装","99平米","板楼","绿地中央公园璋悦","新建区","https://vrlab-image4.ljcdn.com/release/screenshot/auto3d-xh2ENkvWalaXm6yvfVZxUG/1260acc56281ac467eb35b9b97341bd7/1728613675_3/pc0_pE0gthUsf.jpg?imageMogr2/quality/70/thumbnail/1024x","https://nc.lianjia.com/ershoufang/103133859810.html"
"736","2024-10-29 12:10:01","小区环境好，拎包入住精装，楼层中高楼层，采光很好","95","8081","3室2厅","低楼层/共30层","南","平层/精装","117.57平米","板楼","万达文化旅游城E区","红谷滩","https://vrlab-image4.ljcdn.com/release/screenshot/auto3d-BlJ1QycwCsH0YqLnXxCsMx/d9aeb0f4d1c7bcb0c4845a55a206a834/1721465221_4/pc0_F0vcUQEUu.jpg?imageMogr2/quality/70/thumbnail/1024x","https://nc.lianjia.com/ershoufang/103134443207.html"
"737","2024-10-29 12:10:11","临铜锣湾 天赐良园通透三房 户型方正 精装修","158","12442","3室2厅","中楼层/共11层","南","平层/精装","126.99平米","板楼","天赐良园","红谷滩","https://vrlab-image4.ljcdn.com/release/screenshot/auto3d-ykFG6YSuHx7O9HQOWb1FrN/a5134ff7e46acdd051b7b7fc143df85d/1712974062_3/pc0_sHpUKpjEa.jpg?imageMogr2/quality/70/thumbnail/1024x","https://nc.lianjia.com/ershoufang/103132232819.html"
"738","2024-10-29 12:10:22","朝阳新城中海朝阳精装修三房好楼层全天太阳","132","12698","3室2厅","高楼层/共33层","南","平层/精装","103.96平米","塔楼","中海朝阳郡观园","西湖区","https://vrlab-image4.ljcdn.com/release/screenshot/auto3d-EWecjocROMiIzhJWW_glJQ/fed681a2685d953c4bee99cd1d7294d8/1713848804_9/pc0_2IMyi8uZr.jpg?imageMogr2/quality/70/thumbnail/1024x","https://nc.lianjia.com/ershoufang/103132627489.html"
"739","2024-10-29 12:10:32","次新房小区自带游泳池，园林四季常春，高品质精装交付","180","12709","4室2厅","中楼层/共32层","南 北","平层/精装","141.64平米","板楼","新力东园","红谷滩","https://vrlab-image4.ljcdn.com/release/screenshot/auto3d-bLdvPutAzuqwltQ-gqOMuZ/ad7b311f05f6c548828842bd0c57452e/1711267493_0/pc0_DkIMuJz4I.jpg?imageMogr2/quality/70/thumbnail/1024x","https://nc.lianjia.com/ershoufang/103132055815.html"
"740","2024-10-29 12:10:42","公安厅集资房 大平层 户型端正","88","4895","4室2厅","中楼层/共33层","南","平层/毛坯","179.8平米","板楼","锦苑阳光","新建区","https://vrlab-image4.ljcdn.com/release/screenshot/auto3d-6a_rBSQ8fBBem9dQwvWyFy/fcd79dc714c76df569c1b5249482d107/1711786315_0/pc0_jvpxGKOgJ.jpg?imageMogr2/quality/70/thumbnail/1024x","https://nc.lianjia.com/ershoufang/103132105649.html"
"741","2024-10-29 12:10:52","国博城二期 博君精修两房 业主诚心卖 看中可谈 含车位","80","9935","2室1厅","中楼层/共32层","南","平层/毛坯","80.53平米","塔楼","绿地国际博览城二期博君","红谷滩","https://vrlab-image4.ljcdn.com/release/auto3dhd/844e2f9f05bc6702719e2ff91e398f60/screenshot/1633850101_8/pc0_Zonf54bbP.jpg?imageMogr2/quality/70/thumbnail/1024x","https://nc.lianjia.com/ershoufang/103132402434.html"
"742","2024-10-29 12:11:03","采光充足，配套齐，交通便利，人文环境好","65","6529","3室2厅","中楼层/共32层","南 北","平层/精装","99.56平米","板楼","恒大城","南昌县","https://vrlab-image4.ljcdn.com/release/screenshot/auto3d-T6TP2hOIgHq8QOdPwqf2fP/aa9243e62deff606119606b2d49947d8/1720857549_7/pc0_OWNYKCDfG.jpg?imageMogr2/quality/70/thumbnail/1024x","https://nc.lianjia.com/ershoufang/103134535516.html"
"743","2024-10-29 12:11:13","艾溪康桥精装3房，户型好，装修好，房东急售","148","13228","3室2厅","低楼层/共22层","南","平层/精装","111.89平米","塔楼","艾溪康桥","高新区","https://vrlab-image4.ljcdn.com/release/screenshot/auto3d-Xz9QT2AaQUN7VBZ1LeRgQW/a2779c8ba2b69b0789c7ae00f3c4f4cc/1710551161_0/pc0_0l1TS6N47.jpg?imageMogr2/quality/70/thumbnail/1024x","https://nc.lianjia.com/ershoufang/103131604607.html"
"744","2024-10-29 12:11:24","龙湖春江天玺精装横厅洋房，好楼层采光佳","120","9037","3室2厅","中楼层/共11层","南","平层/精装","132.79平米","塔楼","龙湖煌盛春江天玺","南昌县","https://vrlab-image4.ljcdn.com/release/screenshot/auto3d-VKyz4i_GhGfSZOok0u83_H/23f6fb1d77290b845fd51e8cf5103748/1717567824_0/pc0_CdFzifmHr.jpg?imageMogr2/quality/70/thumbnail/1024x","https://nc.lianjia.com/ershoufang/103132441903.html"
"745","2024-10-29 12:11:34","联发品质 装修好 视野无挡、采光好看中价格可谈","128","13594","3室2厅","低楼层/共26层","南 北","平层/精装","94.16平米","板楼","联发君悦华庭","西湖区","https://vrlab-image4.ljcdn.com/release/screenshot/auto3d-g-xfPd-3o7hFC63y9_C_SI/bf926832c7a4f687bb441784d6be188e/1712645954_3/pc0_2jIGyzKwp.jpg?imageMogr2/quality/70/thumbnail/1024x","https://nc.lianjia.com/ershoufang/103132344934.html"
"746","2024-10-29 12:11:44","十中旁精装三室刚需，通透采光很好","76","8610","3室2厅","低楼层/共34层","南","平层/精装","88.27平米","板塔结合","万科金域国际","经开区","https://vrlab-image4.ljcdn.com/release/screenshot/auto3d-qTMnIhAnUHzMjuABC_1RhD/4b42d53a0b899696395dffaa0db1e3db/1712647197_11/pc0_Suo7yUqtr.jpg?imageMogr2/quality/70/thumbnail/1024x","https://nc.lianjia.com/ershoufang/103132198447.html"
"747","2024-10-29 12:11:54","绿地未来城单身公寓 中间楼层 业主保本出售 急 急 急","16","3413","1室1厅","高楼层/共14层","南","平层/精装","46.88平米","塔楼","绿地未来城","高新区","https://vrlab-image4.ljcdn.com/release/auto3dhd/5b3a23d8f41eb2f0b9728376ae40fb11/screenshot/1609039438_3/pc0_w2B8phOS3.jpg?imageMogr2/quality/70/thumbnail/1024x","https://nc.lianjia.com/ershoufang/103112364509.html"
"748","2024-10-29 12:12:05","楼层好，端户，可随看。房东诚心出售。","100","9217","3室2厅","低楼层/共17层","南","平层/毛坯","108.5平米","板塔结合","千禧同业小区","高新区","https://vrlab-image4.ljcdn.com/release/auto3dhd/b3371fb9dd9ccbea1a2efd9717f450cf/screenshot/1624760873_0/pc0_4EKZdY4YM.jpg?imageMogr2/quality/70/thumbnail/1024x","https://nc.lianjia.com/ershoufang/103115728537.html"
"749","2024-10-29 12:12:15","大三房 自住装修 业主诚心出售，看中价钱可谈","248","16563","3室2厅","高楼层/共32层","南","平层/精装","149.74平米","板塔结合","凤凰城凤鸣苑","红谷滩","https://vrlab-image4.ljcdn.com/release/auto3dhd/8b419c9ece9a69b6272eac90b57d3faa/screenshot/1624066627_0/pc0_nAgerc6p5.jpg?imageMogr2/quality/70/thumbnail/1024x","https://nc.lianjia.com/ershoufang/103115396484.html"
"750","2024-10-29 12:12:25","卖房了  卖房啦     卖房啦","86","8940","3室2厅","低楼层/共18层","南","平层/精装","96.2平米","板楼","世纪风情3期","青山湖区","https://vrlab-image4.ljcdn.com/release/auto3dhd/9481dc4452dad106fd7555bc5987d0f7/screenshot/1625638580_0/pc0_Z0AvFilZF.jpg?imageMogr2/quality/70/thumbnail/1024x","https://nc.lianjia.com/ershoufang/103115931987.html"
"751","2024-10-29 12:12:35","近地铁，生活便利，小区环境好，","130","11389","3室2厅","中楼层/共32层","南 北","平层/毛坯","114.15平米","板楼","绿地国际博览城二期博君","红谷滩","https://vrlab-image4.ljcdn.com/release/screenshot/auto3d-KKKyNb-K75IqWXEC5QM9da/22af26461a67c27e04e95f97bc79cb79/1716608339_1/pc0_4xpwHUaJj.jpg?imageMogr2/quality/70/thumbnail/1024x","https://nc.lianjia.com/ershoufang/103133334491.html"
"752","2024-10-29 12:12:46","绿地悦公馆 自住精装修142平大平层","138","9681","4室2厅","中楼层/共7层","南","平层/精装","142.56平米","板楼","绿地悦公馆","经开区","https://vrlab-image4.ljcdn.com/release/auto3dhd/c41c6f96c9c12e007f6c4f7135031e92/screenshot/1679467658_18/pc0_7AwxF9Uus.jpg?imageMogr2/quality/70/thumbnail/1024x","https://nc.lianjia.com/ershoufang/103125103681.html"
"753","2024-10-29 12:12:56","配套设施齐全 交通便利 户型方正 使用面积大","58","6621","3室1厅","高楼层/共16层","南 北","平层/精装","87.61平米","板楼","力高国际城四期","南昌县","https://vrlab-image4.ljcdn.com/release/screenshot/auto3d-w748I3Bs22VqGuyk2YPypC/347de4405bf631d2c473f569751aa6d6/1728957646_3/pc0_ls0WuqjN4.jpg?imageMogr2/quality/70/thumbnail/1024x","https://nc.lianjia.com/ershoufang/103136652238.html"
"754","2024-10-29 12:13:07","房东诚售精装通透两房，楼层好双阳台，采光无挡","110","12605","2室2厅","中楼层/共9层","南","平层/精装","87.27平米","板塔结合","鹿璟名居","红谷滩","https://vrlab-image4.ljcdn.com/release/auto3dhd/b41d5af19d3ce015bd7ee1017db82162/screenshot/1610864148_0/pc0_DXjfyxDXu.jpg?imageMogr2/quality/70/thumbnail/1024x","https://nc.lianjia.com/ershoufang/103113017302.html"
"755","2024-10-29 12:13:17","通透四居室 带大院子 阳光房 享受惬意生活","110","8563","4室2厅","低楼层/共11层","南","平层/精装","128.46平米","板楼","天赐良园","红谷滩","https://vrlab-image4.ljcdn.com/release/screenshot/auto3d-rZbmTLdD0G-r1P0e1rhMV3/23a26f451c1d80785a8f81ce0e0ab4a0/1713857814_4/pc0_x5QudIbFG.jpg?imageMogr2/quality/70/thumbnail/1024x","https://nc.lianjia.com/ershoufang/103132704265.html"
"756","2024-10-29 12:13:27","居住主题公园 精装两居室 通透格局 全天太阳 采光好","56","6949","2室2厅","高楼层/共11层","南","平层/精装","80.59平米","板楼","居住主题公园-丁香怡景A区","南昌县","https://vrlab-image4.ljcdn.com/release/screenshot/auto3d-Zqa_tSVccoQsM2LEQkQfkW/4c21f94618ec1e5e4aaac289e2f7ba36/1728710840_0/pc0_Rr6wremFj.jpg?imageMogr2/quality/70/thumbnail/1024x","https://nc.lianjia.com/ershoufang/103136591413.html"
"757","2024-10-29 12:13:38","金  牌物业 南昌西站旁 双地铁口      品质小区","142","10453","4室2厅","中楼层/共7层","南 北","平层/毛坯","135.85平米","板楼","新力合园","红谷滩","https://vrlab-image4.ljcdn.com/release/auto3dhd/5f40a1f841de35dfb462377c19416132/screenshot/1671171230_3/pc0_wxPyO7hFo.jpg?imageMogr2/quality/70/thumbnail/1024x","https://nc.lianjia.com/ershoufang/103123339979.html"
"758","2024-10-29 12:13:48","保利香槟精装三房两卫 前面别墅无挡 出门湿地公园","95","9998","4室1厅","高楼层/共30层","南","平层/精装","95.02平米","塔楼","保利香槟国际","高新区","https://vrlab-image4.ljcdn.com/release/screenshot/auto3d-oe3b0TLbFI9SYRTZ35thcn/8f251712e8c2157de3ac0c1101d445fd/1720751795_0/pc0_mrdtFBGef.jpg?imageMogr2/quality/70/thumbnail/1024x","https://nc.lianjia.com/ershoufang/103134375419.html"
"759","2024-10-29 12:13:58","采光好 视野好 南北通 户型正气 近地铁","93","11309","2室2厅","中楼层/共27层","南","平层/精装","82.24平米","塔楼","恒大名都","高新区","https://vrlab-image4.ljcdn.com/release/screenshot/auto3d-abeNcuMTWt7eytB4fZAmT2/327530caf392d177ce7c953974e15520/1719113018_0/pc0_QNeynxjM0.jpg?imageMogr2/quality/70/thumbnail/1024x","https://nc.lianjia.com/ershoufang/103133775107.html"
"760","2024-10-29 12:14:09","九颂山河时代城生活交通方便，很适合居住","99","8877","3室2厅","中楼层/共32层","南","平层/精装","111.53平米","板楼","九颂山河时代城","南昌县","https://vrlab-image4.ljcdn.com/release/auto3dhd/47196c75205e3154b1fec1e7ba556b0f/screenshot/1688711730_3/pc0_GYqCDjriS.jpg?imageMogr2/quality/70/thumbnail/1024x","https://nc.lianjia.com/ershoufang/103127162801.html"
"761","2024-10-29 12:14:19","万达商圈绿地高品质楼盘，小面积总价低，即买即租","36.5","7766","1室1厅","低楼层/共23层","南","平层/毛坯","47平米","暂无数据","绿地中央公园","新建区","https://vrlab-image4.ljcdn.com/release/screenshot/auto3d-SRAasz5Cu_IgLnknN0R1ip/c74b660434162e021ca2b646861f4e4a/1717809259_2/pc0_jaTBtKMa3.jpg?imageMogr2/quality/70/thumbnail/1024x","https://nc.lianjia.com/ershoufang/103133678341.html"
"762","2024-10-29 12:14:29","户型正规，阳光充足，绿化优美，物业系统完善","130","11809","3室2厅","高楼层/共30层","南","平层/精装","110.09平米","板楼","橡树湾橡府","西湖区","https://vrlab-image4.ljcdn.com/release/screenshot/auto3d-6T_0F-uIEcMsOPBot0i1_A/28296e1cac8671f9297a738a3d73894e/1717229675_5/pc0_flK3Ctpvm.jpg?imageMogr2/quality/70/thumbnail/1024x","https://nc.lianjia.com/ershoufang/103133538941.html"
"763","2024-10-29 12:14:39","小区环境好居住舒适采光充足户型方正","78","8765","3室2厅","中楼层/共34层","南","平层/精装","89平米","板楼","九颂山河时代城","南昌县","https://vrlab-image4.ljcdn.com/release/screenshot/auto3d-1Gr3eXr7Qe8hMsUtArqCfg/34c6dfd52dac371580e9b1dd043938e7/1720494325_3/pc0_AeghNGbbF.jpg?imageMogr2/quality/70/thumbnail/1024x","https://nc.lianjia.com/ershoufang/103134319331.html"
"764","2024-10-29 12:14:49","诚心出售 楼层好 视野开阔 环境优美","75","8217","3室2厅","高楼层/共32层","南 北","平层/精装","91.28平米","板楼","金科集美阳光","经开区","https://vrlab-image4.ljcdn.com/release/screenshot/auto3d-S0DyDH6DbaTJ6JrNDgdi14/4408dc08ba81ee3d91865d26d8383176/1715334595_11/pc0_0G7VvnlVe.jpg?imageMogr2/quality/70/thumbnail/1024x","https://nc.lianjia.com/ershoufang/103132762414.html"
"765","2024-10-29 12:15:00","湖景精装三房，拎包入住，视野开阔，看房随时","99","10482","3室2厅","高楼层/共32层","南 北","平层/精装","94.45平米","塔楼","保利香槟国际","高新区","https://vrlab-image4.ljcdn.com/release/screenshot/auto3d-5HEdr64T_xxLsuANdql85-/019e152df69e07bf6689c5c6177b9202/1700707436_0/pc0_fwnvk6fG3.jpg?imageMogr2/quality/70/thumbnail/1024x","https://nc.lianjia.com/ershoufang/103134973740.html"
"766","2024-10-29 12:15:10","湖景三房   近地铁  烟火气息好   宜居理想家！！！","61","7461","3室1厅","中楼层/共19层","南","平层/其他","81.76平米","塔楼","伟梦清水湾","南昌县","https://vrlab-image4.ljcdn.com/release/screenshot/auto3d-uiv3IupmU1BpZUZyiGeKeL/0015f58b75ef4125c3f4b2f8e30fc62e/1727403579_2/pc0_RL1k7lHd2.jpg?imageMogr2/quality/70/thumbnail/1024x","https://nc.lianjia.com/ershoufang/103136233896.html"
"767","2024-10-29 12:15:20","南昌西站旁 地铁精装3房 采光好 房东诚心出售","89","9914","3室2厅","中楼层/共22层","南","平层/简装","89.78平米","板塔结合","新力琥珀园一期","红谷滩","https://vrlab-image4.ljcdn.com/release/screenshot/auto3d-7o8RRTo2ua1UDjw5UeRvSX/aabf7090e2c54804bf4012404aef2567/1694676563_2/pc0_5UCixGG5G.jpg?imageMogr2/quality/70/thumbnail/1024x","https://nc.lianjia.com/ershoufang/103125238780.html"
"768","2024-10-29 12:15:31","此房满五年，业主诚心出售，随时看房","238","11165","5室2厅","中楼层/共6层","南 北","平层/精装","213.18平米","塔楼","紫金园东区","红谷滩","https://vrlab-image4.ljcdn.com/release/auto3dhd/af5a79211d189feb9617c4f41c73c1fe/screenshot/1626312017_0/pc0_S4Ve9PwkH.jpg?imageMogr2/quality/70/thumbnail/1024x","https://nc.lianjia.com/ershoufang/103105780734.html"
"769","2024-10-29 12:15:41","房东诚心出售，房子户型端正，看房方便","213","12994","3室2厅","中楼层/共26层","南 北","平层/简装","163.93平米","板塔结合","鹿璟名居","红谷滩","https://vrlab-image4.ljcdn.com/release/screenshot/auto3d-lu0AX1w3Q8DO4h7pb-8std/db4819f7e5dc5456aea1e94e4d992fb9/1718344988_0/pc0_5Fkf4lwTM.jpg?imageMogr2/quality/70/thumbnail/1024x","https://nc.lianjia.com/ershoufang/103131663426.html"
"770","2024-10-29 12:15:51","联发品质三房 户型通透 中间楼层 视野采光无挡 诚售","140","13021","3室2厅","中楼层/共33层","南 北","平层/毛坯","107.52平米","板楼","联发君悦华庭","西湖区","https://vrlab-image4.ljcdn.com/release/screenshot/auto3d-syc01oxTK9657vh8IEPC2V/333fcbe7a5bf17a0f77c976df2337074/1727423703_3/pc0_SE90ao5kc.jpg?imageMogr2/quality/70/thumbnail/1024x","https://nc.lianjia.com/ershoufang/103136234379.html"
"771","2024-10-29 12:16:01","滨江通透三房，通透户型，房东诚心出售","175","13303","3室2厅","高楼层/共11层","南 北","平层/简装","131.55平米","板塔结合","联泰香域滨江","红谷滩","https://vrlab-image4.ljcdn.com/release/screenshot/auto3d-rikT3Q7jeC_ZUv5rmzGqrg/c66804aea7f99fe319c7c397b652d912/1706845014_0/pc0_GjGmLiuVg.jpg?imageMogr2/quality/70/thumbnail/1024x","https://nc.lianjia.com/ershoufang/103124629990.html"
"772","2024-10-29 12:16:12","千禧同业，學校与小区仅一路之隔，南北通风","108","8439","3室2厅","低楼层/共12层","南","平层/毛坯","127.99平米","板塔结合","千禧同业小区","高新区","https://vrlab-image4.ljcdn.com/release/auto3dhd/16dce1139303ac80bc52656a6ddc0b37/screenshot/1604644162_3/pc0_dKZlkh9KU.jpg?imageMogr2/quality/70/thumbnail/1024x","https://nc.lianjia.com/ershoufang/103107209063.html"
"773","2024-10-29 12:16:22","万科四季花城北区 2室1厅  南","115","12310","2室2厅","中楼层/共6层","南","平层/精装","93.42平米","塔楼","万科四季花城北区","高新区","https://vrlab-image4.ljcdn.com/release/screenshot/auto3d-vY6RHrN9N2H2mHwz2FF3sw/14136fffec78e36ad399991865fa5249/1710487809_0/pc0_kr5UenPYd.jpg?imageMogr2/quality/70/thumbnail/1024x","https://nc.lianjia.com/ershoufang/103131710157.html"
"774","2024-10-29 12:16:32","象湖滨江近地铁近新洪大次新小区","72","7490","3室2厅","高楼层/共32层","南 北","平层/精装","96.14平米","板楼","幸福誉品","南昌县","https://vrlab-image4.ljcdn.com/release/screenshot/auto3d-9nry4nmxklaRR0DW_uaMOg/80017d63473c10ee9834a3ff8ee71086/1717300017_0/pc0_PlzwT0HRV.jpg?imageMogr2/quality/70/thumbnail/1024x","https://nc.lianjia.com/ershoufang/103136166685.html"
"775","2024-10-29 12:16:43","四居室 端户 装修不错  楼层好 近公园 学 校 幼儿园","116","10010","4室2厅","中楼层/共33层","南 北","平层/精装","115.89平米","板楼","经开正荣府","经开区","https://vrlab-image4.ljcdn.com/release/screenshot/auto3d-AREUQmuMt6yOPxlhPyAlYH/275ec3509f04255738808e10a3f21b47/1725066747_15/pc0_R5vqzJIZm.jpg?imageMogr2/quality/70/thumbnail/1024x","https://nc.lianjia.com/ershoufang/103135048391.html"
"776","2024-10-29 12:16:53","秋水广场旁 精装通透三房 阳光好 诚心出 配套齐全","226","19366","3室2厅","低楼层/共31层","南 北","平层/精装","116.7平米","板塔结合","世纪中央城一期","红谷滩","https://vrlab-image4.ljcdn.com/release/screenshot/auto3d-YAHzXf1RZMuvp0GNkMS1Rn/a56d70bb8639426c9b2367a61c660a46/1722480268_0/pc0_bsdzCMSG3.jpg?imageMogr2/quality/70/thumbnail/1024x","https://nc.lianjia.com/ershoufang/103131616054.html"
"777","2024-10-29 12:17:03","此房地段好，商圈足，小区环境好，物业好。","170","19940","2室2厅","中楼层/共33层","南","平层/精装","85.26平米","板楼","莱蒙都会南区","红谷滩","https://vrlab-image4.ljcdn.com/release/screenshot/auto3d-kD7pwchdW-29X5229YphBy/f1ba5ead17c6737a5b39c4a02bb29358/1725068094_4/pc0_yWgFk8Kho.jpg?imageMogr2/quality/70/thumbnail/1024x","https://nc.lianjia.com/ershoufang/103135607480.html"
"778","2024-10-29 12:17:14","业主诚售 户型方正 南北通透 采光很好无挡","255","18797","3室2厅","中楼层/共11层","南 北","平层/精装","135.66平米","板楼","红谷世纪花园A区","红谷滩","https://vrlab-image4.ljcdn.com/release/screenshot/auto3d-Ky6IkNnFKzvDLAkBeyOTug/1b3676a363afa00f621e62d24f584516/1722147290_4/pc0_Bbl05xrfd.jpg?imageMogr2/quality/70/thumbnail/1024x","https://nc.lianjia.com/ershoufang/103134299684.html"
"779","2024-10-29 12:17:24","9成新大三房2卫.带入户花园.三开间朝南！","123","8423","3室2厅","高楼层/共16层","南 西南","平层/精装","146.04平米","板楼","世纪风情二期","青山湖区","https://vrlab-image4.ljcdn.com/release/screenshot/auto3d-huZTO9njKS3NgVh3F0X8t5/287ebe98e1fbf6e43d6ef0c02de63671/1719989365_0/pc0_vUEmCNJoZ.jpg?imageMogr2/quality/70/thumbnail/1024x","https://nc.lianjia.com/ershoufang/103134246516.html"
"780","2024-10-29 12:17:34","着急卖，进装修拎包入住，看房提前预约，好楼层好楼栋","118","10159","3室2厅","高楼层/共32层","南","平层/精装","116.16平米","板塔结合","新力琥珀园二期","红谷滩","https://vrlab-image4.ljcdn.com/release/screenshot/auto3d-fopBp05c1VHdJlSWk5RUcW/8ad456ee907b88c7c2382b1ad8e6fccf/1721882140_0/pc0_TJlaCYxEG.jpg?imageMogr2/quality/70/thumbnail/1024x","https://nc.lianjia.com/ershoufang/103134742448.html"
"781","2024-10-29 12:17:44","澳利雅苑 南昌大桥东站 江滩公园旁 价格美丽随时看房","106","8291","3室2厅","中楼层/共21层","南","平层/简装","127.86平米","板塔结合","澳利雅苑","西湖区","https://vrlab-image4.ljcdn.com/release/screenshot/auto3d-fmuATLG5GjeGgZaJq-Wjkm/7e0402d3743ae6b7aedbf50e20e61ae2/1718875752_0/pc0_gkYqnlLeD.jpg?imageMogr2/quality/70/thumbnail/1024x","https://nc.lianjia.com/ershoufang/103133996608.html"
"782","2024-10-29 12:17:55","楼下地铁口和育新，楼层佳，视野好，明星2房户型","69","7766","2室1厅","高楼层/共32层","南 北","平层/毛坯","88.85平米","板楼","万达文化旅游城D区","红谷滩","https://vrlab-image4.ljcdn.com/release/auto3dhd/23ed1c741ff172c2ed79be0b9c0a0548/screenshot/1603858675_0/pc0_bcOx4Qio7.jpg?imageMogr2/quality/70/thumbnail/1024x","https://nc.lianjia.com/ershoufang/103131781443.html"
"783","2024-10-29 12:18:05","此户型端正，通透性好，交通便利，小区环境优美","16","2712","2室1厅","中楼层/共6层","南","平层/简装","59平米","暂无数据","南齿双","经开区","https://vrlab-image4.ljcdn.com/release/screenshot/auto3d-eNKq1KeO8dqC0UYCo1iDSe/b7d28a686a3895530e838a083407625c/1728287731_8/pc0_fRbGdaztc.jpg?imageMogr2/quality/70/thumbnail/1024x","https://nc.lianjia.com/ershoufang/103136441707.html"
"784","2024-10-29 12:18:15","居住主题公园小三房 出入好 精装修","51","5733","3室2厅","中楼层/共9层","南","平层/精装","88.96平米","板楼","居住主题公园-丁香怡景多层","南昌县","https://vrlab-image4.ljcdn.com/release/auto3dhd/2dd719900f30269fc1d939a7dcd37cce/screenshot/1690438503_0/pc0_HBjqf9pel.jpg?imageMogr2/quality/70/thumbnail/1024x","https://nc.lianjia.com/ershoufang/103127674771.html"
"785","2024-10-29 12:18:25","香缇溪岸 精装三房 房东诚心出售","80","7388","3室2厅","高楼层/共28层","南","平层/精装","108.29平米","板楼","香缇溪岸","青山湖区","https://vrlab-image4.ljcdn.com/release/screenshot/auto3d-eQoBIrtpVJLzHR9qG1sc_1/80edc7f6f1f39f1afb0651d5cdc68536/1714283561_0/pc0_3QmpuMzCO.jpg?imageMogr2/quality/70/thumbnail/1024x","https://nc.lianjia.com/ershoufang/103132795335.html"
"786","2024-10-29 12:18:36","新房装修未入住带车位，一梯一户大三房，采光佳。","75","5875","3室1厅","低楼层/共33层","南 北","精装","127.68平米","板楼","锦苑阳光","新建区","https://vrlab-image4.ljcdn.com/release/screenshot/auto3d-I0-FLFfeQAvwECUwR1SWoj/b7e8d67bb94a57a1b63f53ae460c28df/1718946748_3/pc0_7dXAmZOXG.jpg?imageMogr2/quality/70/thumbnail/1024x","https://nc.lianjia.com/ershoufang/103136295457.html"
"787","2024-10-29 12:18:46","近地铁口，精装空置两房，户型采光好，有钥匙随时看房","130","15177","2室2厅","低楼层/共32层","南","平层/精装","85.66平米","板塔结合","商城凤凰印象","红谷滩","https://vrlab-image4.ljcdn.com/release/auto3dhd/4be7e46cff7f07b7e17bcf53a26d30cb/screenshot/1677398642_0/pc0_jUfKcEUEI.jpg?imageMogr2/quality/70/thumbnail/1024x","https://nc.lianjia.com/ershoufang/103124037642.html"
"788","2024-10-29 12:18:56","地铁4号线东新站500米，数据来源高德，近新洪大","62","7889","2室2厅","低楼层/共31层","南 北","平层/精装","78.6平米","板楼","新力象湖湾","南昌县","https://vrlab-image4.ljcdn.com/release/auto3dhd/63a7f96a6c34eedb1652865afb9c9e9d/screenshot/1689909888_0/pc0_SPAhgterP.jpg?imageMogr2/quality/70/thumbnail/1024x","https://nc.lianjia.com/ershoufang/103127547346.html"
"789","2024-10-29 12:19:07","此房房东诚心出售，通风好，彩光好，小区中间位置","96","10991","2室2厅","低楼层/共7层","南 北","平层/简装","87.35平米","板塔结合","万达星城东区","红谷滩","https://vrlab-image4.ljcdn.com/release/screenshot/auto3d-vo8DB15oIOUIhGoUXflnME/e06c3a3b370787ceae5f855b81af5d1b/1695453666_0/pc0_ZjzIYpJZd.jpg?imageMogr2/quality/70/thumbnail/1024x","https://nc.lianjia.com/ershoufang/103126951453.html"
"790","2024-10-29 12:19:17","央企中海物业户型端正视野景观好","139.9","12995","3室2厅","中楼层/共33层","南","平层/精装","107.66平米","板楼","中海朝阳郡铂宫","西湖区","https://vrlab-image4.ljcdn.com/release/screenshot/auto3d-7DOWl_0gJrHgncRhDk-w_6/bc38a4a59d92859ff5278a5a5872e172/1704964279_10/pc0_1o6TYJvxV.jpg?imageMogr2/quality/70/thumbnail/1024x","https://nc.lianjia.com/ershoufang/103130357827.html"
"791","2024-10-29 12:19:27","红谷滩旁  众森一品  依山傍水  精装三房  诚心出售","105","10480","3室2厅","中楼层/共33层","南","平层/精装","100.2平米","塔楼","众森红谷一品","经开区","https://vrlab-image4.ljcdn.com/release/screenshot/auto3d-ksrz4LtuJ3U7JI8SH_nXNo/cfeebf01bdeda6394f9e5b0a2f284588/1722403655_5/pc0_YCLHaMdFC.jpg?imageMogr2/quality/70/thumbnail/1024x","https://nc.lianjia.com/ershoufang/103133915648.html"
"792","2024-10-29 12:19:37","房东诚心出售，价格经济实惠，此小区环舒适优美","52","4083","3室1厅","低楼层/共32层","东南","平层/其他","127.36平米","板塔结合","恒大绿洲","南昌县","https://vrlab-image4.ljcdn.com/release/screenshot/auto3d-miWVTb5eNB7B8pYzr43j6-/3796b5493ba921a87b361b05afec7ec5/1729395981_0/pc0_p2ZkXxfn8.jpg?imageMogr2/quality/70/thumbnail/1024x","https://nc.lianjia.com/ershoufang/103136693519.html"
"793","2024-10-29 12:19:48","佘山路上精装小两房户型方正太阳好。","49","7317","2室2厅","中楼层/共10层","南","平层/简装","66.97平米","暂无数据","恒立佘山98号","东湖区","https://vrlab-image4.ljcdn.com/release/screenshot/auto3d-73mVU2f3faEQLyyu2wGczN/3dd482375a7339003e3c18120612bfbd/1717211025_0/pc0_ThmLFD6GS.jpg?imageMogr2/quality/70/thumbnail/1024x","https://nc.lianjia.com/ershoufang/103133523205.html"
"794","2024-10-29 12:19:58","30多万的装修，上学200米就到，去年才装修好。","120","12918","2室2厅","高楼层/共6层","南","平层/精装","92.9平米","板楼","万科四季花城北区","高新区","https://vrlab-image4.ljcdn.com/release/screenshot/auto3d--5hNz2eZGf4ORyh5EnbLJQ/e1547eee03efd42d4c6b6b145b2d7deb/1719719011_0/pc0_21lpLvK00.jpg?imageMogr2/quality/70/thumbnail/1024x","https://nc.lianjia.com/ershoufang/103133838653.html"
"795","2024-10-29 12:20:08","户型通透 大三房 临赣江 摩天轮 华润万象城","207","14925","3室2厅","低楼层/共18层","南","平层/精装","138.7平米","板塔结合","联发江岸汇景","红谷滩","https://vrlab-image4.ljcdn.com/release/auto3dhd/6caf9bb8090664bad181b8d4dbdbb6d5/screenshot/1657348583_21/pc0_5yI6lQvyj.jpg?imageMogr2/quality/70/thumbnail/1024x","https://nc.lianjia.com/ershoufang/103121260845.html"
"796","2024-10-29 12:20:18","地铁口小高层  端户 价格便宜自住yyds","51","4445","3室2厅","中楼层/共18层","南 北","平层/毛坯","114.76平米","板楼","九溪嘉园一区","红谷滩","https://vrlab-image4.ljcdn.com/release/screenshot/auto3d-AOVCvx44E-ZvnjrPO-M7Qj/226eeeadb14cb85933c888c6908b4ba3/1715060655_0/pc0_zEAg1M8oP.jpg?imageMogr2/quality/70/thumbnail/1024x","https://nc.lianjia.com/ershoufang/103132358939.html"
"797","2024-10-29 12:20:29","电梯好楼层出门就是菜市场近一附医院","60","6819","3室1厅","中楼层/共18层","南","平层/精装","88平米","板楼","力高国际城四期","南昌县","https://vrlab-image4.ljcdn.com/release/screenshot/auto3d-68UfB6Z9LO1pgRWzLj7kK9/d1f2c0903c9862f442bad8e5eb7d0c1f/1711071693_9/pc0_S62Hb8btg.jpg?imageMogr2/quality/70/thumbnail/1024x","https://nc.lianjia.com/ershoufang/103131850928.html"
"798","2024-10-29 12:20:39","精装修拎包入住 楼层好 视野开阔，拎包入住","210","19814","3室2厅","高楼层/共16层","南","平层/精装","105.99平米","板楼","联泰桥郡","红谷滩","https://vrlab-image4.ljcdn.com/release/screenshot/auto3d-uHHL9V_V6DzgcWDTmBUM9I/d46310f2724373e18543d8dc2a9042c5/1722656087_8/pc0_5h5GAdfK4.jpg?imageMogr2/quality/70/thumbnail/1024x","https://nc.lianjia.com/ershoufang/103134544925.html"
"799","2024-10-29 12:20:49","物业大力完善 品质小区 结构户型好","133","13643","3室2厅","低楼层/共32层","南","平层/精装","97.49平米","暂无数据","绿地朝阳中心","西湖区","https://vrlab-image4.ljcdn.com/release/screenshot/auto3d-rzQKIHR4siKl6yPsc0euiX/01be72b1ce89f39bc4c720dcd258ab85/1716366375_3/pc0_by2ypWJpa.jpg?imageMogr2/quality/70/thumbnail/1024x","https://nc.lianjia.com/ershoufang/103133245627.html"
"800","2024-10-29 12:21:00","生活交通配套成熟  总价低 带大露台","42","4667","3室2厅","中楼层/共6层","南","平层/毛坯","90平米","板楼","银河城水悦湾一区","南昌县","https://vrlab-image4.ljcdn.com/release/screenshot/auto3d-C3hrwx0ReRzG_ck9uFzWA3/b351706b1ba231ee276ad6d5b9506e06/1701826594_0/pc0_tS1jBWcci.jpg?imageMogr2/quality/70/thumbnail/1024x","https://nc.lianjia.com/ershoufang/103136745435.html"
"801","2024-10-29 12:21:10","景城名郡 近外国语 出行方便业主急售","62","6544","3室2厅","高楼层/共18层","南 北","平层/精装","94.75平米","板楼","景城名郡","南昌县","https://vrlab-image4.ljcdn.com/release/auto3dhd/79d2e5f6eef06d0c7991e4aa333f3dfe/screenshot/1655452145_0/pc0_chPdc7iZ6.jpg?imageMogr2/quality/70/thumbnail/1024x","https://nc.lianjia.com/ershoufang/103123277930.html"
"802","2024-10-29 12:21:20","此房满五年，业主诚心出售，随时看房","238","11165","5室2厅","中楼层/共6层","南 北","平层/精装","213.18平米","塔楼","紫金园东区","红谷滩","https://vrlab-image4.ljcdn.com/release/auto3dhd/af5a79211d189feb9617c4f41c73c1fe/screenshot/1626312017_0/pc0_S4Ve9PwkH.jpg?imageMogr2/quality/70/thumbnail/1024x","https://nc.lianjia.com/ershoufang/103105780734.html"
"803","2024-10-29 12:21:30","南昌西站旁 地铁精装3房 采光好 房东诚心出售","89","9914","3室2厅","中楼层/共22层","南","平层/简装","89.78平米","板塔结合","新力琥珀园一期","红谷滩","https://vrlab-image4.ljcdn.com/release/screenshot/auto3d-7o8RRTo2ua1UDjw5UeRvSX/aabf7090e2c54804bf4012404aef2567/1694676563_2/pc0_5UCixGG5G.jpg?imageMogr2/quality/70/thumbnail/1024x","https://nc.lianjia.com/ershoufang/103125238780.html"
"804","2024-10-29 12:21:41","小区环境好居住舒适采光充足户型方正","78","8765","3室2厅","中楼层/共34层","南","平层/精装","89平米","板楼","九颂山河时代城","南昌县","https://vrlab-image4.ljcdn.com/release/screenshot/auto3d-1Gr3eXr7Qe8hMsUtArqCfg/34c6dfd52dac371580e9b1dd043938e7/1720494325_3/pc0_AeghNGbbF.jpg?imageMogr2/quality/70/thumbnail/1024x","https://nc.lianjia.com/ershoufang/103134319331.html"
"805","2024-10-29 12:21:51","湖景三房   近地铁  烟火气息好   宜居理想家！！！","61","7461","3室1厅","中楼层/共19层","南","平层/其他","81.76平米","塔楼","伟梦清水湾","南昌县","https://vrlab-image4.ljcdn.com/release/screenshot/auto3d-uiv3IupmU1BpZUZyiGeKeL/0015f58b75ef4125c3f4b2f8e30fc62e/1727403579_2/pc0_RL1k7lHd2.jpg?imageMogr2/quality/70/thumbnail/1024x","https://nc.lianjia.com/ershoufang/103136233896.html"
"806","2024-10-29 12:22:01","联泰物业 小区中间两房 价格好采光好","118","13344","2室1厅","中楼层/共18层","南 北","平层/精装","88.43平米","板塔结合","联泰香域滨江","红谷滩","https://vrlab-image4.ljcdn.com/release/screenshot/auto3d-uhqNPYtrBRWJYXgFfoBecq/7d10d7195809274276f63d79f78d00ec/1727660626_0/pc0_KiDOvUH9D.jpg?imageMogr2/quality/70/thumbnail/1024x","https://nc.lianjia.com/ershoufang/103136179425.html"
"807","2024-10-29 12:22:11","联发江岸汇景中楼层大三房 房东诚心卖","205","14311","3室2厅","中楼层/共18层","南","平层/精装","143.25平米","板塔结合","联发江岸汇景","红谷滩","https://vrlab-image4.ljcdn.com/release/auto3dhd/b353515ea180f22c3329c6c6319e0ef4/screenshot/1625273967_0/pc0_jz8OJrhbV.jpg?imageMogr2/quality/70/thumbnail/1024x","https://nc.lianjia.com/ershoufang/103115843336.html"
"808","2024-10-29 12:22:22","户型端正，楼层好，配套齐全，交通生活便利","128","11038","3室2厅","低楼层/共28层","东 南","平层/毛坯","115.97平米","板楼","红谷新城","新建区","https://vrlab-image4.ljcdn.com/release/screenshot/auto3d-9Q10IxtA2MBV4rXuQ6pT-Q/5143f9ba17b2ac4caed035a0aadefc26/1698798539_3/pc0_ZHlqNYQh4.jpg?imageMogr2/quality/70/thumbnail/1024x","https://nc.lianjia.com/ershoufang/103129528686.html"
"809","2024-10-29 12:22:32","新城吾悦旁 交通方便 毛胚 楼层好","100","10152","3室2厅","高楼层/共39层","南","平层/毛坯","98.51平米","板楼","新城吾悦公馆","高新区","https://vrlab-image4.ljcdn.com/release/screenshot/auto3d-glzDOT3LtWGXewymtl63Ju/d2b93b68c8f05e36967d43f0258fbcca/1710560579_0/pc0_jQGqPTl0P.jpg?imageMogr2/quality/70/thumbnail/1024x","https://nc.lianjia.com/ershoufang/103131177892.html"
"810","2024-10-29 12:22:42","格局楼层好采光充足 视野宽阔 交通便利","135","12225","3室2厅","中楼层/共32层","南 北","平层/精装","110.43平米","板楼","新力东园","红谷滩","https://vrlab-image4.ljcdn.com/release/screenshot/auto3d-48fd0NfXQxaWjDRVCi-Y_y/dc8ae1b8380c811d501e524831c5731d/1720162696_0/pc0_2ZFXjmppW.jpg?imageMogr2/quality/70/thumbnail/1024x","https://nc.lianjia.com/ershoufang/103128518189.html"
"811","2024-10-29 12:22:52","电梯好楼层三房视野开阔近朝阳青云谱","55","5950","3室2厅","高楼层/共24层","南 北","平层/简装","92.44平米","板楼","丰源·淳和","南昌县","https://vrlab-image4.ljcdn.com/release/screenshot/auto3d-66woNB_yx-EhiYR698LBCo/dd65ae931071777c53e6b97f8ea5c2b0/1728443074_6/pc0_2dxAuEx0s.jpg?imageMogr2/quality/70/thumbnail/1024x","https://nc.lianjia.com/ershoufang/103136489006.html"
"812","2024-10-29 12:23:03","金  牌物业 南昌西站旁 双地铁口      品质小区","142","10453","4室2厅","中楼层/共7层","南 北","平层/毛坯","135.85平米","板楼","新力合园","红谷滩","https://vrlab-image4.ljcdn.com/release/auto3dhd/5f40a1f841de35dfb462377c19416132/screenshot/1671171230_3/pc0_wxPyO7hFo.jpg?imageMogr2/quality/70/thumbnail/1024x","https://nc.lianjia.com/ershoufang/103123339979.html"
"813","2024-10-29 12:23:13","新城吾悦旁 交通方便 毛胚 楼层好","100","10152","3室2厅","高楼层/共39层","南","平层/毛坯","98.51平米","板楼","新城吾悦公馆","高新区","https://vrlab-image4.ljcdn.com/release/screenshot/auto3d-glzDOT3LtWGXewymtl63Ju/d2b93b68c8f05e36967d43f0258fbcca/1710560579_0/pc0_jQGqPTl0P.jpg?imageMogr2/quality/70/thumbnail/1024x","https://nc.lianjia.com/ershoufang/103131177892.html"
"814","2024-10-29 12:23:23","格局楼层好采光充足 视野宽阔 交通便利","135","12225","3室2厅","中楼层/共32层","南 北","平层/精装","110.43平米","板楼","新力东园","红谷滩","https://vrlab-image4.ljcdn.com/release/screenshot/auto3d-48fd0NfXQxaWjDRVCi-Y_y/dc8ae1b8380c811d501e524831c5731d/1720162696_0/pc0_2ZFXjmppW.jpg?imageMogr2/quality/70/thumbnail/1024x","https://nc.lianjia.com/ershoufang/103128518189.html"
"815","2024-10-29 12:23:33","全新精装未入住通透小高层地理位置优越","155","13505","3室2厅","低楼层/共18层","南","平层/精装","114.78平米","板楼","恒泰花苑","西湖区","https://vrlab-image4.ljcdn.com/release/screenshot/auto3d-iES0zWt8cOxNxad8mYz4Eo/22fa85331549f59f23f9fb2bee47877d/1725524607_0/pc0_KwEMb4O2a.jpg?imageMogr2/quality/70/thumbnail/1024x","https://nc.lianjia.com/ershoufang/103135716400.html"
"816","2024-10-29 12:23:43","业主自住装修，全屋智能家居，年轻人都喜欢","80","10136","2室1厅","高楼层/共28层","南","平层/精装","78.93平米","板楼","绿地国际博览城二期博鸿","红谷滩","https://vrlab-image4.ljcdn.com/release/screenshot/auto3d-4-Tto5J2qj4qLCVdpje1it/e92c0eb43a14523e0d86b9e2554051ba/1716434861_2/pc0_yylFfWl1V.jpg?imageMogr2/quality/70/thumbnail/1024x","https://nc.lianjia.com/ershoufang/103134739237.html"
"817","2024-10-29 12:23:54","精装修的房子，装修后没怎么住过的房子","265","18566","3室2厅","中楼层/共16层","南 北","平层/精装","142.74平米","板楼","联泰香域中央B区","红谷滩","https://vrlab-image4.ljcdn.com/release/screenshot/auto3d-7CMsSSp2j7qqyZ4gATYVhM/09cba34bdde50f54ffa34f4d01196248/1725074250_3/pc0_cAdzpDw7R.jpg?imageMogr2/quality/70/thumbnail/1024x","https://nc.lianjia.com/ershoufang/103135546517.html"
"818","2024-10-29 12:24:04","居住主题公园小三房 出入好 精装修","51","5733","3室2厅","中楼层/共9层","南","平层/精装","88.96平米","板楼","居住主题公园-丁香怡景多层","南昌县","https://vrlab-image4.ljcdn.com/release/auto3dhd/2dd719900f30269fc1d939a7dcd37cce/screenshot/1690438503_0/pc0_HBjqf9pel.jpg?imageMogr2/quality/70/thumbnail/1024x","https://nc.lianjia.com/ershoufang/103127674771.html"
"819","2024-10-29 12:24:14","此户型端正，通透性好，交通便利，小区环境优美","16","2712","2室1厅","中楼层/共6层","南","平层/简装","59平米","暂无数据","南齿双","经开区","https://vrlab-image4.ljcdn.com/release/screenshot/auto3d-eNKq1KeO8dqC0UYCo1iDSe/b7d28a686a3895530e838a083407625c/1728287731_8/pc0_fRbGdaztc.jpg?imageMogr2/quality/70/thumbnail/1024x","https://nc.lianjia.com/ershoufang/103136441707.html"
"820","2024-10-29 12:24:24","精装修拎包入住 楼层好 视野开阔，拎包入住","210","19814","3室2厅","高楼层/共16层","南","平层/精装","105.99平米","板楼","联泰桥郡","红谷滩","https://vrlab-image4.ljcdn.com/release/screenshot/auto3d-uHHL9V_V6DzgcWDTmBUM9I/d46310f2724373e18543d8dc2a9042c5/1722656087_8/pc0_5h5GAdfK4.jpg?imageMogr2/quality/70/thumbnail/1024x","https://nc.lianjia.com/ershoufang/103134544925.html"
"821","2024-10-29 12:24:34","联泰物业 小区中间两房 价格好采光好","118","13344","2室1厅","中楼层/共18层","南 北","平层/精装","88.43平米","板塔结合","联泰香域滨江","红谷滩","https://vrlab-image4.ljcdn.com/release/screenshot/auto3d-uhqNPYtrBRWJYXgFfoBecq/7d10d7195809274276f63d79f78d00ec/1727660626_0/pc0_KiDOvUH9D.jpg?imageMogr2/quality/70/thumbnail/1024x","https://nc.lianjia.com/ershoufang/103136179425.html"
"822","2024-10-29 12:24:44","联发江岸汇景中楼层大三房 房东诚心卖","205","14311","3室2厅","中楼层/共18层","南","平层/精装","143.25平米","板塔结合","联发江岸汇景","红谷滩","https://vrlab-image4.ljcdn.com/release/auto3dhd/b353515ea180f22c3329c6c6319e0ef4/screenshot/1625273967_0/pc0_jz8OJrhbV.jpg?imageMogr2/quality/70/thumbnail/1024x","https://nc.lianjia.com/ershoufang/103115843336.html"
"823","2024-10-29 12:24:54","世纪中央城一期好房出售、房东诚心卖","210","18193","3室2厅","低楼层/共33层","南 北","平层/简装","115.43平米","板塔结合","世纪中央城一期","红谷滩","https://vrlab-image4.ljcdn.com/release/screenshot/auto3d-IcOnW03dB-L5NXQiP2JZL2/4b00e99ca4f7d96793816660865315ab/1721957180_0/pc0_rmmc8njls.jpg?imageMogr2/quality/70/thumbnail/1024x","https://nc.lianjia.com/ershoufang/103134825268.html"
"824","2024-10-29 12:25:04","近地铁口 出入方便 精装修可直接入住","47","5267","3室2厅","高楼层/共6层","南 北","平层/简装","89.25平米","塔楼","康城（三期）","南昌县","https://vrlab-image4.ljcdn.com/release/auto3dhd/684d8ca375008360df41725ed5517378/screenshot/1684199352_9/pc0_n1mcpNG0w.jpg?imageMogr2/quality/70/thumbnail/1024x","https://nc.lianjia.com/ershoufang/103125830847.html"
"825","2024-10-29 12:25:15","象湖源 新出好房 急售 看房随时 差不多就卖","95","6517","3室2厅","中楼层/共9层","南","平层/毛坯","145.78平米","暂无数据","象湖园社区","青云谱区","https://vrlab-image4.ljcdn.com/release/screenshot/auto3d-6JIRzYyP5BrEEZgCcTYy6a/a93bcb57029702bf34d0b49ab68a6a87/1721539166_1/pc0_lTK60bl9I.jpg?imageMogr2/quality/70/thumbnail/1024x","https://nc.lianjia.com/ershoufang/103134611018.html"
"826","2024-10-29 12:25:25","地铁口，品质小区，新力物业，通透大三房，自住装修","95","8467","3室1厅","中楼层/共33层","南","平层/简装","112.21平米","板楼","新力象湖湾","南昌县","https://vrlab-image4.ljcdn.com/release/screenshot/auto3d-HP2fv4BS37GpAa875BGrVo/8083546a5ed3f20f5304b8a950c6a15f/1727487583_13/pc0_v5EoWQnQY.jpg?imageMogr2/quality/70/thumbnail/1024x","https://nc.lianjia.com/ershoufang/103136264154.html"
"827","2024-10-29 12:25:35","万科金域国际采光充足户型端正价格美丽","89","10114","3室2厅","中楼层/共34层","南 北","平层/精装","88平米","板楼","万科金域国际","经开区","https://vrlab-image4.ljcdn.com/release/screenshot/auto3d-lL0aAiYpRNh0hw9GxsxqIU/9af69b817aea732faece9e8deef7a257/1717842220_2/pc0_zKsp7ERfd.jpg?imageMogr2/quality/70/thumbnail/1024x","https://nc.lianjia.com/ershoufang/103133156895.html"
"828","2024-10-29 12:25:45","看房随时，房东诚心出售，首付10万","62","7354","3室1厅","中楼层/共7层","南 北","平层/精装","84.31平米","暂无数据","岔道口西路","西湖区","https://vrlab-image4.ljcdn.com/release/screenshot/auto3d-mgBBZv7LA-2HcT9UFTDcPs/96e4c47369200aa1affec4fba0ca4f56/1729739568_0/pc0_bA5KgqB2J.jpg?imageMogr2/quality/70/thumbnail/1024x","https://nc.lianjia.com/ershoufang/103136875336.html"
"829","2024-10-29 12:25:55","景城名郡 近外国语 出行方便业主急售","62","6544","3室2厅","高楼层/共18层","南 北","平层/精装","94.75平米","板楼","景城名郡","南昌县","https://vrlab-image4.ljcdn.com/release/auto3dhd/79d2e5f6eef06d0c7991e4aa333f3dfe/screenshot/1655452145_0/pc0_chPdc7iZ6.jpg?imageMogr2/quality/70/thumbnail/1024x","https://nc.lianjia.com/ershoufang/103123277930.html"
"830","2024-10-29 12:26:06","汇仁阳光小区采光好 环境优美 交通便利 方便出行","58","6512","3室2厅","低楼层/共26层","南 北","平层/精装","89.08平米","板楼","汇仁阳光花园北区","南昌县","https://vrlab-image4.ljcdn.com/release/screenshot/auto3d-uv_bgz845KAorY85PUa_3K/f3ecdc405298a54d5de55a03015e1d0a/1722670392_0/pc0_PQ29LBLeC.jpg?imageMogr2/quality/70/thumbnail/1024x","https://nc.lianjia.com/ershoufang/103134894983.html"
"831","2024-10-29 12:26:16","生活交通配套成熟  总价低 带大露台","42","4667","3室2厅","中楼层/共6层","南","平层/毛坯","90平米","板楼","银河城水悦湾一区","南昌县","https://vrlab-image4.ljcdn.com/release/screenshot/auto3d-C3hrwx0ReRzG_ck9uFzWA3/b351706b1ba231ee276ad6d5b9506e06/1701826594_0/pc0_tS1jBWcci.jpg?imageMogr2/quality/70/thumbnail/1024x","https://nc.lianjia.com/ershoufang/103136745435.html"
"832","2024-10-29 12:26:26","电梯好楼层三房视野开阔近朝阳青云谱","55","5950","3室2厅","高楼层/共24层","南 北","平层/简装","92.44平米","板楼","丰源·淳和","南昌县","https://vrlab-image4.ljcdn.com/release/screenshot/auto3d-66woNB_yx-EhiYR698LBCo/dd65ae931071777c53e6b97f8ea5c2b0/1728443074_6/pc0_2dxAuEx0s.jpg?imageMogr2/quality/70/thumbnail/1024x","https://nc.lianjia.com/ershoufang/103136489006.html"
"833","2024-10-29 12:26:36","地铁大厦旁南北通三房，小区中间位置不靠路！东端户","230","19223","3室2厅","中楼层/共31层","南","平层/其他","119.65平米","板楼","世纪中央城二期","红谷滩","https://vrlab-image4.ljcdn.com/release/screenshot/auto3d-hU-QhNs61spmNZVIcyJAeh/19b73d94f26cc6201c4e3e71618c1ba9/1726794475_0/pc0_Sv6hwchPV.jpg?imageMogr2/quality/70/thumbnail/1024x","https://nc.lianjia.com/ershoufang/103135900999.html"
"834","2024-10-29 12:26:46","祝家巷二房 近地铁3号线墩子塘 二号线阳明公园","43","6533","2室1厅","低楼层/共8层","南","平层/简装","65.82平米","暂无数据","祝家巷","东湖区","https://vrlab-image4.ljcdn.com/release/screenshot/auto3d-apPUFyyzSdrQUtM9LXAUPO/cdd7eb733947aa541698735589fc80d6/1729150919_0/pc0_mljQjY99J.jpg?imageMogr2/quality/70/thumbnail/1024x","https://nc.lianjia.com/ershoufang/103136682424.html"
"835","2024-10-29 12:26:48","绿苑小区(湾里区)户型端正，通透格局，业主诚心出售","46","2993","4室2厅","高楼层/共8层","南 北","复式/精装","153.74平米","板楼","绿苑小区(湾里区)","湾里区","https://vrlab-image4.ljcdn.com/release/auto3dhd/c5e5ab979126a37055a08b7b38ee3589/screenshot/1679906504_0/pc0_Don2LLVF5.jpg?imageMogr2/quality/70/thumbnail/1024x","https://nc.lianjia.com/ershoufang/103125189363.html"
"836","2024-10-29 12:26:49","满五唯一，精装房拎包入住。配套齐全，近地铁近教育","170","15206","4室2厅","低楼层/共11层","南","平层/其他","111.8平米","板楼","华润凯旋门","红谷滩","https://vrlab-image4.ljcdn.com/release/screenshot/auto3d-Gkh2yRWoHD6njDuYDsNIOG/7e2ea492febd4e92361773ab1fee8dfa/1729302437_0/pc0_Fftwgq52Q.jpg?imageMogr2/quality/70/thumbnail/1024x","https://nc.lianjia.com/ershoufang/103136645757.html"
"837","2024-10-29 12:26:51","户型端正 正常出售 龙居物业 还在卖的","128","10807","3室2厅","中楼层/共17层","南 北","平层/精装","118.45平米","板楼","龙居东郡","青山湖区","https://vrlab-image4.ljcdn.com/release/screenshot/auto3d-gmj4zDhh5pNW2za251PVXz/fae0efd0786c3c3dacc34845cd958f8f/1723944644_3/pc0_bIeoqKKTD.jpg?imageMogr2/quality/70/thumbnail/1024x","https://nc.lianjia.com/ershoufang/103135274621.html"
"838","2024-10-29 12:26:55","近旭辉商场精装三房，全屋柜子已打。视野开阔阳光全天","72","7798","3室2厅","中楼层/共33层","南 北","平层/精装","92.34平米","板塔结合","金科集美阳光","经开区","https://vrlab-image4.ljcdn.com/release/screenshot/auto3d-OXJxqNF-OAAOEvVTVjxn3m/4553fd0dd3d44532056d72bccce49100/1702103927_9/pc0_AJ1ka8Jjo.jpg?imageMogr2/quality/70/thumbnail/1024x","https://nc.lianjia.com/ershoufang/103129997083.html"
"839","2024-10-29 12:27:00","户型方正，通透三房，楼层好，拎包入住","35","4717","3室2厅","中楼层/共7层","南","平层/简装","74.2平米","暂无数据","青山北路","东湖区","https://vrlab-image4.ljcdn.com/release/screenshot/auto3d-oi4Z0K4TYn2ShdQhKfqHuM/2e50e14046495d3dc609e5fede64cfef/1723701323_4/pc0_SujsOXA11.jpg?imageMogr2/quality/70/thumbnail/1024x","https://nc.lianjia.com/ershoufang/103135200384.html"
"840","2024-10-29 12:27:03","视野好，采光足，小区配套好，交通便利","210","15128","3室2厅","高楼层/共18层","南","平层/精装","138.82平米","板塔结合","商城世纪村","红谷滩","https://vrlab-image4.ljcdn.com/release/screenshot/auto3d-Y1eoUCGgWWHd386b52I8cj/8b876df608752b217536501001da1792/1724310043_0/pc0_Wr6nJNRJ4.jpg?imageMogr2/quality/70/thumbnail/1024x","https://nc.lianjia.com/ershoufang/103135422863.html"
"841","2024-10-29 12:28:31","南天金源 旭辉商场旁  自住 诚心出售","96","12337","3室2厅","高楼层/共33层","南","平层/其他","77.82平米","板楼","南天金源","经开区","https://vrlab-image4.ljcdn.com/release/screenshot/auto3d-5LXpu_Cwv_t2ZfvUPFFbax/cc6179468412c36605974d379bb9a8da/1725946877_0/pc0_3nEKAphMF.jpg?imageMogr2/quality/70/thumbnail/1024x","https://nc.lianjia.com/ershoufang/103135902260.html"
"842","2024-10-29 12:28:41","金沙二路与芳草路交叉口，精装修，花园洋房二楼","68.6","7771","3室1厅","低楼层/共6层","南","平层/精装","88.28平米","板楼","保集半岛一期","南昌县","https://vrlab-image4.ljcdn.com/release/screenshot/auto3d-1FeA4nSFf4u-M5xWg3BUd4/67317d490e82a3c36a004110533634ff/1714717161_2/pc0_uKiInQRNv.jpg?imageMogr2/quality/70/thumbnail/1024x","https://nc.lianjia.com/ershoufang/103136927567.html"
"843","2024-10-29 12:28:51","楼层好，户型好，主卧带套间，诚心出售","243","13955","4室2厅","中楼层/共32层","南","平层/毛坯","174.14平米","板楼","九龙湖花园一区","红谷滩","https://vrlab-image4.ljcdn.com/release/screenshot/auto3d-IRFTNAYqGzdl-n-N_n41pT/63a09a9384220731b59ac7d81768c771/1705043356_2/pc0_VgrkiIYG9.jpg?imageMogr2/quality/70/thumbnail/1024x","https://nc.lianjia.com/ershoufang/103125069205.html"
"844","2024-10-29 12:29:01","业主自住装修通透大三房业主自住诚心出售阳光充足","199","15107","3室2厅","高楼层/共6层","南 北","平层/精装","131.73平米","板楼","红谷世纪花园B区","红谷滩","https://vrlab-image4.ljcdn.com/release/screenshot/auto3d-dxDTA0Tu3-23jA3q-6U-74/15d00e88e31ad72be58ca844553bba12/1723277762_4/pc0_P33Gwz9rL.jpg?imageMogr2/quality/70/thumbnail/1024x","https://nc.lianjia.com/ershoufang/103134841302.html"
"845","2024-10-29 12:29:12","户型端正，楼层好，配套齐全，交通生活便利","128","11038","3室2厅","低楼层/共28层","东 南","平层/毛坯","115.97平米","板楼","红谷新城","新建区","https://vrlab-image4.ljcdn.com/release/screenshot/auto3d-9Q10IxtA2MBV4rXuQ6pT-Q/5143f9ba17b2ac4caed035a0aadefc26/1698798539_3/pc0_ZHlqNYQh4.jpg?imageMogr2/quality/70/thumbnail/1024x","https://nc.lianjia.com/ershoufang/103129528686.html"
"846","2024-10-29 12:29:22","急售 近红谷滩 英伦联邦带阳光房 阳光好","82","8996","3室2厅","高楼层/共33层","南","平层/精装","91.16平米","塔楼","洪客隆英伦联邦","经开区","https://vrlab-image4.ljcdn.com/release/screenshot/auto3d-xJ_7pqRxf3QgabvFI4-8eV/de0088a97d2f9ef30b57a8f0426113f0/1723796089_13/pc0_Zx6koo9VZ.jpg?imageMogr2/quality/70/thumbnail/1024x","https://nc.lianjia.com/ershoufang/103135310574.html"
"847","2024-10-29 12:29:32","地铁口小高层  端户 价格便宜自住yyds","51","4445","3室2厅","中楼层/共18层","南 北","平层/毛坯","114.76平米","板楼","九溪嘉园一区","红谷滩","https://vrlab-image4.ljcdn.com/release/screenshot/auto3d-AOVCvx44E-ZvnjrPO-M7Qj/226eeeadb14cb85933c888c6908b4ba3/1715060655_0/pc0_zEAg1M8oP.jpg?imageMogr2/quality/70/thumbnail/1024x","https://nc.lianjia.com/ershoufang/103132358939.html"
"848","2024-10-29 12:29:42","精装三房，凤凰楼层，拎包入住，诚心出售","215","22191","3室2厅","高楼层/共33层","南","平层/精装","96.89平米","板楼","莱蒙都会南区","红谷滩","https://vrlab-image4.ljcdn.com/release/auto3dhd/10ebfcf6096eb2e06fc8e95b373eb179/screenshot/1691546928_3/pc0_w1gs26Hc8.jpg?imageMogr2/quality/70/thumbnail/1024x","https://nc.lianjia.com/ershoufang/103127885183.html"
"849","2024-10-29 12:29:53","房子满五，正规通透三房，采光视野好","75","8940","3室2厅","中楼层/共10层","南 北","平层/简装","83.9平米","板楼","天使水榭尚都","青山湖区","https://vrlab-image4.ljcdn.com/release/auto3dhd/dd2d635982599c5d5d22539045fea118/screenshot/1677031329_0/pc0_XeW24xsKG.jpg?imageMogr2/quality/70/thumbnail/1024x","https://nc.lianjia.com/ershoufang/103124263594.html"
"850","2024-10-29 12:30:03","小区环境好，配套齐全，交通便利，三公园，近地铁。","186","16841","3室2厅","中楼层/共24层","南","平层/精装","110.45平米","塔楼","万科海上传奇","高新区","https://vrlab-image4.ljcdn.com/release/screenshot/auto3d-NEDjwO1fhVlIEtCyIVwwwv/9967712811a8a434f653e057cdd6138a/1719974800_0/pc0_RM4JCdZKP.jpg?imageMogr2/quality/70/thumbnail/1024x","https://nc.lianjia.com/ershoufang/103131435662.html"
"851","2024-10-29 12:30:13","此房视野无遮挡商场旁地铁口配套齐全 有车位","105","10659","3室2厅","高楼层/共39层","南 北","平层/精装","98.51平米","板楼","新城吾悦公馆","高新区","https://vrlab-image4.ljcdn.com/release/screenshot/auto3d-FLjrVHiK0Cv7RpH9bY3_0d/a3bc1618f1220c188d2e18fb308f5bfc/1702779452_0/pc0_E3MS03TJZ.jpg?imageMogr2/quality/70/thumbnail/1024x","https://nc.lianjia.com/ershoufang/103130320141.html"
"852","2024-10-29 12:30:23","地铁口小高层  端户 价格便宜自住yyds","51","4445","3室2厅","中楼层/共18层","南 北","平层/毛坯","114.76平米","板楼","九溪嘉园一区","红谷滩","https://vrlab-image4.ljcdn.com/release/screenshot/auto3d-AOVCvx44E-ZvnjrPO-M7Qj/226eeeadb14cb85933c888c6908b4ba3/1715060655_0/pc0_zEAg1M8oP.jpg?imageMogr2/quality/70/thumbnail/1024x","https://nc.lianjia.com/ershoufang/103132358939.html"
"853","2024-10-29 12:30:33","户型端正，楼层好，配套齐全，交通生活便利","128","11038","3室2厅","低楼层/共28层","东 南","平层/毛坯","115.97平米","板楼","红谷新城","新建区","https://vrlab-image4.ljcdn.com/release/screenshot/auto3d-9Q10IxtA2MBV4rXuQ6pT-Q/5143f9ba17b2ac4caed035a0aadefc26/1698798539_3/pc0_ZHlqNYQh4.jpg?imageMogr2/quality/70/thumbnail/1024x","https://nc.lianjia.com/ershoufang/103129528686.html"
"854","2024-10-29 12:30:43","急售 近红谷滩 英伦联邦带阳光房 阳光好","82","8996","3室2厅","高楼层/共33层","南","平层/精装","91.16平米","塔楼","洪客隆英伦联邦","经开区","https://vrlab-image4.ljcdn.com/release/screenshot/auto3d-xJ_7pqRxf3QgabvFI4-8eV/de0088a97d2f9ef30b57a8f0426113f0/1723796089_13/pc0_Zx6koo9VZ.jpg?imageMogr2/quality/70/thumbnail/1024x","https://nc.lianjia.com/ershoufang/103135310574.html"
"855","2024-10-29 12:30:54","一期低密度洋房社区   自住品质装修  前后露台","265","18885","4室2厅","中楼层/共6层","南","平层/精装","140.33平米","板楼","绿地国际博览城一期藏珑","红谷滩","https://vrlab-image4.ljcdn.com/release/screenshot/auto3d-V6L4n1UDHsswNAACNPw7cF/2ef2f5844f1930dc6bcc725b044fb7d9/1723253759_0/pc0_YrmFVEijK.jpg?imageMogr2/quality/70/thumbnail/1024x","https://nc.lianjia.com/ershoufang/103135014931.html"
"856","2024-10-29 12:31:04","可以洋房何必高层，通透三房两卫得房率高达90%","93","8018","3室2厅","中楼层/共11层","南","平层/毛坯","116平米","板楼","银亿上尚城南区","南昌县","https://vrlab-image4.ljcdn.com/release/auto3dhd/62a33f97b5d8866a703c457bb40aa7ec/screenshot/1686723543_0/pc0_4CZkQXSqm.jpg?imageMogr2/quality/70/thumbnail/1024x","https://nc.lianjia.com/ershoufang/103125821428.html"
"857","2024-10-29 12:31:14","龙湾豪景 户型端正 精装修 小区交通方便","68","7775","3室1厅","高楼层/共24层","南","平层/精装","87.47平米","平房","龙湾豪景","新建区","https://vrlab-image4.ljcdn.com/release/screenshot/auto3d-nzecYDRG0Q2lvX_GuvxLQ2/72842f25afbb0e4052533d5265f7de3f/1722479625_6/pc0_ZXUdO9u5c.jpg?imageMogr2/quality/70/thumbnail/1024x","https://nc.lianjia.com/ershoufang/103134844191.html"
"858","2024-10-29 12:31:25","此小区地处红角洲区域，步行500米到地铁二号","266","17592","4室2厅","高楼层/共10层","南 北","平层/精装","151.21平米","板楼","新里梵顿公馆凡尔赛区","红谷滩","https://vrlab-image4.ljcdn.com/release/screenshot/auto3d-tTM6De2oG-nxfCut6LEoXx/4b06ef0fff008ff3ea3d13a603481948/1725678581_0/pc0_56cosZz2B.jpg?imageMogr2/quality/70/thumbnail/1024x","https://nc.lianjia.com/ershoufang/103135849440.html"
"859","2024-10-29 12:31:35","万科金色名郡 1室1厅 西","17","4343","1室1厅","中楼层/共5层","西","平层/精装","39.15平米","平房","万科金色名郡","青山湖区","https://vrlab-image4.ljcdn.com/release/auto3dhd/3124853a0546d68c3d620ba169f19631/screenshot/1614745774_0/pc0_rs8iGDNJs.jpg?imageMogr2/quality/70/thumbnail/1024x","https://nc.lianjia.com/ershoufang/103136480477.html"
"860","2024-10-29 12:31:45","电梯花园洋房.业主定居广州考虑置换.诚心出售","101","9902","4室1厅","高楼层/共6层","南","平层/毛坯","102平米","板楼","新力金沙湾","南昌县","https://vrlab-image4.ljcdn.com/release/auto3dhd/a58cd26d08e7937fe3b416803cda556a/screenshot/1692777882_3/pc0_JJgx0FLtn.jpg?imageMogr2/quality/70/thumbnail/1024x","https://nc.lianjia.com/ershoufang/103128188292.html"
"861","2024-10-29 12:31:56","业主急售二加一户型 配套齐全 生活出行便利","82","8907","3室2厅","中楼层/共33层","南","平层/简装","92.07平米","板楼","联发君悦湖","高新区","https://vrlab-image4.ljcdn.com/release/auto3dhd/7958c7f32bd9348aa8b89073afe107a1/screenshot/1686382299_0/pc0_WuCRXsflj.jpg?imageMogr2/quality/70/thumbnail/1024x","https://nc.lianjia.com/ershoufang/103126546468.html"
"862","2024-10-29 12:32:06","绿地国际博览城一期御珑楼层好视野开阔业主诚心出售","170","13629","3室2厅","中楼层/共6层","南 北","平层/毛坯","124.74平米","塔楼","绿地国际博览城一期御珑","红谷滩","https://vrlab-image4.ljcdn.com/release/auto3dhd/eeafe2ad372a1046bc8215a8247f9883/screenshot/1636877319_0/pc0_KVWvHUbGm.jpg?imageMogr2/quality/70/thumbnail/1024x","https://nc.lianjia.com/ershoufang/103118062288.html"
"863","2024-10-29 12:32:16","万达星城西区中上楼层2房，采光好，出入方便","110","13318","2室2厅","中楼层/共18层","南","平层/精装","82.6平米","板塔结合","万达星城西区","红谷滩","https://vrlab-image4.ljcdn.com/release/screenshot/auto3d-RxPuJxIfK-jIUZvavzx6La/6c18a5f328c3fee7264dd3868d47d675/1720335977_4/pc0_7wDOOlNho.jpg?imageMogr2/quality/70/thumbnail/1024x","https://nc.lianjia.com/ershoufang/103133924105.html"
"864","2024-10-29 12:32:27","吾悦广场次新品质小区，环境好，居住舒适，出行方便","103","8513","3室2厅","低楼层/共33层","南","平层/精装","121平米","板楼","天兴翰林苑","新建区","https://vrlab-image4.ljcdn.com/release/screenshot/auto3d-maHGmkBYUWw8v5rYK2czAj/5b240bad27c082b77fd4ffcb78547afb/1727232486_1/pc0_9T07B4qXc.jpg?imageMogr2/quality/70/thumbnail/1024x","https://nc.lianjia.com/ershoufang/103136196845.html"
"865","2024-10-29 12:32:37","胜利路电梯房，2房朝南，地铁口百米，视野开阔，精装","38.6","8477","2室1厅","中楼层/共20层","南","平层/精装","45.54平米","板楼","胜利名座","东湖区","https://vrlab-image4.ljcdn.com/release/screenshot/auto3d-yDUODiFLwTndBOCTnr-UG3/eee988740fcb2fee388090b176db886f/1715680655_3/pc0_Yh5Jp6ub4.jpg?imageMogr2/quality/70/thumbnail/1024x","https://nc.lianjia.com/ershoufang/103133136829.html"
"866","2024-10-29 12:32:47","绿地新都会 3室2厅 南","115","10783","3室2厅","中楼层/共32层","南","平层/精装","106.65平米","板楼","绿地新都会","高新区","https://vrlab-image4.ljcdn.com/release/auto3dhd/cf907a0d5433ddca3cb1c96f5950b37b/screenshot/1686707398_0/pc0_qZ8LUBFTW.jpg?imageMogr2/quality/70/thumbnail/1024x","https://nc.lianjia.com/ershoufang/103133849482.html"
"867","2024-10-29 12:32:58","复兴大桥桥头堡，配套成熟，价格美丽","70","6228","3室2厅","低楼层/共25层","南","平层/毛坯","112.41平米","板楼","银城江畔","南昌县","https://vrlab-image4.ljcdn.com/release/screenshot/auto3d-Q3YZ1vs-HLYPGoCz8OsRHO/2882e7195afcb326c916a46ff9145454/1722158184_8/pc0_Thkqy2gnj.jpg?imageMogr2/quality/70/thumbnail/1024x","https://nc.lianjia.com/ershoufang/103134846604.html"
"868","2024-10-29 12:33:08","绿地国博二期 云玺洋房 豪自住装修拎包入住","173","14573","3室2厅","高楼层/共11层","南 北","复式/精装","118.72平米","板楼","绿地国际博览城二期云玺","红谷滩","https://vrlab-image4.ljcdn.com/release/auto3dhd/56dfff33e05e51cf96f4d3fbd843ef6b/screenshot/1645753784_4/pc0_Fs1j2EMUY.jpg?imageMogr2/quality/70/thumbnail/1024x","https://nc.lianjia.com/ershoufang/103119217889.html"
"869","2024-10-29 12:33:18","地铁3号线，高品质毛坯大三房，无贷款","62","4653","3室2厅","高楼层/共17层","南","平层/毛坯","133.26平米","塔楼","天伦华庭","南昌县","https://vrlab-image4.ljcdn.com/release/auto3dhd/4c2404d9ff26f1eafde2d9db0812cd19/screenshot/1624157495_0/pc0_EXKHOnNie.jpg?imageMogr2/quality/70/thumbnail/1024x","https://nc.lianjia.com/ershoufang/103115049725.html"
"870","2024-10-29 12:33:29","经开正荣府 4室2厅 南","140","11865","4室2厅","高楼层/共9层","南","平层/精装","118平米","板楼","经开正荣府","经开区","https://vrlab-image4.ljcdn.com/release/screenshot/auto3d-ajFvAuZvNiHODOMvobddBs/bcefe0bc3db12143932b778dc7033cbd/1724312444_16/pc0_qXNdH34Fq.jpg?imageMogr2/quality/70/thumbnail/1024x","https://nc.lianjia.com/ershoufang/103135396006.html"
"871","2024-10-29 12:33:39","业主诚心卖 小区便宜的三房 通透户型 价格可商量","118","10398","3室2厅","高楼层/共11层","南","平层/简装","113.49平米","暂无数据","景河星宫","青山湖区","https://vrlab-image4.ljcdn.com/release/auto3dhd/9fec89d08c9638cfa2acfc6740a9b9ca/screenshot/1689039704_3/pc0_8PjKuIPjC.jpg?imageMogr2/quality/70/thumbnail/1024x","https://nc.lianjia.com/ershoufang/103127330394.html"
"872","2024-10-29 12:33:49","保集半岛一套毛坯房，价格美丽，优质房源","55","6180","3室2厅","高楼层/共6层","南 北","平层/毛坯","89.01平米","板楼","保集半岛一期","南昌县","https://vrlab-image4.ljcdn.com/release/auto3dhd/68aecde9cb577ad2dac8dfa3d4926c7d/screenshot/1678868767_0/pc0_lLN5zMDHu.jpg?imageMogr2/quality/70/thumbnail/1024x","https://nc.lianjia.com/ershoufang/103109101983.html"
"873","2024-10-29 12:33:59","空中50平方花园露台 使用面积大 毛坯复式楼随心装修","80","4613","4室2厅","高楼层/共6层","南","复式/毛坯","173.43平米","板楼","居住主题公园-牡丹香园","南昌县","https://vrlab-image4.ljcdn.com/release/auto3dhd/b02ac517668e45e46a8cc36548e5bd6f/screenshot/1682663647_2/pc0_hf62ghGc5.jpg?imageMogr2/quality/70/thumbnail/1024x","https://nc.lianjia.com/ershoufang/103125900972.html"
"874","2024-10-29 12:34:10","品质小区， 视野好，楼层好，绿化高，得房率高，采光","130","14376","2室2厅","中楼层/共21层","南 北","平层/精装","90.43平米","板楼","新里梵顿公馆香榭丽舍区","红谷滩","https://vrlab-image4.ljcdn.com/release/auto3dhd/5b5f17ddeed1bd82a03b563d92dac3a1/screenshot/1670035540_1/pc0_5j4FFawF6.jpg?imageMogr2/quality/70/thumbnail/1024x","https://nc.lianjia.com/ershoufang/103122970158.html"
"875","2024-10-29 12:34:20","房东诚心想卖.地铁1号线地铁口，精装通透三房两卫","109","10099","3室2厅","中楼层/共32层","南","平层/精装","107.94平米","板楼","绿地新都会","高新区","https://vrlab-image4.ljcdn.com/release/auto3dhd/beeb8844380546be3aa3b248efcb423f/screenshot/1675497307_0/pc0_LiHRIFFdH.jpg?imageMogr2/quality/70/thumbnail/1024x","https://nc.lianjia.com/ershoufang/103132846269.html"
"876","2024-10-29 12:34:30","恒茂品质小区，物业管理严谨，精装交付","65","5860","3室2厅","低楼层/共18层","南 北","平层/精装","110.94平米","暂无数据","恒茂未来都会一期","湾里区","https://vrlab-image4.ljcdn.com/release/auto3dhd/9b6afe6764db5c5acf77647143dd733d/screenshot/1656225904_3/pc0_hyIy10Chu.jpg?imageMogr2/quality/70/thumbnail/1024x","https://nc.lianjia.com/ershoufang/103121042428.html"
"877","2024-10-29 12:34:40","一楼花园洋房 东边户 院子200多平 前后无挡","115","7468","4室2厅","低楼层/共5层","南 北","平层/精装","154平米","板楼","丰源·淳和","南昌县","https://vrlab-image4.ljcdn.com/release/screenshot/auto3d-bTzTPoImhJEMbcdj8i4jca/9d4ecbd34e95e1fa8f556336ae18be6c/1701139900_18/pc0_VMoJ86mXP.jpg?imageMogr2/quality/70/thumbnail/1024x","https://nc.lianjia.com/ershoufang/103129915822.html"
"878","2024-10-29 12:34:50","大三房 采光好 户型端正中高楼层  房东诚心出售","215","14905","3室2厅","高楼层/共23层","南 北","平层/精装","144.25平米","板塔结合","联发江岸汇景","红谷滩","https://vrlab-image4.ljcdn.com/release/screenshot/auto3d-ymucIK-3za1qbMm5GSWvNG/de646d01b74d536f1e5108911877a624/1695352113_0/pc0_x2vF2Li2X.jpg?imageMogr2/quality/70/thumbnail/1024x","https://nc.lianjia.com/ershoufang/103126850192.html"
"879","2024-10-29 12:35:01","万科精装三房，全屋品牌，楼层好，出行便捷","79","8966","3室2厅","低楼层/共34层","南","平层/精装","88.12平米","板楼","万科金域国际","经开区","https://vrlab-image4.ljcdn.com/release/screenshot/auto3d-qF098nBHoSi715S2nFsJAT/738f4f0860039f280742188be29dbea1/1723887967_10/pc0_oDfbfFBWJ.jpg?imageMogr2/quality/70/thumbnail/1024x","https://nc.lianjia.com/ershoufang/103135310903.html"
"880","2024-10-29 12:35:11","一楼带好大的院子零空摊的房子住起来舒服出入方便","120","10506","3室2厅","低楼层/共6层","南","平层/精装","114.23平米","板楼","力高国际城三期","南昌县","https://vrlab-image4.ljcdn.com/release/screenshot/auto3d-onA9cbo1iMUY6ky2lXR0AB/bcbe55cdec71b1504a16d8dfeb1cc3e0/1728635158_14/pc0_jC3zh5yJm.jpg?imageMogr2/quality/70/thumbnail/1024x","https://nc.lianjia.com/ershoufang/103135268166.html"
"881","2024-10-29 12:35:21","香榭二期 地铁口 品质新小区 精装中高楼层","156","16339","3室2厅","中楼层/共30层","南","平层/精装","95.48平米","板塔结合","中央香榭","红谷滩","https://vrlab-image4.ljcdn.com/release/auto3dhd/d4d86c975d70aa03ecf0841de565e043/screenshot/1683349961_9/pc0_ROK4c9ETk.jpg?imageMogr2/quality/70/thumbnail/1024x","https://nc.lianjia.com/ershoufang/103125808691.html"
"882","2024-10-29 12:35:32","全天日照 楼层好，采光好，小区环境优美","68","5231","3室1厅","高楼层/共17层","南 北","平层/精装","130平米","板楼","润碧康城","经开区","https://vrlab-image4.ljcdn.com/release/screenshot/auto3d-xsR3JIlUbqMPzh3PHiqtBH/076501315fb0b1b52b96b533b28587b3/1723693480_0/pc0_wwDOJyAtV.jpg?imageMogr2/quality/70/thumbnail/1024x","https://nc.lianjia.com/ershoufang/103133526757.html"
"883","2024-10-29 12:35:43","青岚苑  毛坯四房 出门就是地铁口 长申购物广场","135","9227","4室2厅","高楼层/共34层","南","平层/毛坯","146.31平米","板楼","青岚苑","东湖区","https://vrlab-image4.ljcdn.com/release/screenshot/auto3d-okDNG40em8gUg1IF-t42L5/34b3e329bded6c4f1563af35125fd0a1/1714106624_4/pc0_oHbWCQPEr.jpg?imageMogr2/quality/70/thumbnail/1024x","https://nc.lianjia.com/ershoufang/103132637066.html"
"884","2024-10-29 12:35:53","江西省人民政府大院 人民公园 旁边  交通便利","100","11824","2室2厅","中楼层/共5层","南 北","平层/精装","84.58平米","板楼","江西省人民政府大院","东湖区","https://vrlab-image4.ljcdn.com/release/screenshot/auto3d-ioypSsCEdUT_ap-EC-FHUb/384168b132b67c3cef98896e624e3db3/1724133134_12/pc0_5FrtSRZLD.jpg?imageMogr2/quality/70/thumbnail/1024x","https://nc.lianjia.com/ershoufang/103135370682.html"
"885","2024-10-29 12:36:03","精装三房，业主急卖，好楼层，全天太阳","63","6503","3室1厅","中楼层/共31层","南","平层/精装","96.89平米","塔楼","万达首府L2区","红谷滩","https://vrlab-image4.ljcdn.com/release/screenshot/auto3d-8Cw2IRlryMrIcup1tOJPRP/f8bdc5d9e02349c1af2876b1b85fddae/1715827251_0/pc0_rPvVbnzyo.jpg?imageMogr2/quality/70/thumbnail/1024x","https://nc.lianjia.com/ershoufang/103132642289.html"
"886","2024-10-29 12:36:14","一期低密度洋房社区   自住品质装修  前后露台","265","18885","4室2厅","中楼层/共6层","南","平层/精装","140.33平米","板楼","绿地国际博览城一期藏珑","红谷滩","https://vrlab-image4.ljcdn.com/release/screenshot/auto3d-V6L4n1UDHsswNAACNPw7cF/2ef2f5844f1930dc6bcc725b044fb7d9/1723253759_0/pc0_YrmFVEijK.jpg?imageMogr2/quality/70/thumbnail/1024x","https://nc.lianjia.com/ershoufang/103135014931.html"
"887","2024-10-29 12:36:24","诚心出售    小区环境优美     适合养老居住","125","10956","3室2厅","低楼层/共30层","南","平层/精装","114.1平米","塔楼","融创·翰江府","红谷滩","https://vrlab-image4.ljcdn.com/release/screenshot/auto3d-kR6zKhSbS6AjugnrYAMvJC/6fa305e1d28005c2fdfea032eb88a8db/1709780597_0/pc0_ircbuqTPp.jpg?imageMogr2/quality/70/thumbnail/1024x","https://nc.lianjia.com/ershoufang/103131519542.html"
"888","2024-10-29 12:36:34","地铁一号线 湖景公寓急售 各付税费","12","4447","1室0厅","高楼层/共28层","北","平层/精装","26.99平米","塔楼","君汇半岛","高新区","https://vrlab-image4.ljcdn.com/release/screenshot/auto3d-11M-0Pb_X10DPnI8hAHHOu/f658572564ba99d50a162ba105504d8f/1714031766_0/pc0_Fqgr9kJxQ.jpg?imageMogr2/quality/70/thumbnail/1024x","https://nc.lianjia.com/ershoufang/103132675498.html"
"889","2024-10-29 12:36:45","阳明路 豫章 双地铁 房东诚售","62","6591","3室2厅","中楼层/共7层","南 北","平层/精装","94.08平米","板楼","阳明路","东湖区","https://vrlab-image4.ljcdn.com/release/screenshot/auto3d-nsQRFfNAXleV73VyKJh274/6f6b4e5d95a806a56b763f25b579d1c2/1714378282_0/pc0_WtJYo1pwG.jpg?imageMogr2/quality/70/thumbnail/1024x","https://nc.lianjia.com/ershoufang/103130450454.html"
"890","2024-10-29 12:36:55","龙江花园大四房 价格实惠带车位 房东诚心卖","110","7903","4室2厅","中楼层/共18层","北 南","平层/毛坯","139.19平米","塔楼","龙江花园","高新区","https://vrlab-image4.ljcdn.com/release/auto3dhd/bd7e96587ea000af2ced5b55cee544fd/screenshot/1657334581_0/pc0_Xy6fQkKFj.jpg?imageMogr2/quality/70/thumbnail/1024x","https://nc.lianjia.com/ershoufang/103119661259.html"
"891","2024-10-29 12:37:05","中央香榭二期 地铁口 教育旁 精装两房 拎包入住 急卖","135","16476","2室2厅","高楼层/共24层","南 北","平层/精装","81.94平米","板塔结合","中央香榭","红谷滩","https://vrlab-image4.ljcdn.com/release/auto3dhd/aba7ead3812c5d733b25a33faef9df1e/screenshot/1652937964_10/pc0_adY9EM3Ec.jpg?imageMogr2/quality/70/thumbnail/1024x","https://nc.lianjia.com/ershoufang/103121480266.html"
"892","2024-10-29 12:37:16","精装4房，小区环境好，南北通透，房东诚心出售。","115","9758","4室2厅","低楼层/共16层","南 北","平层/精装","117.86平米","板楼","湖韵天成","高新区","https://vrlab-image4.ljcdn.com/release/auto3dhd/19d679913469f1df9c483df64298c899/screenshot/1678151971_0/pc0_84Z0yxxTi.jpg?imageMogr2/quality/70/thumbnail/1024x","https://nc.lianjia.com/ershoufang/103126314190.html"
"893","2024-10-29 12:37:17","此房满五年，楼梯洋房，采光无遮挡，","105","12129","3室2厅","中楼层/共6层","东南","平层/精装","86.57平米","板楼","红谷新城","新建区","https://vrlab-image4.ljcdn.com/release/screenshot/auto3d-OmyNlXTt8YDMlqQnuFWiw5/262f37e2c5419e5e647a793af50a22d6/1719460040_7/pc0_48t8yqtIQ.jpg?imageMogr2/quality/70/thumbnail/1024x","https://nc.lianjia.com/ershoufang/103133136614.html"
"894","2024-10-29 12:37:18","联发君领朝阳 3室2厅 东","160","14940","3室2厅","低楼层/共33层","东","平层/精装","107.1平米","板楼","联发君领朝阳","西湖区","https://vrlab-image4.ljcdn.com/release/screenshot/auto3d-VuCIvGjiDOhGWWIja-bDWM/4aa8e4745dceda8d3222873f06cc0330/1720161401_0/pc0_ScgyBlFB1.jpg?imageMogr2/quality/70/thumbnail/1024x","https://nc.lianjia.com/ershoufang/103134151410.html"
"895","2024-10-29 12:37:22","凤凰花园东区 交通方便 地铁口旁 配套齐全","70","8838","2室1厅","中楼层/共6层","南 北","平层/其他","79.21平米","板楼","凤凰花园东区","红谷滩","https://vrlab-image4.ljcdn.com/release/screenshot/auto3d-UIcxXoImM9tt9rifZeJtPz/a1817460e3cbcc20cec1bfbce31b1513/1729753461_0/pc0_s0BDEBwTz.jpg?imageMogr2/quality/70/thumbnail/1024x","https://nc.lianjia.com/ershoufang/103136840488.html"
"896","2024-10-29 12:37:26","封闭式花园小区 小区管理严谨 环境优美 户型方正","95.8","8871","3室1厅","高楼层/共29层","南 北","平层/毛坯","108平米","塔楼","新力愉景湾","南昌县","https://vrlab-image4.ljcdn.com/release/auto3dhd/7a2276f9789ca30577217dd752c7bacc/screenshot/1670464824_0/pc0_gSMYaAuFh.jpg?imageMogr2/quality/70/thumbnail/1024x","https://nc.lianjia.com/ershoufang/103125217786.html"
"897","2024-10-29 12:37:30","急售！育新贤湖澜景次新房品质小区，二房精装好楼层","99","12137","2室2厅","高楼层/共32层","南","平层/精装","81.57平米","暂无数据","贤湖•澜景","东湖区","https://vrlab-image4.ljcdn.com/release/screenshot/auto3d-p7rGmEb6Rj4jXuWgfvkOUY/e37214fa44b64e4df6b075937a6aab26/1696662614_6/pc0_pgqo9o5v1.jpg?imageMogr2/quality/70/thumbnail/1024x","https://nc.lianjia.com/ershoufang/103129026432.html"
"898","2024-10-29 12:37:34","翰林世家房东自住房，诚心出售，小区舒适度好","62","6778","3室2厅","低楼层/共18层","南","平层/简装","91.48平米","板楼","翰林世家","经开区","https://vrlab-image4.ljcdn.com/release/screenshot/auto3d-OhnVMwf11we6VdZmCoiXbu/e01980f52766f844ff2c090e60d5e652/1720082001_0/pc0_Q5MJC2SOI.jpg?imageMogr2/quality/70/thumbnail/1024x","https://nc.lianjia.com/ershoufang/103134224540.html"
"899","2024-10-29 12:37:38","万科品牌次新房品质高电梯洋房，出门就是公园环境好","135","12253","3室2厅","中楼层/共6层","南","平层/精装","110.18平米","板楼","万科公园里（月坊金色小区）","青山湖区","https://vrlab-image4.ljcdn.com/release/screenshot/auto3d-cCIrQBkZkl1cB3eMpVwj52/78b0628d4e91828e0f54095e57d40a24/1709458237_0/pc0_pgsarwCR3.jpg?imageMogr2/quality/70/thumbnail/1024x","https://nc.lianjia.com/ershoufang/103131402593.html"
"900","2024-10-29 12:37:41","地铁1号线  复式公寓  业主诚售","13.5","3013","1室1厅","低楼层/共18层","南 北","复式/毛坯","44.81平米","平房","庞大领航","经开区","https://vrlab-image4.ljcdn.com/release/auto3dhd/76cad53a186ce642c2c7c8d852c840d3/screenshot/1662689487_0/pc0_m4yvGDmnd.jpg?imageMogr2/quality/70/thumbnail/1024x","https://nc.lianjia.com/ershoufang/103122316360.html"
"901","2024-10-29 14:24:47","小区环境好，配套齐全，交通便利，三公园，近地铁。","186","16841","3室2厅","中楼层/共24层","南","平层/精装","110.45平米","塔楼","万科海上传奇","高新区","https://vrlab-image4.ljcdn.com/release/screenshot/auto3d-NEDjwO1fhVlIEtCyIVwwwv/9967712811a8a434f653e057cdd6138a/1719974800_0/pc0_RM4JCdZKP.jpg?imageMogr2/quality/70/thumbnail/1024x","https://nc.lianjia.com/ershoufang/103131435662.html"
"902","2024-10-29 14:24:57","省单位集资房 万科物业，品质高 2-4号线地铁随时看房","175","15303","3室2厅","高楼层/共33层","南 北","平层/精装","114.36平米","板楼","万科粹叠园","红谷滩","https://vrlab-image4.ljcdn.com/release/auto3dhd/3c424e9ef8ae453ac32e2e7edc01c9ae/screenshot/1684209616_0/pc0_OkkEjBOiX.jpg?imageMogr2/quality/70/thumbnail/1024x","https://nc.lianjia.com/ershoufang/103126222653.html"
"903","2024-10-29 14:25:07","昌北 二 小旁 中海锦城 3房2卫，业主诚心出售","108","10151","3室2厅","中楼层/共33层","南","平层/精装","106.4平米","板楼","中海锦城","经开区","https://vrlab-image4.ljcdn.com/release/screenshot/auto3d-BKgOgasCOp6ebFWSbDyWaI/8b3b0481692941f953ce6c26a8d994ce/1709787522_0/pc0_MNekWezdd.jpg?imageMogr2/quality/70/thumbnail/1024x","https://nc.lianjia.com/ershoufang/103131568130.html"
"904","2024-10-29 14:25:18","万科海上传奇新上精装三房，装修保养好房东诚心卖","175","16063","3室2厅","中楼层/共43层","东南","平层/精装","108.95平米","板楼","万科海上传奇","高新区","https://vrlab-image4.ljcdn.com/release/screenshot/auto3d-B_SJF_VmTjEFvoSiM3ciU5/774b42a8f826bd8bb07c1019cba605a2/1710376978_7/pc0_1A1ijLN8B.jpg?imageMogr2/quality/70/thumbnail/1024x","https://nc.lianjia.com/ershoufang/103131490782.html"
"905","2024-10-29 14:25:28","离一附医院1公里精装3房 户型通透 拎包入住","85","8536","3室2厅","高楼层/共6层","南","平层/精装","99.58平米","板楼","金涛御景花园","南昌县","https://vrlab-image4.ljcdn.com/release/auto3dhd/e7d61cb406c2bff5158a5a8f656013db/screenshot/1616048296_3/pc0_NspIi2cyf.jpg?imageMogr2/quality/70/thumbnail/1024x","https://nc.lianjia.com/ershoufang/103113880655.html"
"906","2024-10-29 14:25:38","采光好 配套齐全 小区绿化好 精装修","37","10883","1室1厅","中楼层/共30层","北","平层/精装","34平米","塔楼","澜湖御景","南昌县","https://vrlab-image4.ljcdn.com/release/auto3dhd/8ca3742163c69b37f390dff4f203d185/screenshot/1660028618_0/pc0_kpcQ9FIXi.jpg?imageMogr2/quality/70/thumbnail/1024x","https://nc.lianjia.com/ershoufang/103119317436.html"
"907","2024-10-29 14:25:48","九里象湖城6楼复式楼使用面积大","80","8573","2室1厅","高楼层/共6层","南","复式/简装","93.32平米","板楼","象湖里九里象湖城","南昌县","https://vrlab-image4.ljcdn.com/release/auto3dhd/8737a1a7959e5907172d8d45d921d4f5/screenshot/1616576861_3/pc0_LZ6yzdT5g.jpg?imageMogr2/quality/70/thumbnail/1024x","https://nc.lianjia.com/ershoufang/103120806298.html"
"908","2024-10-29 14:25:59","昌华小区住宅63平，简装价格便宜，配套齐全","50","7943","2室1厅","高楼层/共7层","南 北","平层/简装","62.95平米","板楼","昌华小区","经开区","https://vrlab-image4.ljcdn.com/release/auto3dhd/7f52c62e594c2e185ac86b941d82e493/screenshot/1628663625_3/pc0_aVu583nS9.jpg?imageMogr2/quality/70/thumbnail/1024x","https://nc.lianjia.com/ershoufang/103116551701.html"
"909","2024-10-29 14:26:09","小区园林环境好，自带游泳城，诚心出售","76","8559","3室1厅","中楼层/共18层","南","平层/简装","88.8平米","塔楼","市政绿城桂语江南","新建区","https://vrlab-image4.ljcdn.com/release/auto3dhd/afa085f9869215e743b43d809512e79d/screenshot/1679558019_0/pc0_eWI8YEmz9.jpg?imageMogr2/quality/70/thumbnail/1024x","https://nc.lianjia.com/ershoufang/103128542185.html"
"910","2024-10-29 14:26:19","金佳云舒花城精装三房，房东诚心出售，看房提前预约","90","8669","3室2厅","中楼层/共9层","南 北","平层/精装","103.82平米","板塔结合","金佳云舒花城","湾里区","https://vrlab-image4.ljcdn.com/release/auto3dhd/21eea5257ebc2d4f8769b6177c3b204f/screenshot/1655605024_5/pc0_LdDWYbjcG.jpg?imageMogr2/quality/70/thumbnail/1024x","https://nc.lianjia.com/ershoufang/103120725565.html"
"911","2024-10-29 14:26:30","通透户型，交通便利，采光充足，楼层好","50","5554","2室2厅","中楼层/共18层","南 北","平层/毛坯","90.04平米","暂无数据","云栖谷小区","湾里区","https://vrlab-image4.ljcdn.com/release/auto3dhd/9dcfc1c583349892f257b56ffcd02e4b/screenshot/1667200505_2/pc0_IIUizwW3a.jpg?imageMogr2/quality/70/thumbnail/1024x","https://nc.lianjia.com/ershoufang/103123075745.html"
"912","2024-10-29 14:26:40","房子好好，位置不错，可以看房，","115","13285","3室2厅","低楼层/共6层","南","平层/精装","86.57平米","板楼","红谷新城","新建区","https://vrlab-image4.ljcdn.com/release/auto3dhd/17e262c366c5cb94db6cf6771a7ddec1/screenshot/1688699653_0/pc0_fP88wUPiO.jpg?imageMogr2/quality/70/thumbnail/1024x","https://nc.lianjia.com/ershoufang/103124683442.html"
"913","2024-10-29 14:26:51","力高国际城 通透 大四房 诚心出","100","8850","4室2厅","低楼层/共9层","南","平层/精装","113平米","板楼","力高国际城三期","南昌县","https://vrlab-image4.ljcdn.com/release/screenshot/auto3d-LB3pHnbTf5nFU9agfSEDHg/7669ae2113e7b254e878db0df83745b7/1697074655_0/pc0_x7pR2tjdu.jpg?imageMogr2/quality/70/thumbnail/1024x","https://nc.lianjia.com/ershoufang/103129019072.html"
"914","2024-10-29 14:27:01","力高国际城三期花园洋房大3房2厅2卫出门就是菜市场","135","9855","3室2厅","低楼层/共9层","南","平层/精装","137平米","板楼","力高国际城三期","南昌县","https://vrlab-image4.ljcdn.com/release/auto3dhd/51dcc431269df027c863afd28a152133/screenshot/1603767018_5/pc0_hALNrN745.jpg?imageMogr2/quality/70/thumbnail/1024x","https://nc.lianjia.com/ershoufang/103125657866.html"
"915","2024-10-29 14:27:11","九里象湖城 大三房毛坯  楼层好 出入好","96","7728","3室1厅","高楼层/共6层","南 北","平层/毛坯","124.23平米","板楼","静安里九里象湖城","南昌县","https://vrlab-image4.ljcdn.com/release/screenshot/auto3d-lXhvb8pJfcltZlqzbKYowJ/bc18f665ac4a0ab388d41e21cda1f2f8/1715843837_11/pc0_EXweASMSX.jpg?imageMogr2/quality/70/thumbnail/1024x","https://nc.lianjia.com/ershoufang/103132406779.html"
"916","2024-10-29 14:27:22","学府馨苑 户型端正 视野开阔 看房方便","80","8334","3室2厅","中楼层/共24层","南","平层/简装","96平米","板楼","学府馨苑","经开区","https://vrlab-image4.ljcdn.com/release/screenshot/auto3d-TfMwwmff2ROGslp0necovJ/6f4b411dbc5832a5a960a4aff1e31902/1711013685_0/pc0_9pcfiwoEv.jpg?imageMogr2/quality/70/thumbnail/1024x","https://nc.lianjia.com/ershoufang/103131980676.html"
"917","2024-10-29 14:27:32","小高层中间楼层阳光充足视野可以房东诚心出售随时看房","135","14362","3室1厅","高楼层/共16层","南 北","平层/精装","94平米","板楼","红谷新城","新建区","https://vrlab-image4.ljcdn.com/release/auto3dhd/e1e11f6232988f13541dbd7826b544d5/screenshot/1683957233_12/pc0_8j235y0KO.jpg?imageMogr2/quality/70/thumbnail/1024x","https://nc.lianjia.com/ershoufang/103131104825.html"
"918","2024-10-29 14:27:43","a户型房东诚信出售小区中间位置","118","13088","3室2厅","高楼层/共6层","南 北","复式/精装","90.16平米","板楼","红谷新城","新建区","https://vrlab-image4.ljcdn.com/release/auto3dhd/5b4e36c93ad7c9de507f5929ae5a8308/screenshot/1687654324_5/pc0_N5BQ4enHs.jpg?imageMogr2/quality/70/thumbnail/1024x","https://nc.lianjia.com/ershoufang/103126711668.html"
"919","2024-10-29 14:27:53","可租客卖。钥匙房，看房方便，价格美丽。","150","13637","3室2厅","中楼层/共18层","南","平层/简装","110平米","板楼","红谷新城","新建区","https://vrlab-image4.ljcdn.com/release/auto3dhd/bee8c16490924bfd0d7425a61bdc6d0f/screenshot/1662529287_1/pc0_KZaR8Y4aw.jpg?imageMogr2/quality/70/thumbnail/1024x","https://nc.lianjia.com/ershoufang/103122252054.html"
"920","2024-10-29 14:28:03","房东急售好房  看中可谈 通透三房","105","9131","3室2厅","低楼层/共10层","南 北","平层/毛坯","115平米","暂无数据","市政绿城桂语江南","新建区","https://vrlab-image4.ljcdn.com/release/screenshot/auto3d-OzInZr7TY0pgdOlYC99KyQ/8794ad336221e4c2a6db020080e9d6f5/1694670860_10/pc0_a1EBkzYPG.jpg?imageMogr2/quality/70/thumbnail/1024x","https://nc.lianjia.com/ershoufang/103128598184.html"
"921","2024-10-29 14:28:13","此房房东诚心出售 格局方正 采光充足 一梯一户","120","12904","3室2厅","低楼层/共11层","南","平层/毛坯","93平米","板楼","红谷新城","新建区","https://vrlab-image4.ljcdn.com/release/auto3dhd/640db6097302083c5309c4c8b44eae27/screenshot/1672796432_0/pc0_ZMheCcZbf.jpg?imageMogr2/quality/70/thumbnail/1024x","https://nc.lianjia.com/ershoufang/103123579401.html"
"922","2024-10-29 14:28:24","洋房得房率可以精装修中间楼层，，，","122","12709","3室2厅","高楼层/共6层","南","平层/精装","96平米","板楼","红谷新城","新建区","https://vrlab-image4.ljcdn.com/release/auto3dhd/60a5ecdd8012856519b1f9947e8b13b8/screenshot/1668505971_7/pc0_FHByAZrtq.jpg?imageMogr2/quality/70/thumbnail/1024x","https://nc.lianjia.com/ershoufang/103123221576.html"
"923","2024-10-29 14:28:34","高楼层，采光视野好，实际使用面积多","100","7920","3室2厅","高楼层/共6层","南 北","平层/精装","126.27平米","板楼","都市未来花园","新建区","https://vrlab-image4.ljcdn.com/release/screenshot/auto3d-0OzKjTwo9u3jXxtLwb64Gl/713460a3989f06611d750c57074509d3/1700287537_1/pc0_GPpVevyHl.jpg?imageMogr2/quality/70/thumbnail/1024x","https://nc.lianjia.com/ershoufang/103129116948.html"
"924","2024-10-29 14:28:45","正规三房出入方便 业主诚心出售 看房方便","72","8182","2室2厅","中楼层/共11层","南","平层/简装","88平米","板楼","居住主题公园-丁香怡景多层","南昌县","https://vrlab-image4.ljcdn.com/release/auto3dhd/25a462d34c790e8f2db61844d83ba0b0/screenshot/1689742999_7/pc0_XBl1KaHw0.jpg?imageMogr2/quality/70/thumbnail/1024x","https://nc.lianjia.com/ershoufang/103126604114.html"
"925","2024-10-29 14:28:55","房东急卖，拎包入住，大四房，精装修，拎包入住","150","10941","4室2厅","中楼层/共5层","南","平层/精装","137.11平米","板楼","力高国际城三期","南昌县","https://vrlab-image4.ljcdn.com/release/auto3dhd/8843b74103fbf434568dd69f03ea1e06/screenshot/1646962204_1/pc0_ZaS9D3BtB.jpg?imageMogr2/quality/70/thumbnail/1024x","https://nc.lianjia.com/ershoufang/103119007539.html"
"926","2024-10-29 14:29:05","成熟社区，生活方便近公园空气好","72","8005","3室2厅","高楼层/共18层","南","平层/毛坯","89.95平米","板楼","朗贤加州溪谷","湾里区","https://vrlab-image4.ljcdn.com/release/auto3dhd/0a1e4e4e5526cbd0a90c236b2947c255/screenshot/1585710164_12/pc0_tJqY27T5j.jpg?imageMogr2/quality/70/thumbnail/1024x","https://nc.lianjia.com/ershoufang/103107242493.html"
"927","2024-10-29 14:29:16","三房带车位，全人车分流，小区品质高，万科物业","85","10000","3室2厅","低楼层/共32层","南 北","平层/毛坯","85平米","板楼","鸿海满园","南昌县","https://vrlab-image4.ljcdn.com/release/screenshot/auto3d-SrSIXbcNleyJHYKC2KmKl2/b4f4b94b3654175b002afc7f5b964c8b/1709359664_2/pc0_3NBjHTT5x.jpg?imageMogr2/quality/70/thumbnail/1024x","https://nc.lianjia.com/ershoufang/103131357615.html"
"928","2024-10-29 14:29:26","力天阳光南区两室两厅  精装修  低总价  出入方","72","8937","2室1厅","低楼层/共5层","南","平层/精装","80.57平米","板楼","力天阳光地带南区","新建区","https://vrlab-image4.ljcdn.com/release/auto3dhd/23d14dcfcdc3e593036db57f06579a34/screenshot/1692147463_3/pc0_CClWsbNnL.jpg?imageMogr2/quality/70/thumbnail/1024x","https://nc.lianjia.com/ershoufang/103127848636.html"
"929","2024-10-29 14:29:36","交通方便，户型方正 配套成熟小区","72","8152","3室1厅","中楼层/共6层","南","平层/精装","88.33平米","板楼","幸福时光一期","南昌县","https://vrlab-image4.ljcdn.com/release/auto3dhd/08351895abca43aef8784cf3d9603580/screenshot/1691724919_0/pc0_9Yrawb9Db.jpg?imageMogr2/quality/70/thumbnail/1024x","https://nc.lianjia.com/ershoufang/103127787980.html"
"930","2024-10-29 14:29:47","采光好，通透格局，房东诚售，南北双阳台","72","7082","3室2厅","低楼层/共18层","南","平层/毛坯","101.68平米","板楼","金佳云舒花城","湾里区","https://vrlab-image4.ljcdn.com/release/auto3dhd/8fcf7dd9fae41ad8518681554bdbb87c/screenshot/1616895792_0/pc0_lJsagrzCn.jpg?imageMogr2/quality/70/thumbnail/1024x","https://nc.lianjia.com/ershoufang/103114124287.html"
"931","2024-10-29 14:29:57","幸福时光 住家电梯3房 房东诚心出售","72","8128","3室1厅","低楼层/共18层","南","平层/精装","88.59平米","板楼","幸福时光一期","南昌县","https://vrlab-image4.ljcdn.com/release/auto3dhd/eab4e22e7cd910f3b59780caf974a8e7/screenshot/1603598561_0/pc0_3Vp29uxTj.jpg?imageMogr2/quality/70/thumbnail/1024x","https://nc.lianjia.com/ershoufang/103130894235.html"
"932","2024-10-29 14:30:07","经开区+万科金域传奇+户型方正+交通方便","83","9326","3室2厅","中楼层/共34层","南 北","平层/精装","89平米","板楼","万科金域传奇","新建区","https://vrlab-image4.ljcdn.com/release/screenshot/auto3d-rhghdb0D5Fwy6uZIANszdo/cd2364b097c955cc1f2e7504c8df1deb/1703644043_1/pc0_M8Sziu3uW.jpg?imageMogr2/quality/70/thumbnail/1024x","https://nc.lianjia.com/ershoufang/103130485278.html"
"933","2024-10-29 14:30:18","洋房层王，采光很好，南北通透，小区品质高","76","7393","3室2厅","高楼层/共9层","南 北","平层/毛坯","102.81平米","板塔结合","金佳云舒花城","湾里区","https://vrlab-image4.ljcdn.com/release/auto3dhd/15f6ce0821b6a17d06935837dbe7219a/screenshot/1687677701_5/pc0_ICVKfIkKh.jpg?imageMogr2/quality/70/thumbnail/1024x","https://nc.lianjia.com/ershoufang/103126967521.html"
"934","2024-10-29 14:30:28","洋房毛坯三房  户型好  业主诚心出售 看中可以谈","75","7573","3室2厅","低楼层/共9层","南","平层/毛坯","99.04平米","板楼","金佳云舒花城","湾里区","https://vrlab-image4.ljcdn.com/release/screenshot/auto3d-nZOV0EeTGyD2R8jBb8ob7A/310b6cc6ecd7d24f6e2156c87e45b657/1708931314_3/pc0_RgNbmtQyU.jpg?imageMogr2/quality/70/thumbnail/1024x","https://nc.lianjia.com/ershoufang/103131348271.html"
"935","2024-10-29 14:30:38","金佳云舒花城三室两厅，业主诚心出售，随时看房","75","7225","3室2厅","低楼层/共9层","南 北","平层/毛坯","103.81平米","板楼","金佳云舒花城","湾里区","https://vrlab-image4.ljcdn.com/release/auto3dhd/230e1438976ff51932e23a193c0de9a7/screenshot/1618732393_0/pc0_5YK35ekWA.jpg?imageMogr2/quality/70/thumbnail/1024x","https://nc.lianjia.com/ershoufang/103119892899.html"
"936","2024-10-29 14:30:49","次新小区  人车分流   看中可谈    房东诚心出售","80","8808","2室2厅","中楼层/共15层","南 北","平层/精装","90.83平米","板楼","金沙逸城","南昌县","https://vrlab-image4.ljcdn.com/release/auto3dhd/5563c4621ff2cfc561bdc5795667fb13/screenshot/1687655866_7/pc0_QwBaPDMGI.jpg?imageMogr2/quality/70/thumbnail/1024x","https://nc.lianjia.com/ershoufang/103127047057.html"
"937","2024-10-29 14:30:59","银河城春晓苑 正三房 通风采光好装修保养好 拎包入住","86","7819","3室2厅","中楼层/共6层","南","平层/简装","110平米","板楼","银河城春晓苑","南昌县","https://vrlab-image4.ljcdn.com/release/auto3dhd/8c12208ce04ff1f1d5fee5efb31b6b9b/screenshot/1596102068_0/pc0_L2BKE3LrF.jpg?imageMogr2/quality/70/thumbnail/1024x","https://nc.lianjia.com/ershoufang/103110440297.html"
"938","2024-10-29 14:31:09","精装修两房房拎包入住诚心出售周末可看","75","8399","3室2厅","中楼层/共24层","南 北","平层/精装","89.3平米","板楼","麦园景苑","经开区","https://vrlab-image4.ljcdn.com/release/auto3dhd/24e0d5d56b32619ba958831d2936a4ef/screenshot/1624849312_1/pc0_LNoi3hEKO.jpg?imageMogr2/quality/70/thumbnail/1024x","https://nc.lianjia.com/ershoufang/103115738588.html"
"939","2024-10-29 14:31:19","银河城春晓苑 正三房 通风采光好装修保养好 拎包入住","86","7819","3室2厅","中楼层/共6层","南","平层/简装","110平米","板楼","银河城春晓苑","南昌县","https://vrlab-image4.ljcdn.com/release/auto3dhd/8c12208ce04ff1f1d5fee5efb31b6b9b/screenshot/1596102068_0/pc0_L2BKE3LrF.jpg?imageMogr2/quality/70/thumbnail/1024x","https://nc.lianjia.com/ershoufang/103110440297.html"
"940","2024-10-29 14:31:30","经开区！天虹商场旁绿腾雅苑通透3房！业主诚售","89","9400","3室2厅","中楼层/共15层","南","平层/精装","94.69平米","板楼","绿腾雅苑","经开区","https://vrlab-image4.ljcdn.com/release/auto3dhd/d40a86cad7b0185434e3e3be56942a1c/screenshot/1660811171_0/pc0_YIJqKsyIV.jpg?imageMogr2/quality/70/thumbnail/1024x","https://nc.lianjia.com/ershoufang/103121899778.html"
"941","2024-10-29 14:31:40","精装修两房房拎包入住诚心出售周末可看","75","8399","3室2厅","中楼层/共24层","南 北","平层/精装","89.3平米","板楼","麦园景苑","经开区","https://vrlab-image4.ljcdn.com/release/auto3dhd/24e0d5d56b32619ba958831d2936a4ef/screenshot/1624849312_1/pc0_LNoi3hEKO.jpg?imageMogr2/quality/70/thumbnail/1024x","https://nc.lianjia.com/ershoufang/103115738588.html"
"942","2024-10-29 14:31:50","户型方正舒适出行便捷安逸 诚心出售","98","7968","车位","高楼层/共34层","南","平层/毛坯","123平米","","富力银禧悅城","南昌县","https://vrlab-image4.ljcdn.com/release/screenshot/auto3d-UUaM5xcxnIbIV6nIQDoqKD/4ea74b08e0557b44d9c1c6801b902341/1708912487_0/pc0_jNAI8i4Ir.jpg?imageMogr2/quality/70/thumbnail/1024x","https://nc.lianjia.com/ershoufang/103131210328.html"
"943","2024-10-29 14:32:00","小区环境优美，人车分流 ，户型结构好，","95","10327","3室2厅","中楼层/共16层","南","平层/毛坯","92平米","板楼","金沙逸城二期","南昌县","https://vrlab-image4.ljcdn.com/release/auto3dhd/5a29fe9c8315a991395037635b15bb5c/screenshot/1672365068_14/pc0_ZHFGpinap.jpg?imageMogr2/quality/70/thumbnail/1024x","https://nc.lianjia.com/ershoufang/103122464920.html"
"944","2024-10-29 14:32:11","红谷滩以西新建区牌头电梯三室两厅两卫精装房诚意出售","96","7955","3室2厅","低楼层/共24层","南 北","平层/精装","120.68平米","塔楼","鑫居苑","新建区","https://vrlab-image4.ljcdn.com/release/screenshot/auto3d-X6lyPSaywDy8gtfekhhtBI/f3372446ad9c86732aaf57a537b60e7e/1694825104_2/pc0_etM1BFQnK.jpg?imageMogr2/quality/70/thumbnail/1024x","https://nc.lianjia.com/ershoufang/103125900106.html"
"945","2024-10-29 14:32:21","采光充足，格局方正，装修，可拎包入住","98","9075","3室2厅","高楼层/共18层","南 北","平层/简装","108平米","板楼","西街锦宸","新建区","https://vrlab-image4.ljcdn.com/release/auto3dhd/74c936b7e25815a7d17cfd92eb5b44dd/screenshot/1660710689_0/pc0_Az4ypw3qA.jpg?imageMogr2/quality/70/thumbnail/1024x","https://nc.lianjia.com/ershoufang/103121879628.html"
"946","2024-10-29 14:32:31","生活交通便利，看房方便业主诚心出售","78","7648","2室2厅","高楼层/共8层","南 北","平层/简装","102平米","暂无数据","长麦路228弄","新建区","https://vrlab-image4.ljcdn.com/release/screenshot/auto3d-q8KHI75sRSB7oi1XJBKPuV/276e0fc0f7d8b1f74eac00f374465f3f/1696918110_0/pc0_nZXjUuMa5.jpg?imageMogr2/quality/70/thumbnail/1024x","https://nc.lianjia.com/ershoufang/103128462175.html"
"947","2024-10-29 14:32:42","新建区都市未来精装修带院子大三房","115","9108","3室2厅","低楼层/共7层","南","平层/精装","126.27平米","板楼","都市未来花园","新建区","https://vrlab-image4.ljcdn.com/release/auto3dhd/eed2c260888ea36c7445e1d20155cc81/screenshot/1675305440_1/pc0_YMoeFazoV.jpg?imageMogr2/quality/70/thumbnail/1024x","https://nc.lianjia.com/ershoufang/103124056972.html"
"948","2024-10-29 14:32:52","房东诚心售，高品质小区，配套齐全。","100","11236","3室2厅","中楼层/共27层","南","平层/毛坯","89平米","暂无数据","金地中奥九颂都会之光","新建区","https://vrlab-image4.ljcdn.com/release/screenshot/auto3d-Ft9SmEjKi7m9cr1sslIrfJ/ba6e2f0174bc40999d70251b07e85640/1709273826_2/pc0_2UB53OVvH.jpg?imageMogr2/quality/70/thumbnail/1024x","https://nc.lianjia.com/ershoufang/103131397802.html"
"949","2024-10-29 14:33:02","房屋位置好、楼层好、布局合理、利用率高 阳光充足","106","9138","3室2厅","高楼层/共19层","南","平层/精装","116平米","塔楼","都市未来花园","新建区","https://vrlab-image4.ljcdn.com/release/auto3dhd/314bdb301f9dc31ece8389d361ae8f4f/screenshot/1686888782_2/pc0_HeE8ZtLpH.jpg?imageMogr2/quality/70/thumbnail/1024x","https://nc.lianjia.com/ershoufang/103125869647.html"
"950","2024-10-29 14:33:13","新建区兴华路235号满五唯一精装三房两厅出售","83","7560","3室2厅","高楼层/共6层","南","平层/简装","109.79平米","板塔结合","兴华路235号","新建区","https://vrlab-image4.ljcdn.com/release/auto3dhd/a91a05d07f63c0133a2d96ebedce5303/screenshot/1590281196_2/pc0_dQjYvix4P.jpg?imageMogr2/quality/70/thumbnail/1024x","https://nc.lianjia.com/ershoufang/103109032591.html"
"951","2024-10-29 14:33:23","此房户型端正，通透性好，采光无档","83","9326","3室2厅","中楼层/共11层","南","平层/精装","89平米","板楼","居住主题公园-丁香怡景多层","南昌县","https://vrlab-image4.ljcdn.com/release/auto3dhd/3a794717f6873bc287c5ad5031ecb60e/screenshot/1589685478_6/pc0_6zCh3B2VO.jpg?imageMogr2/quality/70/thumbnail/1024x","https://nc.lianjia.com/ershoufang/103106329926.html"
"952","2024-10-29 14:33:33","万达旁，都市未来小区，大三房出售","105","8750","3室2厅","中楼层/共7层","南","平层/精装","120平米","板楼","都市未来花园","新建区","https://vrlab-image4.ljcdn.com/release/auto3dhd/eb2d6f40bd70d514d36e6dfab01cd335/screenshot/1624684019_1/pc0_o50sHBIgS.jpg?imageMogr2/quality/70/thumbnail/1024x","https://nc.lianjia.com/ershoufang/103114807705.html"
"953","2024-10-29 14:33:43","力高物业，小区人车分流，环境好，居住体验感优","143","13120","3室2厅","中楼层/共8层","南","平层/毛坯","109平米","塔楼","澜湖御景","南昌县","https://vrlab-image4.ljcdn.com/release/auto3dhd/2e645d089c47a590e31431e73c70dedc/screenshot/1606025783_3/pc0_uou8LE9Ea.jpg?imageMogr2/quality/70/thumbnail/1024x","https://nc.lianjia.com/ershoufang/103112321871.html"
"954","2024-10-29 14:33:54","此房户型端正，采光充足，位置好，出行方便","130","10834","3室2厅","低楼层/共7层","南 北","平层/精装","120平米","板楼","都市未来花园","新建区","https://vrlab-image4.ljcdn.com/release/auto3dhd/79aa90591629581270f8b27d73935193/screenshot/1684207413_14/pc0_Mlz7gKO3w.jpg?imageMogr2/quality/70/thumbnail/1024x","https://nc.lianjia.com/ershoufang/103125912733.html"
"955","2024-10-29 14:34:04","得房率高 配套成熟，地段繁华，生活便利","86","9348","2室1厅","高楼层/共6层","南 北","平层/精装","92平米","板楼","力天阳光地带北区","新建区","https://vrlab-image4.ljcdn.com/release/auto3dhd/0d4959543e6b94a670605ac509f390c6/screenshot/1679386756_6/pc0_2OPIboVSu.jpg?imageMogr2/quality/70/thumbnail/1024x","https://nc.lianjia.com/ershoufang/103124848827.html"
"956","2024-10-29 14:34:15","房屋位置好 楼层好 视野开阔。","58","11373","1室1厅","高楼层/共19层","南","平层/精装","51平米","板塔结合","都市未来花园","新建区","https://vrlab-image4.ljcdn.com/release/auto3dhd/d89dcc19f92f7974801704c1d4984c41/screenshot/1622083481_0/pc0_hdjdStTMV.jpg?imageMogr2/quality/70/thumbnail/1024x","https://nc.lianjia.com/ershoufang/103114662070.html"
"957","2024-10-29 14:34:25","凤凰层，视野好无遮挡，大三房   实际使用面积大","103.8","10927","3室2厅","高楼层/共19层","南 北","平层/简装","95平米","塔楼","都市未来花园","新建区","https://vrlab-image4.ljcdn.com/release/screenshot/auto3d-aA3zjN5OLZgt-SVt4pjsBL/b0c2df7c1f7d24cf4812e7857a4b20bd/1695781038_0/pc0_jruAZaYnZ.jpg?imageMogr2/quality/70/thumbnail/1024x","https://nc.lianjia.com/ershoufang/103128905166.html"
"958","2024-10-29 14:34:35","大三房  实际使用面积大  楼层好","105","8678","3室2厅","低楼层/共6层","南","平层/简装","121平米","板楼","都市未来花园","新建区","https://vrlab-image4.ljcdn.com/release/screenshot/auto3d-_wqn7RkuoDfYgGEWWMpQFI/468cd7a12aaf77b09f76916412594710/1695781969_0/pc0_2kPrpu4t7.jpg?imageMogr2/quality/70/thumbnail/1024x","https://nc.lianjia.com/ershoufang/103128477573.html"
"959","2024-10-29 14:34:46","融创前湖道三房出售，南北通透户型方正，采光好","180","13301","3室2厅","中楼层/共17层","南 北","平层/毛坯","135.33平米","板楼","融创前湖道","新建区","https://vrlab-image4.ljcdn.com/release/auto3dhd/0fca228084c20f933f2a9f10e212d9d5/screenshot/1664415801_4/pc0_oiAMtkO06.jpg?imageMogr2/quality/70/thumbnail/1024x","https://nc.lianjia.com/ershoufang/103122566237.html"
"960","2024-10-29 14:34:56","房东因工作调动 特诚心出售本房 看中可谈 诚心出售","92","10314","3室1厅","中楼层/共6层","南","平层/精装","89.2平米","板楼","力高国际城一期","南昌县","https://vrlab-image4.ljcdn.com/release/auto3dhd/211824a3ea87d0bcabd710688657d292/screenshot/1623222834_0/pc0_eW4HMc0mY.jpg?imageMogr2/quality/70/thumbnail/1024x","https://nc.lianjia.com/ershoufang/103115459420.html"
"961","2024-10-29 14:35:06","野开阔，格局好，配套齐全交通便利","90","7433","3室2厅","低楼层/共7层","南 北","平层/精装","121.09平米","暂无数据","长麦路228弄","新建区","https://vrlab-image4.ljcdn.com/release/auto3dhd/ca4e2e0bbcb98b72a342723de0affa2c/screenshot/1661658268_0/pc0_AD3lwze16.jpg?imageMogr2/quality/70/thumbnail/1024x","https://nc.lianjia.com/ershoufang/103122103573.html"
"962","2024-10-29 14:35:17","此房中间楼层 电梯房 通透户型 双阳台","98","7624","4室2厅","中楼层/共16层","东南","平层/精装","128.55平米","平房","龙腾商住大厦","新建区","https://vrlab-image4.ljcdn.com/release/auto3dhd/c1142ab38c01d52536d178899d00dd3a/screenshot/1633588846_1/pc0_2ZgZ7sqoy.jpg?imageMogr2/quality/70/thumbnail/1024x","https://nc.lianjia.com/ershoufang/103117474558.html"
"963","2024-10-29 14:35:27","都市未来 精装修 保养好 出行方便 看房随时","54","10385","1室1厅","中楼层/共19层","南","平层/精装","52平米","板塔结合","都市未来花园","新建区","https://vrlab-image4.ljcdn.com/release/auto3dhd/2a2afe9fbc2a2e0bb44c35b11c296473/screenshot/1598498115_0/pc0_dJakBDfnn.jpg?imageMogr2/quality/70/thumbnail/1024x","https://nc.lianjia.com/ershoufang/103110780019.html"
"964","2024-10-29 14:35:37","华润紫云府边就是新城吾悦广场     央企开发商","129.8","11102","4室2厅","低楼层/共27层","南","平层/毛坯","116.92平米","板楼","华润紫云府","新建区","https://vrlab-image4.ljcdn.com/release/auto3dhd/347254521d103033bfd739f0c66d8aac/screenshot/1606280365_0/pc0_n6i1Mz6k1.jpg?imageMogr2/quality/70/thumbnail/1024x","https://nc.lianjia.com/ershoufang/103111352398.html"
"965","2024-10-29 14:35:48","力高国际3房2厅出门就是菜市场公交站出入方便","96","10787","3室2厅","低楼层/共6层","南 北","平层/精装","89平米","板楼","力高国际城三期","南昌县","https://vrlab-image4.ljcdn.com/release/screenshot/auto3d-ww4tTK_1Gg6FDefgbGQCW3/6b1863556d18dd5795b1501beb770519/1696995925_3/pc0_A36mmI8ds.jpg?imageMogr2/quality/70/thumbnail/1024x","https://nc.lianjia.com/ershoufang/103129158386.html"
"966","2024-10-29 14:35:58","此房楼层好，视野宽阔沿江而建的江景房","158","13462","3室2厅","高楼层/共30层","南 北","平层/精装","117.37平米","暂无数据","碧桂园中江温泉城A区","红谷滩","https://vrlab-image4.ljcdn.com/release/screenshot/auto3d-7bjFxcqr7RN8cFEhl79sDg/add858502470686e18e27f697fe18745/1706844920_0/pc0_8NTxzYB2t.jpg?imageMogr2/quality/70/thumbnail/1024x","https://nc.lianjia.com/ershoufang/103131053632.html"
"967","2024-10-29 14:36:08","经开区+万科金域传奇+精装修+交通方便","160","11860","4室2厅","中楼层/共11层","南","平层/精装","134.91平米","板楼","万科金域传奇","新建区","https://vrlab-image4.ljcdn.com/release/auto3dhd/56db5f209e5b081a567ba1daca52e657/screenshot/1597552676_8/pc0_sx30iE25X.jpg?imageMogr2/quality/70/thumbnail/1024x","https://nc.lianjia.com/ershoufang/103118814330.html"
"968","2024-10-29 14:36:19","经开区+万科金域传奇+户型方正+交通方便","85","9551","3室2厅","低楼层/共34层","南 北","平层/精装","89平米","板楼","万科金域传奇","新建区","https://vrlab-image4.ljcdn.com/release/screenshot/auto3d-kJeg41MhdWkQVeO0RCkyAo/97d9e4a22e81f89cc60af18d6cda4f3b/1696990769_0/pc0_1Bx50Ay2L.jpg?imageMogr2/quality/70/thumbnail/1024x","https://nc.lianjia.com/ershoufang/103128855545.html"
"969","2024-10-29 14:36:29","象湖沃尔玛旁，一梯两户大三房两卫","98","7735","3室2厅","中楼层/共11层","南","平层/毛坯","126.7平米","板楼","居住主题公园-丁香怡景多层","南昌县","https://image1.ljcdn.com/110000-inspection/pc1_xrm9fgsb6_1.jpg.710x400.jpg","https://nc.lianjia.com/ershoufang/103109044777.html"
"970","2024-10-29 14:36:39","力高澜湖御景小区 人车分流 小区环境优美","139","12753","3室2厅","中楼层/共8层","南","平层/毛坯","109平米","塔楼","澜湖御景","南昌县","https://vrlab-image4.ljcdn.com/release/auto3dhd/db7f404bc277db9cff55c23e8c5e2646/screenshot/1694161213_0/pc0_MC6SLlfuL.jpg?imageMogr2/quality/70/thumbnail/1024x","https://nc.lianjia.com/ershoufang/103128596793.html"
"971","2024-10-29 14:36:50","金涛御景花园洋房使用面积大 居住舒适度高 带车位","92","9485","3室2厅","中楼层/共5层","南 北","平层/毛坯","97平米","板楼","金涛御景花园","南昌县","https://vrlab-image4.ljcdn.com/release/auto3dhd/21dd182e4b6c564a57b07f68a8e8ba09/screenshot/1691025082_0/pc0_Pa0wfBUma.jpg?imageMogr2/quality/70/thumbnail/1024x","https://nc.lianjia.com/ershoufang/103127824944.html"
"972","2024-10-29 14:37:00","力高澜湖御景 3室2厅 南","132","13089","3室2厅","低楼层/共28层","南","平层/毛坯","100.85平米","板楼","澜湖御景","南昌县","https://vrlab-image4.ljcdn.com/release/auto3dhd/8fb44428c8289ad36f51120cd3b30a27/screenshot/1617949752_1/pc0_4Vp5CfPan.jpg?imageMogr2/quality/70/thumbnail/1024x","https://nc.lianjia.com/ershoufang/103114306323.html"
"973","2024-10-29 14:37:11","配套齐全  环境优美·  户型方正   阳光充足","90","10342","2室2厅","低楼层/共25层","南","平层/简装","87.03平米","板楼","蓝天郡","青云谱区","https://vrlab-image4.ljcdn.com/release/auto3dhd/095a95ba89aa633879eb37def23fc4e5/screenshot/1683448287_6/pc0_qeE8Gu9rz.jpg?imageMogr2/quality/70/thumbnail/1024x","https://nc.lianjia.com/ershoufang/103126025353.html"
"974","2024-10-29 14:37:21","磨盘山8号，多层洋房，配套齐全，交通便利。","58","7157","2室2厅","中楼层/共6层","南","平层/毛坯","81.04平米","板楼","磨盘山8号","湾里区","https://vrlab-image4.ljcdn.com/release/auto3dhd/41e5a0900e19e11287ad0dc46309eea2/screenshot/1662343294_0/pc0_2xvJ2Oiw0.jpg?imageMogr2/quality/70/thumbnail/1024x","https://nc.lianjia.com/ershoufang/103122223119.html"
"975","2024-10-29 14:37:31","房子在繁华地段，适合居住，出行方便","75","8427","5室2厅","高楼层/共6层","南","复式/毛坯","89平米","板楼","居住主题公园-丁香怡景多层","南昌县","https://vrlab-image4.ljcdn.com/release/auto3dhd/0e11cad5508e605b74a26a7e78ae2891/screenshot/1667723877_5/pc0_U47A63Lhn.jpg?imageMogr2/quality/70/thumbnail/1024x","https://nc.lianjia.com/ershoufang/103123062998.html"
"976","2024-10-29 14:37:41","红谷滩旁 桃园小区两房 房东诚心出售","75","9375","2室2厅","低楼层/共7层","南","平层/简装","80平米","暂无数据","桃园住宅新区","经开区","https://vrlab-image4.ljcdn.com/release/auto3dhd/20d0fbd3ace2ae6742c01d691a7038f3/screenshot/1672895544_0/pc0_d45kMynMs.jpg?imageMogr2/quality/70/thumbnail/1024x","https://nc.lianjia.com/ershoufang/103123741776.html"
"977","2024-10-29 14:37:52","央企开发商 华润置业有限公司 小区环境好 出行便利","95","10771","3室2厅","中楼层/共27层","南","平层/毛坯","88.2平米","塔楼","华润紫云府","新建区","https://vrlab-image4.ljcdn.com/release/auto3dhd/3fec527a0ac26701e60dc6edc4ddfeef/screenshot/1692330123_3/pc0_s4EGDiX04.jpg?imageMogr2/quality/70/thumbnail/1024x","https://nc.lianjia.com/ershoufang/103127743415.html"
"978","2024-10-29 14:38:02","居住主题公园多层顶复，精装修很少入住诚心出售，","89","9948","4室2厅","高楼层/共6层","南","复式/精装","89.47平米","板楼","居住主题公园-丁香怡景多层","南昌县","https://vrlab-image4.ljcdn.com/release/auto3dhd/37c1bd21d3998819344931478c0deb32/screenshot/1622098056_7/pc0_XY2pQwxuJ.jpg?imageMogr2/quality/70/thumbnail/1024x","https://nc.lianjia.com/ershoufang/103114179167.html"
"979","2024-10-29 14:38:12","洪刚吉都居小区     实用大面积户型   房东诚心出售","139","6469","5室2厅","高楼层/共6层","南 北","复式/毛坯","214.9平米","暂无数据","洪刚吉都居小区","经开区","https://vrlab-image4.ljcdn.com/release/auto3dhd/503ac9dec35e3a11b209a8926d679685/screenshot/1681550445_14/pc0_WGQ1kLh68.jpg?imageMogr2/quality/70/thumbnail/1024x","https://nc.lianjia.com/ershoufang/103124642853.html"
"980","2024-10-29 14:38:23","品质小区，房子位置好、小区环境好，出入方便","170","16914","2室2厅","中楼层/共33层","南","平层/简装","100.51平米","板楼","紫金城","东湖区","https://vrlab-image4.ljcdn.com/release/auto3dhd/10b9da97aa36177a288234b51454639e/screenshot/1628399047_3/pc0_SupWfbn3T.jpg?imageMogr2/quality/70/thumbnail/1024x","https://nc.lianjia.com/ershoufang/103116498620.html"
"981","2024-10-29 14:38:33","磨盘山8号，电梯两房，楼层视野好，配套齐全。","55","8238","2室2厅","高楼层/共11层","南","平层/毛坯","66.77平米","板楼","磨盘山8号","湾里区","https://vrlab-image4.ljcdn.com/release/auto3dhd/7eccf4cf377724ec8d7a10b5290d236a/screenshot/1630725211_0/pc0_ogelhAiPJ.jpg?imageMogr2/quality/70/thumbnail/1024x","https://nc.lianjia.com/ershoufang/103116859861.html"
"982","2024-10-29 14:38:43","视野无挡，低价，诚心出售，近万达，上学方便","78","7290","3室2厅","低楼层/共34层","南","平层/毛坯","107平米","板楼","通源新建城B5","新建区","https://vrlab-image4.ljcdn.com/release/auto3dhd/f5c547cf40462cf1b311874b4460f486/screenshot/1677315161_3/pc0_GglGTK7se.jpg?imageMogr2/quality/70/thumbnail/1024x","https://nc.lianjia.com/ershoufang/103124357969.html"
"983","2024-10-29 14:38:54","新建区+桃园住宅新区交通便利采光好","80","10026","2室2厅","高楼层/共6层","南","平层/简装","79.8平米","暂无数据","桃园住宅新区","经开区","https://vrlab-image4.ljcdn.com/release/auto3dhd/c211393f10c2eb602d30652b685cbb8c/screenshot/1623388405_1/pc0_j9x5KgCiM.jpg?imageMogr2/quality/70/thumbnail/1024x","https://nc.lianjia.com/ershoufang/103115483648.html"
"984","2024-10-29 14:39:04","经开区 万科金域传奇 精装 环境好 交通便利","90","10113","3室2厅","低楼层/共34层","南 北","平层/精装","89平米","板楼","万科金域传奇","新建区","https://vrlab-image4.ljcdn.com/release/auto3dhd/7850762e2493e76ada2399b747961e4e/screenshot/1680146961_0/pc0_r0qwPbw1T.jpg?imageMogr2/quality/70/thumbnail/1024x","https://nc.lianjia.com/ershoufang/103123864487.html"
"985","2024-10-29 14:39:14","力高国际城 房屋精装，采光充足，自住生活舒适","43","9128","1室1厅","高楼层/共13层","西南","平层/精装","47.11平米","板楼","力高国际城一期","南昌县","https://vrlab-image4.ljcdn.com/release/auto3dhd/b8debf6d401aa198430057c7ecb4c77a/screenshot/1644457551_0/pc0_piaJLhvln.jpg?imageMogr2/quality/70/thumbnail/1024x","https://nc.lianjia.com/ershoufang/103120555323.html"
"986","2024-10-29 14:39:25","万科金域传奇 小洋房 带院子。","120","13416","3室1厅","低楼层/共11层","南 北","平层/精装","89.45平米","板楼","万科金域传奇","新建区","https://vrlab-image4.ljcdn.com/release/auto3dhd/4c4337449392dd31eb305536fa67fec1/screenshot/1621144700_4/pc0_qJPzUzChS.jpg?imageMogr2/quality/70/thumbnail/1024x","https://nc.lianjia.com/ershoufang/103117262532.html"
"987","2024-10-29 14:39:35","经开区赣江新区洪城锦苑公务员房一线江景房","86","7582","3室2厅","中楼层/共7层","南","平层/毛坯","113.43平米","板楼","洪城锦苑","经开区","https://vrlab-image4.ljcdn.com/release/auto3dhd/9989fc5f0988397a7e6ef82815b18da8/screenshot/1597911531_4/pc0_CWTcJ0pxH.jpg?imageMogr2/quality/70/thumbnail/1024x","https://nc.lianjia.com/ershoufang/103110777116.html"
"988","2024-10-29 14:39:45","阳光充足     交通便利    环境优美    购物方便","98","11601","2室2厅","低楼层/共18层","南","平层/简装","84.48平米","暂无数据","蓝天郡","青云谱区","https://vrlab-image4.ljcdn.com/release/auto3dhd/e649fcbb4c6ae01ca6b2fc0bba9978da/screenshot/1639895153_4/pc0_918ps9h50.jpg?imageMogr2/quality/70/thumbnail/1024x","https://nc.lianjia.com/ershoufang/103118446457.html"
"989","2024-10-29 14:39:56","配套齐全   交通便利  阳光充足   户型方正","125","11515","3室2厅","高楼层/共25层","南","平层/简装","108.56平米","板塔结合","蓝天郡","青云谱区","https://vrlab-image4.ljcdn.com/release/auto3dhd/2dca38bd4c60c08dbca42d2ce9616264/screenshot/1683444314_0/pc0_HSGKKXWK8.jpg?imageMogr2/quality/70/thumbnail/1024x","https://nc.lianjia.com/ershoufang/103126072554.html"
"990","2024-10-29 14:40:06","视野宽阔有露台使用，交通便利门口就有公交车坐","108","10286","3室2厅","高楼层/共10层","南 北","平层/简装","105平米","板楼","金涛御景花园","南昌县","https://image1.ljcdn.com/110000-inspection/pc1_WwxoQotzh_1.jpg.710x400.jpg","https://nc.lianjia.com/ershoufang/103119033182.html"
"991","2024-10-29 14:40:17","力高国际城 品质小区 多层洋房大三房，房东置换急售","130","9392","3室2厅","高楼层/共6层","南 西","平层/毛坯","138.43平米","板楼","力高国际城一期","南昌县","https://vrlab-image4.ljcdn.com/release/auto3dhd/b0905f0d52f63299d488d2f63053fecf/screenshot/1621495634_9/pc0_VtIkaeCnq.jpg?imageMogr2/quality/70/thumbnail/1024x","https://nc.lianjia.com/ershoufang/103112460922.html"
"992","2024-10-29 14:40:27","交通便利  配套齐全  阳光充足  户型方正","145","12602","3室2厅","中楼层/共25层","南","平层/精装","115.07平米","板楼","蓝天郡","青云谱区","https://vrlab-image4.ljcdn.com/release/auto3dhd/9506936ef6c53843c8e6df513e8dad80/screenshot/1686448635_4/pc0_95DkByaCD.jpg?imageMogr2/quality/70/thumbnail/1024x","https://nc.lianjia.com/ershoufang/103126760690.html"
"993","2024-10-29 14:40:38","配套齐全   交通便利    阳光充足    户型方正","90","10305","2室1厅","中楼层/共24层","南","平层/简装","87.34平米","平房","蓝天郡","青云谱区","https://vrlab-image4.ljcdn.com/release/auto3dhd/8c42d75fa577bbc7709cd39bb76b31bc/screenshot/1617342827_11/pc0_NIJBhmuUZ.jpg?imageMogr2/quality/70/thumbnail/1024x","https://nc.lianjia.com/ershoufang/103119303753.html"
"994","2024-10-29 14:40:48","老城区离地 铁口近的电梯三房，采光好户型好急售","130","11298","3室2厅","低楼层/共25层","南","平层/精装","115.07平米","板塔结合","蓝天郡","青云谱区","https://vrlab-image4.ljcdn.com/release/auto3dhd/ddeb5bbc29734eb7d86594f9bef76401/screenshot/1637136232_12/pc0_nBsX2633h.jpg?imageMogr2/quality/70/thumbnail/1024x","https://nc.lianjia.com/ershoufang/103118052575.html"
"995","2024-10-29 14:40:58","楼层好，视野宽阔，配套设施齐全，交通好.采光好","88","9962","2室2厅","低楼层/共6层","南","平层/毛坯","88.34平米","板楼","居住主题公园-丁香怡景多层","南昌县","https://vrlab-image4.ljcdn.com/release/auto3dhd/504dc8183694f1cdf745780be2976816/screenshot/1590559367_0/pc0_am17BAVIF.jpg?imageMogr2/quality/70/thumbnail/1024x","https://nc.lianjia.com/ershoufang/103109394553.html"
"996","2024-10-29 14:41:09","离一附院近，地铁口相当近，新洪大旁","115","13075","3室2厅","高楼层/共32层","南","平层/毛坯","87.96平米","塔楼","澜湖御景","南昌县","https://vrlab-image4.ljcdn.com/release/auto3dhd/27599cc6d2aea8babba9ee3806b919a1/screenshot/1602661725_1/pc0_whoFsXWOD.jpg?imageMogr2/quality/70/thumbnail/1024x","https://nc.lianjia.com/ershoufang/103111718966.html"
"997","2024-10-29 14:41:19","乐活好房 三房两厅大户型 看房方便","93","9158","3室2厅","低楼层/共18层","南","平层/精装","101.56平米","板楼","世纪乐活·公元城","经开区","https://vrlab-image4.ljcdn.com/release/auto3dhd/b31606e8541d5abe0c8bc21564de3698/screenshot/1684987666_3/pc0_SCVUJ1QYx.jpg?imageMogr2/quality/70/thumbnail/1024x","https://nc.lianjia.com/ershoufang/103126217361.html"
"998","2024-10-29 14:41:30","伟象佰业城，近地铁 精装三房，可拎包入住","100","10578","3室1厅","高楼层/共31层","南","平层/精装","94.54平米","板楼","锦尚都会","南昌县","https://vrlab-image4.ljcdn.com/release/screenshot/auto3d-PRF4diyNR2xlWddnqvTNTi/3f4eeffbdbe5dd2a775accbdc6aeba5e/1705211690_0/pc0_WYrdiGupj.jpg?imageMogr2/quality/70/thumbnail/1024x","https://nc.lianjia.com/ershoufang/103129433441.html"
"999","2024-10-29 14:41:40","九里柏树精装三居 品牌家电 户型方正 房东诚售","123","10082","3室1厅","高楼层/共6层","南","平层/精装","122平米","板楼","嘉和里九里象湖城","南昌县","https://vrlab-image4.ljcdn.com/release/auto3dhd/ad57fcc6583e8e7d55bb05d1e967af1c/screenshot/1652924595_0/pc0_8ZaiROlao.jpg?imageMogr2/quality/70/thumbnail/1024x","https://nc.lianjia.com/ershoufang/103120530674.html"
"1000","2024-10-29 14:41:50","力高花园洋房 诚心出售 东端户 户型好","123","8979","3室2厅","中楼层/共5层","南 北","平层/精装","137平米","板楼","力高国际城一期","南昌县","https://vrlab-image4.ljcdn.com/release/screenshot/auto3d--NEzYZ7a-4X28RnyRkW0zK/ca769ec30a93d6d9cca5201b7197d207/1704340146_0/pc0_UJ8duojnZ.jpg?imageMogr2/quality/70/thumbnail/1024x","https://nc.lianjia.com/ershoufang/103130534226.html"
"1001","2024-10-29 14:42:01","局南北，视野开阔，采光充足，配套设施完善。端户无挡","108","9923","2室2厅","高楼层/共18层","南 北","平层/精装","108.84平米","板楼","博泰生命树","青云谱区","https://vrlab-image4.ljcdn.com/release/auto3dhd/c4dd1d6e6aaeb7197e3abb5ebc15ecfc/screenshot/1625979023_0/pc0_Y4SxpHS1s.jpg?imageMogr2/quality/70/thumbnail/1024x","https://nc.lianjia.com/ershoufang/103120773015.html"
"1002","2024-10-29 14:42:11","通透户型采光好 中高楼层 精装空闲  有钥匙随时能看房","83","9471","2室2厅","中楼层/共7层","东南","平层/精装","87.64平米","塔楼","清水园住宅小区","南昌县","https://vrlab-image4.ljcdn.com/release/auto3dhd/9f5f8749ef2d35e37058497d398ddb1c/screenshot/1628577658_0/pc0_WZliVhxYj.jpg?imageMogr2/quality/70/thumbnail/1024x","https://nc.lianjia.com/ershoufang/103115906383.html"
"1003","2024-10-29 14:42:22","新洪城大市场 4号线地铁口通透3房，楼层好  房子实用","90","10113","3室2厅","高楼层/共17层","南","平层/毛坯","89平米","板楼","朝阳明珠","南昌县","https://vrlab-image4.ljcdn.com/release/auto3dhd/60ed04efb83c6b37ff504c3664c36733/screenshot/1662199051_3/pc0_mIiGpwm5t.jpg?imageMogr2/quality/70/thumbnail/1024x","https://nc.lianjia.com/ershoufang/103122105632.html"
"1004","2024-10-29 14:42:32","万科金域传奇  户型方正，采光好，物业好","115","10098","3室2厅","中楼层/共11层","南 北","平层/精装","113.89平米","板楼","万科金域传奇","新建区","https://vrlab-image4.ljcdn.com/release/auto3dhd/5becac95071c275b117a82041d9441a8/screenshot/1679977376_9/pc0_aX00208hm.jpg?imageMogr2/quality/70/thumbnail/1024x","https://nc.lianjia.com/ershoufang/103125186461.html"
"1005","2024-10-29 14:42:43","正规3房南北通透出门就是沃尔玛菜市场","99","11124","3室2厅","中楼层/共6层","南 北","平层/简装","89平米","板楼","居住主题公园-丁香怡景多层","南昌县","https://vrlab-image4.ljcdn.com/release/auto3dhd/234579bce6dd3c0607f365871cbbe333/screenshot/1589782627_11/pc0_Az45ZYcWo.jpg?imageMogr2/quality/70/thumbnail/1024x","https://nc.lianjia.com/ershoufang/103125248817.html"
"1006","2024-10-29 14:42:53","金沙二楼70年产权精装公寓拎包入住","35","7778","1室1厅","中楼层/共10层","南","平层/精装","45平米","板楼","居住主题公园-丁香怡景多层","南昌县","https://vrlab-image4.ljcdn.com/release/auto3dhd/079dcf4e027129e567b3617e76ce7f8a/screenshot/1692341454_1/pc0_sA6jSPLcZ.jpg?imageMogr2/quality/70/thumbnail/1024x","https://nc.lianjia.com/ershoufang/103128160533.html"
"1007","2024-10-29 14:43:03","急售 精装修 学 校旁 出门就是沃尔玛 户型好 产权清晰","85","9541","3室1厅","高楼层/共6层","南","复式/其他","89.09平米","板楼","居住主题公园-丁香怡景多层","南昌县","https://vrlab-image4.ljcdn.com/release/auto3dhd/a39f2c9c31d0d92114d3e6b1e4758ed2/screenshot/1632450526_0/pc0_TphaDN0ZC.jpg?imageMogr2/quality/70/thumbnail/1024x","https://nc.lianjia.com/ershoufang/103122493599.html"
"1008","2024-10-29 14:43:14","小区环境好绿化适合老人修身养性整体的住户素质高","110","9769","2室2厅","高楼层/共9层","南","跃层/简装","112.61平米","板楼","力高国际城三期","南昌县","https://vrlab-image4.ljcdn.com/release/auto3dhd/1a004f36f06c6c09de23ae5ad9cf7798/screenshot/1608017884_0/pc0_yTYmWktz4.jpg?imageMogr2/quality/70/thumbnail/1024x","https://nc.lianjia.com/ershoufang/103128008649.html"
"1009","2024-10-29 14:43:24","丁香怡景，象湖沃尔玛旁，精装大三房，全天采光","90","10113","3室1厅","高楼层/共6层","南","平层/精装","89平米","板楼","居住主题公园-丁香怡景多层","南昌县","https://vrlab-image4.ljcdn.com/release/auto3dhd/7f50571cf4e4a2941f49d267a80440c5/screenshot/1588218306_8/pc0_fJePd2NzL.jpg?imageMogr2/quality/70/thumbnail/1024x","https://nc.lianjia.com/ershoufang/103113837288.html"
"1010","2024-10-29 14:43:34","居住主题公园 丁香怡景两居室 户型好 近沃尔玛诚售","90","10205","2室2厅","低楼层/共6层","南","平层/毛坯","88.2平米","板楼","居住主题公园-丁香怡景多层","南昌县","https://vrlab-image4.ljcdn.com/release/auto3dhd/53b4f49a7ffaa6829bc3b31ec414f386/screenshot/1692494005_0/pc0_GqOpnm9vA.jpg?imageMogr2/quality/70/thumbnail/1024x","https://nc.lianjia.com/ershoufang/103125207280.html"
"1011","2024-10-29 14:43:45","嘉业海棠湾 大3房出售 看房方便 环境好","110","11988","3室2厅","中楼层/共11层","东南 南","平层/精装","91.76平米","塔楼","嘉业海棠湾","经开区","https://vrlab-image4.ljcdn.com/release/auto3dhd/4e65949daa72f5b26daa9896b84edccb/screenshot/1687230166_11/pc0_QbccvG06K.jpg?imageMogr2/quality/70/thumbnail/1024x","https://nc.lianjia.com/ershoufang/103126969563.html"
"1012","2024-10-29 14:43:55","户型方正无浪费面积房子精装修可拎包入住视野无挡","98","11056","3室2厅","中楼层/共33层","南","平层/精装","88.64平米","板楼","力高国际城三期","南昌县","https://vrlab-image4.ljcdn.com/release/screenshot/auto3d-x5BBOzvSiPopOcMm7UCxwY/4c14aa12eef7c0088cfc6e1d61b3a748/1696750333_0/pc0_pMMkSF30c.jpg?imageMogr2/quality/70/thumbnail/1024x","https://nc.lianjia.com/ershoufang/103124347847.html"
"1013","2024-10-29 14:44:05","力高沿湖大三房 前后无挡  阳光充足 房东诚心出售","105","11798","3室2厅","低楼层/共30层","南","平层/毛坯","89平米","板楼","力高国际城三期","南昌县","https://vrlab-image4.ljcdn.com/release/auto3dhd/2062037c09bb9d9c7db40fd3fa7f2517/screenshot/1593222152_0/pc0_Yyjy6dpcM.jpg?imageMogr2/quality/70/thumbnail/1024x","https://nc.lianjia.com/ershoufang/103106184326.html"
"1014","2024-10-29 14:44:16","金涛御景退台洋房 带露台 精装修 拎包入住","110","11225","3室2厅","中楼层/共5层","南","平层/精装","98平米","板楼","金涛御景花园","南昌县","https://vrlab-image4.ljcdn.com/release/auto3dhd/2d54fcf0af553190620fec0547f54e5e/screenshot/1661650180_6/pc0_AzFpdn4sB.jpg?imageMogr2/quality/70/thumbnail/1024x","https://nc.lianjia.com/ershoufang/103110437494.html"
"1015","2024-10-29 14:44:26","力高国际城一期.精装修房东没怎么住过的房子","90","10049","3室1厅","高楼层/共6层","南","平层/精装","89.57平米","板楼","力高国际城一期","南昌县","https://vrlab-image4.ljcdn.com/release/auto3dhd/ccf1e7ab2e569ef33232fd9f16a84daf/screenshot/1682038384_0/pc0_1sjm5LSHa.jpg?imageMogr2/quality/70/thumbnail/1024x","https://nc.lianjia.com/ershoufang/103124837827.html"
"1016","2024-10-29 14:44:36","格局好，视野开阔，采光充足房型好配套..","80","8919","3室2厅","低楼层/共6层","南","平层/精装","89.7平米","板楼","力高国际城一期","南昌县","https://vrlab-image4.ljcdn.com/release/auto3dhd/42fbb246700808634ee3841d0fec5cdf/screenshot/1597212600_11/pc0_lAzfha3e6.jpg?imageMogr2/quality/70/thumbnail/1024x","https://nc.lianjia.com/ershoufang/103123903404.html"
"1017","2024-10-29 14:44:47","繁华地段生活便利交通四通八达房子户型通透","136","15015","3室2厅","高楼层/共34层","南","平层/精装","90.58平米","塔楼","龙湖煌盛春江天玺","南昌县","https://vrlab-image4.ljcdn.com/release/screenshot/auto3d-R3wRrycWk9wgRpdHHifdkL/a78325d99328289808380017fa58e3a8/1695114698_0/pc0_n3p0iSy9e.jpg?imageMogr2/quality/70/thumbnail/1024x","https://nc.lianjia.com/ershoufang/103127541596.html"
"1018","2024-10-29 14:44:57","楼层视野开阔，采光充足，人车分流","85","9473","3室2厅","高楼层/共6层","南","平层/精装","89.73平米","板楼","力高国际城一期","南昌县","https://vrlab-image4.ljcdn.com/release/auto3dhd/e0c5ea6f0e4fe08eecc09669c5c8ab44/screenshot/1630132824_8/pc0_suWv7NoAP.jpg?imageMogr2/quality/70/thumbnail/1024x","https://nc.lianjia.com/ershoufang/103116632615.html"
"1019","2024-10-29 14:45:07","高楼层，户型方正，出入位置好，近地铁","102","11591","3室2厅","高楼层/共32层","南","平层/毛坯","88平米","塔楼","澜湖御景","南昌县","https://vrlab-image4.ljcdn.com/release/auto3dhd/193b98f3ff687326c19c2027e71f46d6/screenshot/1666152925_9/pc0_ddgc095ci.jpg?imageMogr2/quality/70/thumbnail/1024x","https://nc.lianjia.com/ershoufang/103122900225.html"
"1020","2024-10-29 14:45:18","通透大2房 交通方便 购物方便","94","10465","2室1厅","高楼层/共6层","南 北","复式/精装","89.83平米","板楼","力高国际城一期","南昌县","https://vrlab-image4.ljcdn.com/release/auto3dhd/0281ecd53422e5cc5f19a58ab8ac58ec/screenshot/1646364932_1/pc0_5SKe1gC9b.jpg?imageMogr2/quality/70/thumbnail/1024x","https://nc.lianjia.com/ershoufang/103119390837.html"
"1021","2024-10-29 14:45:28","房东诚心出售 交通购物便利 采光充足","115","11104","3室2厅","高楼层/共31层","南","平层/毛坯","103.57平米","板楼","锦尚都会","南昌县","https://vrlab-image4.ljcdn.com/release/auto3dhd/6f115c723b36446ee4dbdf4c0f8e086b/screenshot/1617779125_3/pc0_CQXZdQtIp.jpg?imageMogr2/quality/70/thumbnail/1024x","https://nc.lianjia.com/ershoufang/103114224563.html"
"1022","2024-10-29 14:45:39","房东诚心出售，价格可谈，小区环境优美，交通便捷","125","10000","3室2厅","高楼层/共30层","南 北","平层/毛坯","125平米","板楼","新建城A4","新建区","https://vrlab-image4.ljcdn.com/release/auto3dhd/b86e7fa65c6696f9d3481e7c140103db/screenshot/1686112820_3/pc0_nYHPF0grn.jpg?imageMogr2/quality/70/thumbnail/1024x","https://nc.lianjia.com/ershoufang/103126662582.html"
"1023","2024-10-29 14:45:49","精装修的小三房 房东入住一年不到 可拎包入住","80","10127","3室1厅","高楼层/共5层","南","平层/精装","79平米","板楼","金涛御景花园","南昌县","https://vrlab-image4.ljcdn.com/release/auto3dhd/1701029baca547db3c4541d410aaf27e/screenshot/1601975550_14/pc0_tYCrPWpFl.jpg?imageMogr2/quality/70/thumbnail/1024x","https://nc.lianjia.com/ershoufang/103122652047.html"
"1024","2024-10-29 14:45:59","花园洋房零空摊面积精装修拎包入住出门就是沃尔玛","140","10662","3室2厅","低楼层/共6层","南","平层/精装","131.31平米","板楼","力高国际城三期","南昌县","https://vrlab-image4.ljcdn.com/release/auto3dhd/9c111be6979da33aca3946b9412120b7/screenshot/1681539080_0/pc0_2fCyupcAw.jpg?imageMogr2/quality/70/thumbnail/1024x","https://nc.lianjia.com/ershoufang/103125660558.html"
"1025","2024-10-29 14:46:10","离一附医院1公里精装3房 户型通透 拎包入住","85","8536","3室2厅","高楼层/共6层","南","平层/精装","99.58平米","板楼","金涛御景花园","南昌县","https://vrlab-image4.ljcdn.com/release/auto3dhd/e7d61cb406c2bff5158a5a8f656013db/screenshot/1616048296_3/pc0_NspIi2cyf.jpg?imageMogr2/quality/70/thumbnail/1024x","https://nc.lianjia.com/ershoufang/103113880655.html"
"1026","2024-10-29 14:46:20","万科物业  三房户型好 看房方便环境好 物业好","120","10606","3室2厅","中楼层/共33层","南","平层/精装","113.15平米","板楼","万科金域传奇","新建区","https://vrlab-image4.ljcdn.com/release/auto3dhd/c49c688339e509b516d929a910449021/screenshot/1685675302_4/pc0_g01njp8rA.jpg?imageMogr2/quality/70/thumbnail/1024x","https://nc.lianjia.com/ershoufang/103126449863.html"
"1027","2024-10-29 14:46:30","恒茂城市之光好楼层，阳光很好，视野宽阔，通透","85","7457","3室2厅","中楼层/共18层","南","平层/毛坯","114平米","暂无数据","恒茂城市之光","进贤县","https://vrlab-image4.ljcdn.com/release/auto3dhd/307a2527aca9cb59250f65c011c7b5a8/screenshot/1639192141_1/pc0_R5VTLOiGE.jpg?imageMogr2/quality/70/thumbnail/1024x","https://nc.lianjia.com/ershoufang/103118141073.html"
"1028","2024-10-29 14:46:41","经开区+万科金域传奇+户型方正+交通方便","120","10665","3室2厅","中楼层/共28层","南 北","平层/精装","112.52平米","板楼","万科金域传奇","新建区","https://vrlab-image4.ljcdn.com/release/auto3dhd/c34c83d38c687e76ff70f2a4fc7867ea/screenshot/1667006717_8/pc0_R0Thl2T48.jpg?imageMogr2/quality/70/thumbnail/1024x","https://nc.lianjia.com/ershoufang/103128575089.html"
"1029","2024-10-29 14:46:51","经开区 丽景苑 电梯精装3房 急售","89","7673","3室2厅","低楼层/共13层","南","平层/精装","116平米","板楼","丽景苑","经开区","https://vrlab-image4.ljcdn.com/release/auto3dhd/908614a577105edad2cd1701043c28c4/screenshot/1665712077_10/pc0_rKdn7X7FI.jpg?imageMogr2/quality/70/thumbnail/1024x","https://nc.lianjia.com/ershoufang/103122597611.html"
"1030","2024-10-29 14:47:01","清水园住宅，房东诚心出售价格合适","81","8527","2室2厅","高楼层/共7层","南 北","错层/简装","95平米","塔楼","清水园住宅小区","南昌县","https://vrlab-image4.ljcdn.com/release/auto3dhd/3a4395c78fed1ee761dc92a54cfb3583/screenshot/1617326340_0/pc0_FcXSY2G9Q.jpg?imageMogr2/quality/70/thumbnail/1024x","https://nc.lianjia.com/ershoufang/103114155930.html"
"1031","2024-10-29 14:47:12","博泰生命树  恒温两房 带全套家具家电 诚心出售！","95","9338","2室2厅","低楼层/共13层","南 北","平层/精装","101.74平米","板楼","博泰生命树","青云谱区","https://vrlab-image4.ljcdn.com/release/auto3dhd/2ed61b0fd68356597c72a4bb8b0652d5/screenshot/1630484590_9/pc0_U4Bz3GcOo.jpg?imageMogr2/quality/70/thumbnail/1024x","https://nc.lianjia.com/ershoufang/103120806670.html"
"1032","2024-10-29 14:47:22","房东诚心出售，楼层适中，价格合适可带车位，看房方便","110","9566","3室2厅","中楼层/共34层","南 北","平层/精装","115平米","板楼","九颂山河时代城","南昌县","https://vrlab-image4.ljcdn.com/release/screenshot/auto3d-uV5ygEjhRq2B_9ix46w_qw/4922c268c9226ff74dc07412451dd5d7/1730001584_0/pc0_VUwMjB2LC.jpg?imageMogr2/quality/70/thumbnail/1024x","https://nc.lianjia.com/ershoufang/103136816831.html"
"1033","2024-10-29 14:47:32","环湖路 3室2厅 南 北","63","7986","3室2厅","中楼层/共8层","南 北","平层/简装","78.89平米","暂无数据","环湖路","东湖区","https://vrlab-image4.ljcdn.com/release/screenshot/auto3d-b9reora9608XLWt3DoKkQC/1c399584edd188f85174915f3ac02b44/1721186010_4/pc0_Ws2sYtNHz.jpg?imageMogr2/quality/70/thumbnail/1024x","https://nc.lianjia.com/ershoufang/103134405796.html"
"1034","2024-10-29 14:47:42","朝阳华侨城旁 品质小区 端户三房只要160万 业主急售","150","13871","3室2厅","高楼层/共16层","南 北","平层/精装","108.14平米","板楼","朝阳天成","西湖区","https://vrlab-image4.ljcdn.com/release/screenshot/auto3d-1N9ZVSrfns-iP8lvubDm7C/6661d4f1ffaf2781b410561ee5edab69/1719215833_0/pc0_8WamHp2Af.jpg?imageMogr2/quality/70/thumbnail/1024x","https://nc.lianjia.com/ershoufang/103134058677.html"
"1035","2024-10-29 14:47:53","紫金城，锦苑春天旁，红原星城次新小区","65","7004","2室2厅","低楼层/共6层","东南","平层/精装","92.81平米","板楼","红原星城","东湖区","https://vrlab-image4.ljcdn.com/release/auto3dhd/f2cf46c384242f92983c02354343faaa/screenshot/1591781339_7/pc0_Gij8cUdpN.jpg?imageMogr2/quality/70/thumbnail/1024x","https://nc.lianjia.com/ershoufang/103106633544.html"
"1036","2024-10-29 14:48:03","两房朝南一房朝北，业主诚心出售，看房提前预约","145","10978","3室2厅","中楼层/共11层","南 北","平层/精装","132.09平米","板塔结合","鹿璟名居","红谷滩","https://vrlab-image4.ljcdn.com/release/screenshot/auto3d-VM3KjYnYfP8gkLSGyreCbC/8af0ba591427331454a2d5686e8f3e20/1722566963_13/pc0_zebmDkIMw.jpg?imageMogr2/quality/70/thumbnail/1024x","https://nc.lianjia.com/ershoufang/103134950335.html"
"1037","2024-10-29 14:48:14","通透三房，明厨明卫，视野采光好","210","19923","3室2厅","低楼层/共32层","东南","平层/精装","105.41平米","平房","华侨城万科云峰","西湖区","https://vrlab-image4.ljcdn.com/release/screenshot/auto3d-Tr-AeGCcZoJ4aRPgmsKcb4/28817159f924176ee1ee34977f0902e2/1698556390_4/pc0_tsOdPOC1j.jpg?imageMogr2/quality/70/thumbnail/1024x","https://nc.lianjia.com/ershoufang/103129507981.html"
"1038","2024-10-29 14:48:24","电梯花园洋房 2居室 精装 通透户型","51","5399","2室2厅","低楼层/共11层","南 北","平层/简装","94.47平米","板楼","金桥慧景","经开区","https://vrlab-image4.ljcdn.com/release/screenshot/auto3d-AOAa-b-uh8APoj2H5K-bf1/1a62d07abe0b4c5fadcf97d90357bd57/1724487604_0/pc0_qbSqPDG72.jpg?imageMogr2/quality/70/thumbnail/1024x","https://nc.lianjia.com/ershoufang/103135403400.html"
"1039","2024-10-29 14:48:34","交通便利，好户型，好位置，出行方便","35","4003","2室2厅","低楼层/共11层","南 北","平层/毛坯","87.45平米","板塔结合","金沙逸都","南昌县","https://vrlab-image4.ljcdn.com/release/auto3dhd/48666ba29f4fd9b874f524794b83db05/screenshot/1656466545_0/pc0_E1oPlk5wu.jpg?imageMogr2/quality/70/thumbnail/1024x","https://nc.lianjia.com/ershoufang/103121145672.html"
"1040","2024-10-29 14:48:44","万科精装三房，全屋品牌，楼层好，出行便捷","79","8966","3室2厅","低楼层/共34层","南","平层/精装","88.12平米","板楼","万科金域国际","经开区","https://vrlab-image4.ljcdn.com/release/screenshot/auto3d-qF098nBHoSi715S2nFsJAT/738f4f0860039f280742188be29dbea1/1723887967_10/pc0_oDfbfFBWJ.jpg?imageMogr2/quality/70/thumbnail/1024x","https://nc.lianjia.com/ershoufang/103135310903.html"
"1041","2024-10-29 14:48:54","次新小区品质改善精装修，业主诚心出售，看房预约","135","13897","3室2厅","高楼层/共32层","南","平层/精装","97.15平米","板楼","绿地朝阳中心","西湖区","https://vrlab-image4.ljcdn.com/release/screenshot/auto3d-7CwqmL0tWaEOv-mvyEtQv8/11c29e6729747c16e01ae15bd8273440/1729651589_3/pc0_TudSMOYvI.jpg?imageMogr2/quality/70/thumbnail/1024x","https://nc.lianjia.com/ershoufang/103136811621.html"
"1042","2024-10-29 14:49:05","小区干净整洁，环境好，交通便利，小区人车分流","133","12100","3室2厅","高楼层/共32层","南","平层/精装","109.92平米","塔楼","艾溪康桥","高新区","https://vrlab-image4.ljcdn.com/release/screenshot/auto3d-6TLAYb0J6m6hQlpMSvTRoK/d86156d8875cb8b8bbe1f17e85ea4dfe/1725528392_0/pc0_HF4awMsTd.jpg?imageMogr2/quality/70/thumbnail/1024x","https://nc.lianjia.com/ershoufang/103135137160.html"
"1043","2024-10-29 14:49:15","隆兴民居花园小区  楼层好 太阳好 小区中间位置","58","7050","2室1厅","低楼层/共6层","南","平层/精装","82.28平米","塔楼","隆兴民居","东湖区","https://vrlab-image4.ljcdn.com/release/screenshot/auto3d-kwleM_SYdmZA9sNJ5aHYU-/a37728f93492c28f7377bfdcd96af2c8/1708569128_5/pc0_VsSdr0TW2.jpg?imageMogr2/quality/70/thumbnail/1024x","https://nc.lianjia.com/ershoufang/103130125924.html"
"1044","2024-10-29 14:49:25","精装楼梯房，得房率高，实用面积大，诚心出售价格可降","68","6162","3室2厅","中楼层/共6层","南 北","平层/精装","110.36平米","板塔结合","黄家湖小区","经开区","https://vrlab-image4.ljcdn.com/release/auto3dhd/b700cbbb3d0d4d5ef3b4da2532d1e152/screenshot/1694224324_3/pc0_nmIb4uuE8.jpg?imageMogr2/quality/70/thumbnail/1024x","https://nc.lianjia.com/ershoufang/103128612920.html"
"1045","2024-10-29 14:49:36","桃苑社区二区 2室1厅 南 北","56","10087","2室1厅","低楼层/共7层","南 北","平层/精装","55.52平米","暂无数据","桃苑社区二区","西湖区","https://vrlab-image4.ljcdn.com/release/screenshot/auto3d-VOIL6DI7efnqzDdVxWivfN/2d37bebff2c98c3cd0d081c5f5edb43c/1729751084_0/pc0_cgoR8zs0z.jpg?imageMogr2/quality/70/thumbnail/1024x","https://nc.lianjia.com/ershoufang/103136846736.html"
"1046","2024-10-29 14:49:46","无公摊洋房 户型方正  安静 太阳好","178","14046","3室2厅","高楼层/共6层","南","平层/简装","126.73平米","板楼","名门世家","红谷滩","https://vrlab-image4.ljcdn.com/release/auto3dhd/ea73cee4367a83d4d4c36463020a1f5a/screenshot/1620796909_0/pc0_Fbxl3Ipvc.jpg?imageMogr2/quality/70/thumbnail/1024x","https://nc.lianjia.com/ershoufang/103114676088.html"
"1047","2024-10-29 14:49:56","洪城比华利  退台式洋房 得房率高 业主诚心卖","229","15343","4室2厅","中楼层/共5层","南","平层/简装","149.26平米","板塔结合","洪城·比华利","红谷滩","https://vrlab-image4.ljcdn.com/release/auto3dhd/31dea5458009fab4c83d3c8b2e77c584/screenshot/1610160138_0/pc0_6NfTQtlTL.jpg?imageMogr2/quality/70/thumbnail/1024x","https://nc.lianjia.com/ershoufang/103118081459.html"
"1048","2024-10-29 14:50:07","此房地段好，楼栋好、楼层好、物业好、万达商圈","170","19940","2室2厅","中楼层/共33层","南","平层/毛坯","85.26平米","板楼","莱蒙都会南区","红谷滩","https://vrlab-image4.ljcdn.com/release/screenshot/auto3d-8D2-RMQ5Rm_GsfAhw6Rxmz/ff659e3f5e454d02e6fb4dff8fafb2ec/1718936261_4/pc0_Y7K02WDIK.jpg?imageMogr2/quality/70/thumbnail/1024x","https://nc.lianjia.com/ershoufang/103133777692.html"
"1049","2024-10-29 14:50:17","小区环境幽静 人文素养高 房子户型结构好","205","16161","3室2厅","中楼层/共6层","南","平层/简装","126.85平米","板楼","名门世家","红谷滩","https://vrlab-image4.ljcdn.com/release/auto3dhd/7c7c320344562f0aac8e8016e574b123/screenshot/1620546519_0/pc0_kIMzETysY.jpg?imageMogr2/quality/70/thumbnail/1024x","https://nc.lianjia.com/ershoufang/103121733956.html"
"1050","2024-10-29 14:50:27","万科品质小区 近红谷滩 带中 央空调 楼层好","92","9184","3室2厅","低楼层/共33层","南 北","平层/简装","100.18平米","板楼","万科玖里","经开区","https://vrlab-image4.ljcdn.com/release/screenshot/auto3d-GYfFnAe5V-1KUfMOfzJlar/740979c54ec00fa02f9a3e51f22c4695/1700202959_0/pc0_fScS4KWe3.jpg?imageMogr2/quality/70/thumbnail/1024x","https://nc.lianjia.com/ershoufang/103126628113.html"
"1051","2024-10-29 14:50:38","东园楼层好三房采光足视野阔交通便利","130","11785","3室2厅","低楼层/共32层","南","平层/精装","110.31平米","板楼","新力东园","红谷滩","https://vrlab-image4.ljcdn.com/release/screenshot/auto3d-AGbKjNr89ijbge1mvHLnH_/c63c06c21cdf18a316bab936f60b5e72/1714015119_0/pc0_looOzFdfs.jpg?imageMogr2/quality/70/thumbnail/1024x","https://nc.lianjia.com/ershoufang/103129125329.html"
"1052","2024-10-29 14:50:48","万达星城西区 3室2厅 南 北","140","13614","3室2厅","低楼层/共18层","南 北","平层/精装","102.84平米","板楼","万达星城西区","红谷滩","https://vrlab-image4.ljcdn.com/release/screenshot/auto3d-FXQIILjFcHJb-ACzgatMDv/9045d5c445bb2e19cccff88cd8cc5728/1728972574_0/pc0_fAasODTbd.jpg?imageMogr2/quality/70/thumbnail/1024x","https://nc.lianjia.com/ershoufang/103136652765.html"
"1053","2024-10-29 14:50:58","楼层好，户型好，主卧带套间，诚心出售","243","13955","4室2厅","中楼层/共32层","南","平层/毛坯","174.14平米","板楼","九龙湖花园一区","红谷滩","https://vrlab-image4.ljcdn.com/release/screenshot/auto3d-IRFTNAYqGzdl-n-N_n41pT/63a09a9384220731b59ac7d81768c771/1705043356_2/pc0_VgrkiIYG9.jpg?imageMogr2/quality/70/thumbnail/1024x","https://nc.lianjia.com/ershoufang/103125069205.html"
"1054","2024-10-29 14:51:09","视野宽阔，采光充足，配套齐全，交通便利","130","12402","3室2厅","低楼层/共10层","南 北","平层/精装","104.83平米","板楼","新里梵顿公馆凡尔赛区","红谷滩","https://vrlab-image4.ljcdn.com/release/screenshot/auto3d-uTL6_wAiuMka_yeit6kOPP/a8e3e8a3080fdab89bdcd83b8f399d0f/1728194342_4/pc0_6Yv7LiKv3.jpg?imageMogr2/quality/70/thumbnail/1024x","https://nc.lianjia.com/ershoufang/103136478723.html"
"1055","2024-10-29 14:51:19","免费带个车位，金桥大三房！精装修的。","64.5","6268","3室2厅","中楼层/共7层","南","平层/精装","102.92平米","板楼","金桥慧景","经开区","https://vrlab-image4.ljcdn.com/release/screenshot/auto3d-22gQRasK-7KyL6rBkecaMk/792541974d43f1529b0a867d5706eca9/1695349631_18/pc0_rnsB6eoJB.jpg?imageMogr2/quality/70/thumbnail/1024x","https://nc.lianjia.com/ershoufang/103128713662.html"
"1056","2024-10-29 14:51:29","红谷滩万象城全新商品房精装交付，视野无挡，可看江","356","24939","4室2厅","高楼层/共33层","南","平层/精装","142.75平米","板楼","华润万象城悦府","红谷滩","https://vrlab-image4.ljcdn.com/release/screenshot/auto3d-EaVFbYvxghshyrxrlMyASa/a7d04310c82fd705952a4b81a25c391d/1721357839_8/pc0_Q5fY4sMoO.jpg?imageMogr2/quality/70/thumbnail/1024x","https://nc.lianjia.com/ershoufang/103132247754.html"
"1057","2024-10-29 14:51:40","得房率99南北双阳台房东诚心出售","106","8592","3室1厅","中楼层/共30层","南","平层/毛坯","123.38平米","板楼","湖韵天成","高新区","https://vrlab-image4.ljcdn.com/release/auto3dhd/d153b2b168638c87450aa742747c1ee2/screenshot/1642816481_0/pc0_GQYOsmebS.jpg?imageMogr2/quality/70/thumbnail/1024x","https://nc.lianjia.com/ershoufang/103128188413.html"
"1058","2024-10-29 14:51:49","万达星城西区 3室2厅 南 北","140","13614","3室2厅","低楼层/共18层","南 北","平层/精装","102.84平米","板楼","万达星城西区","红谷滩","https://vrlab-image4.ljcdn.com/release/screenshot/auto3d-FXQIILjFcHJb-ACzgatMDv/9045d5c445bb2e19cccff88cd8cc5728/1728972574_0/pc0_fAasODTbd.jpg?imageMogr2/quality/70/thumbnail/1024x","https://nc.lianjia.com/ershoufang/103136652765.html"
"1059","2024-10-29 14:52:00","秋水广场旁 精装通透三房 阳光好 诚心出 配套齐全","226","19366","3室2厅","低楼层/共31层","南 北","平层/精装","116.7平米","板塔结合","世纪中央城一期","红谷滩","https://vrlab-image4.ljcdn.com/release/screenshot/auto3d-YAHzXf1RZMuvp0GNkMS1Rn/a56d70bb8639426c9b2367a61c660a46/1722480268_0/pc0_bsdzCMSG3.jpg?imageMogr2/quality/70/thumbnail/1024x","https://nc.lianjia.com/ershoufang/103131616054.html"
"1060","2024-10-29 14:52:10","国博二期精装二房近地铁 医院旁  中间楼层","88","10962","2室1厅","中楼层/共32层","南","平层/精装","80.28平米","塔楼","绿地国际博览城二期博君","红谷滩","https://vrlab-image4.ljcdn.com/release/screenshot/auto3d-3fJYVOjuFvN26N0KUIf8lQ/1d020bdd4de4f781250c7aafc0e66380/1726041712_2/pc0_EdFiO6Q0n.jpg?imageMogr2/quality/70/thumbnail/1024x","https://nc.lianjia.com/ershoufang/103134398132.html"
"1061","2024-10-29 14:52:20","楼层好，户型好，主卧带套间，诚心出售","243","13955","4室2厅","中楼层/共32层","南","平层/毛坯","174.14平米","板楼","九龙湖花园一区","红谷滩","https://vrlab-image4.ljcdn.com/release/screenshot/auto3d-IRFTNAYqGzdl-n-N_n41pT/63a09a9384220731b59ac7d81768c771/1705043356_2/pc0_VgrkiIYG9.jpg?imageMogr2/quality/70/thumbnail/1024x","https://nc.lianjia.com/ershoufang/103125069205.html"
"1062","2024-10-29 14:52:30","格局楼层好采光充足 视野宽阔 交通便利","135","12225","3室2厅","中楼层/共32层","南 北","平层/精装","110.43平米","板楼","新力东园","红谷滩","https://vrlab-image4.ljcdn.com/release/screenshot/auto3d-48fd0NfXQxaWjDRVCi-Y_y/dc8ae1b8380c811d501e524831c5731d/1720162696_0/pc0_2ZFXjmppW.jpg?imageMogr2/quality/70/thumbnail/1024x","https://nc.lianjia.com/ershoufang/103128518189.html"
"1063","2024-10-29 14:52:41","此房是满五不唯一房 交通便捷 配套成熟","140","11874","2室2厅","中楼层/共19层","南","平层/精装","117.91平米","塔楼","滨江豪园","红谷滩","https://vrlab-image4.ljcdn.com/release/auto3dhd/e8646ffdc4e9b5eb716df119bf811928/screenshot/1563933521_4/pc0_PoNh3ocdi.jpg?imageMogr2/quality/70/thumbnail/1024x","https://nc.lianjia.com/ershoufang/103105292940.html"
"1064","2024-10-29 14:52:51","世纪中央城一期好房出售、房东诚心卖","210","18193","3室2厅","低楼层/共33层","南 北","平层/简装","115.43平米","板塔结合","世纪中央城一期","红谷滩","https://vrlab-image4.ljcdn.com/release/screenshot/auto3d-IcOnW03dB-L5NXQiP2JZL2/4b00e99ca4f7d96793816660865315ab/1721957180_0/pc0_rmmc8njls.jpg?imageMogr2/quality/70/thumbnail/1024x","https://nc.lianjia.com/ershoufang/103134825268.html"
"1065","2024-10-29 14:53:02","户型方正，视野无挡阳光充足，装修房","248","18757","3室2厅","中楼层/共5层","南","平层/精装","132.22平米","板楼","东方海德堡","红谷滩","https://vrlab-image4.ljcdn.com/release/auto3dhd/90a8ca82a373cd0f2171d71639ed7c5e/screenshot/1681001811_0/pc0_Qj2E8mtuY.jpg?imageMogr2/quality/70/thumbnail/1024x","https://nc.lianjia.com/ershoufang/103132110144.html"
"1066","2024-10-29 14:53:13","环境好 楼层低 旁边就是抚河公园 房东诚心出售","50.8","7818","2室1厅","低楼层/共6层","南","平层/简装","64.98平米","板楼","里洲小区","西湖区","https://vrlab-image4.ljcdn.com/release/screenshot/auto3d-KtRac-LMBBZ5hDT8uJAA1C/0fe7aec2447b91cb9602dc2f9e20075e/1729235279_5/pc0_20a1GtTsh.jpg?imageMogr2/quality/70/thumbnail/1024x","https://nc.lianjia.com/ershoufang/103136740833.html"
"1067","2024-10-29 14:53:23","一楼接地气带院子，诚心出售，方便看房","185","13545","3室2厅","低楼层/共17层","南 北","平层/精装","136.59平米","板塔结合","联泰香域滨江","红谷滩","https://vrlab-image4.ljcdn.com/release/screenshot/auto3d-lmQf6pMywt9ojy6cFKhkTr/5338ef1f3a586da5778d55eb8b699e5b/1723603092_0/pc0_UIK8fwK9k.jpg?imageMogr2/quality/70/thumbnail/1024x","https://nc.lianjia.com/ershoufang/103134782516.html"
"1068","2024-10-29 14:53:33","江西财经大学蛟桥园北区 环境优美","50","6837","2室1厅","中楼层/共5层","南 北","平层/简装","73.14平米","暂无数据","江西财经大学蛟桥园北区","经开区","https://vrlab-image4.ljcdn.com/release/auto3dhd/89318d281d1c4070b99854beafa14892/screenshot/1617872030_0/pc0_pwhVeYGPM.jpg?imageMogr2/quality/70/thumbnail/1024x","https://nc.lianjia.com/ershoufang/103124362840.html"
"1069","2024-10-29 14:53:43","江西省人民政府大院 人民公园 旁边  交通便利","100","11824","2室2厅","中楼层/共5层","南 北","平层/精装","84.58平米","板楼","江西省人民政府大院","东湖区","https://vrlab-image4.ljcdn.com/release/screenshot/auto3d-ioypSsCEdUT_ap-EC-FHUb/384168b132b67c3cef98896e624e3db3/1724133134_12/pc0_5FrtSRZLD.jpg?imageMogr2/quality/70/thumbnail/1024x","https://nc.lianjia.com/ershoufang/103135370682.html"
"1070","2024-10-29 14:53:54","梵顿凡尔赛 精装两房 低密度小区 采光好舒适度高","108","11841","2室2厅","低楼层/共18层","南","平层/精装","91.21平米","塔楼","新里梵顿公馆凡尔赛区","红谷滩","https://vrlab-image4.ljcdn.com/release/screenshot/auto3d-32scYrIBQpHzaF1kCz1jFb/e812baf7973c80cb21c4ea48b5df5e27/1713922330_4/pc0_kEhMcHUAf.jpg?imageMogr2/quality/70/thumbnail/1024x","https://nc.lianjia.com/ershoufang/103132075253.html"
"1071","2024-10-29 14:54:04","首付10万月供1000多70年住宅产权 2房1厅38万 步梯房","32","6090","2室1厅","低楼层/共6层","南","平层/精装","52.55平米","板楼","青岚嘉园","经开区","https://vrlab-image4.ljcdn.com/release/screenshot/auto3d-GQRHfele73kKL0T6CbthN5/2505a3344959a2a9cd405c05bc684fe2/1717903492_0/pc0_nAok8FCqN.jpg?imageMogr2/quality/70/thumbnail/1024x","https://nc.lianjia.com/ershoufang/103133518536.html"
"1072","2024-10-29 14:54:14","恒大名都 精装3房 都在 保养很好 诚心卖","155","14039","3室2厅","中楼层/共32层","南 北","平层/精装","110.41平米","板楼","恒大名都","高新区","https://vrlab-image4.ljcdn.com/release/auto3dhd/8b686089994fe5eac25efa234a819e4e/screenshot/1685160101_0/pc0_xXsC0Gqys.jpg?imageMogr2/quality/70/thumbnail/1024x","https://nc.lianjia.com/ershoufang/103126110724.html"
"1073","2024-10-29 14:54:25","紫金城一期，南面无挡全体太阳，中间楼层拎包入住","185","13480","3室2厅","中楼层/共33层","东南","平层/其他","137.25平米","板楼","紫金城","东湖区","https://vrlab-image4.ljcdn.com/release/screenshot/auto3d-anON0AJzQq4aSQA50JMt-p/d3926d6f5f1866f5bf8bd69597249220/1729138617_0/pc0_xxnoJHSGl.jpg?imageMogr2/quality/70/thumbnail/1024x","https://nc.lianjia.com/ershoufang/103136704685.html"
"1074","2024-10-29 14:54:35","小区环境优美，干净整净，地下车位充实，大学围绕","100","6936","4室2厅","中楼层/共11层","南","平层/精装","144.18平米","板楼","绿腾雅苑","经开区","https://vrlab-image4.ljcdn.com/release/screenshot/auto3d-_Hi3Ii1eBezS6b_Gpv017w/61cf9287ce9f6fccef3c77af607a4bec/1714014818_9/pc0_xpd1m9BSl.jpg?imageMogr2/quality/70/thumbnail/1024x","https://nc.lianjia.com/ershoufang/103132047511.html"
"1075","2024-10-29 14:54:45","带露台，通透户型，精装三房，房东诚心出售","69","7668","3室2厅","低楼层/共16层","南","平层/精装","89.99平米","板楼","幸福时光一期","南昌县","https://vrlab-image4.ljcdn.com/release/auto3dhd/329877274871701f1cbc393cbc9caab4/screenshot/1677118625_8/pc0_zFLdtMZ0e.jpg?imageMogr2/quality/70/thumbnail/1024x","https://nc.lianjia.com/ershoufang/103124245171.html"
"1076","2024-10-29 14:54:56","联发君领朝阳退台洋房，一梯两户，低密度，套内面积大","288","21937","3室2厅","高楼层/共6层","南 北","平层/精装","131.29平米","板楼","联发君领朝阳","西湖区","https://vrlab-image4.ljcdn.com/release/screenshot/auto3d-tJrG_Ha_sVBqkZ1UqQ75nx/7a5a42fdd3447e39616951dcd8ebaf9e/1720171064_0/pc0_L9iR4vqtY.jpg?imageMogr2/quality/70/thumbnail/1024x","https://nc.lianjia.com/ershoufang/103134115763.html"
"1077","2024-10-29 14:55:06","复兴大桥桥头堡，配套成熟，价格美丽","70","6228","3室2厅","低楼层/共25层","南","平层/毛坯","112.41平米","板楼","银城江畔","南昌县","https://vrlab-image4.ljcdn.com/release/screenshot/auto3d-Q3YZ1vs-HLYPGoCz8OsRHO/2882e7195afcb326c916a46ff9145454/1722158184_8/pc0_Thkqy2gnj.jpg?imageMogr2/quality/70/thumbnail/1024x","https://nc.lianjia.com/ershoufang/103134846604.html"
"1078","2024-10-29 14:55:16","小区前排 视野无挡 一梯一户大平面","172","9966","4室2厅","高楼层/共30层","南 北","平层/精装","172.59平米","板楼","绿地新都会","高新区","https://vrlab-image4.ljcdn.com/release/screenshot/auto3d-3NnoPoSQQauLyPbLhAFmAW/77b5e00698aa713a4afed224295982e6/1695276325_0/pc0_lX8mfS0sR.jpg?imageMogr2/quality/70/thumbnail/1024x","https://nc.lianjia.com/ershoufang/103115474097.html"
"1079","2024-10-29 14:55:27","南北格局，视野宽阔，采光充足，配套设施齐全","98","13215","2室2厅","中楼层/共5层","南","平层/精装","74.16平米","板楼","万科四季花城北区","高新区","https://vrlab-image4.ljcdn.com/release/screenshot/auto3d-Ou8FZk1F6f9uKoJQktIMg6/fa540908e106aad703ce08be17f6b749/1712023477_2/pc0_zRN88UG10.jpg?imageMogr2/quality/70/thumbnail/1024x","https://nc.lianjia.com/ershoufang/103132121610.html"
"1080","2024-10-29 14:55:37","此房是朝南的两房 采光无挡 居住舒适 楼层好","99","11308","2室1厅","低楼层/共28层","南","平层/简装","87.55平米","板塔结合","红谷春天花园","红谷滩","https://vrlab-image4.ljcdn.com/release/auto3dhd/c8da6c0f47564de0ae5a91a0b18e2527/screenshot/1640398841_0/pc0_nhY9CtGPo.jpg?imageMogr2/quality/70/thumbnail/1024x","https://nc.lianjia.com/ershoufang/103128184638.html"
"1081","2024-10-29 14:55:48","区政府旁，次新小区，全屋定制，精装四房","186","13906","4室2厅","中楼层/共32层","南","平层/精装","133.76平米","板楼","江湾豪庭","东湖区","https://vrlab-image4.ljcdn.com/release/screenshot/auto3d--rkEzo0wF_GfKuhlDLu58G/f5a04d6d0b16087dbecf173a387f01b4/1710487045_8/pc0_YX67u7zB4.jpg?imageMogr2/quality/70/thumbnail/1024x","https://nc.lianjia.com/ershoufang/103131382822.html"
"1082","2024-10-29 14:55:58","联泰桥郡 通透三房 中上楼层端户 可随时看房 精装修","198","18674","3室2厅","高楼层/共16层","南","平层/精装","106.03平米","板楼","联泰桥郡","红谷滩","https://vrlab-image4.ljcdn.com/release/screenshot/auto3d-wUXrE_FakaSlwC4VSePSEu/829b4f2c29baa9fcd944c8d9246f0d24/1724462362_0/pc0_YQ6K7RgkC.jpg?imageMogr2/quality/70/thumbnail/1024x","https://nc.lianjia.com/ershoufang/103135371731.html"
"1083","2024-10-29 14:56:08","新力系列人车分流，复式诚心出售，交通购物方便","145","11789","8室3厅","高楼层/共6层","南 北","复式/毛坯","123平米","板楼","新力金沙湾","南昌县","https://vrlab-image4.ljcdn.com/release/screenshot/auto3d-Nm21J86xDW23dK1EwYhd2H/5c3b1cf3b3d687de21e715fb20ec643e/1703905322_0/pc0_yikHpGZCv.jpg?imageMogr2/quality/70/thumbnail/1024x","https://nc.lianjia.com/ershoufang/103131408786.html"
"1084","2024-10-29 14:56:19","九颂山河 年度十佳设计作品  沿江江景奢宅只等有缘人","205","17485","3室2厅","低楼层/共31层","南","平层/其他","117.25平米","板楼","九颂山河","红谷滩","https://vrlab-image4.ljcdn.com/release/screenshot/auto3d-Spd4bUJpVPbgYG6V4Sto0s/3c45c36a2a028b23135c6d24234b6b7f/1704609010_0/pc0_nfTMQoFDq.jpg?imageMogr2/quality/70/thumbnail/1024x","https://nc.lianjia.com/ershoufang/103136145405.html"
"1085","2024-10-29 14:56:29","地铁1号线  复式公寓  业主诚售","13.5","3013","1室1厅","低楼层/共18层","南 北","复式/毛坯","44.81平米","平房","庞大领航","经开区","https://vrlab-image4.ljcdn.com/release/auto3dhd/76cad53a186ce642c2c7c8d852c840d3/screenshot/1662689487_0/pc0_m4yvGDmnd.jpg?imageMogr2/quality/70/thumbnail/1024x","https://nc.lianjia.com/ershoufang/103122316360.html"
"1086","2024-10-29 14:56:40","龙湖春江天玺高层端户，精装未入住过的，诚心出售","90","7628","3室2厅","高楼层/共32层","南","平层/精装","118平米","塔楼","龙湖煌盛春江天玺","南昌县","https://vrlab-image4.ljcdn.com/release/screenshot/auto3d-qNnHnjT4jyEU1MoSU1Vxn8/0977421a88440eab048894f3e716c83d/1711431084_0/pc0_lGWvhPvnd.jpg?imageMogr2/quality/70/thumbnail/1024x","https://nc.lianjia.com/ershoufang/103136200757.html"
"1087","2024-10-29 14:56:50","3号线江铃地铁站 精装3房 看房方便 楼层好小区环境好","100","10962","3室2厅","中楼层/共34层","南 北","平层/精装","91.23平米","板塔结合","江铃新力臻园","青云谱区","https://vrlab-image4.ljcdn.com/release/screenshot/auto3d-mjY6IL4rIPxfDhGyIxg00c/9c90f97194851772259702b850072481/1716700020_0/pc0_WTJWKclWP.jpg?imageMogr2/quality/70/thumbnail/1024x","https://nc.lianjia.com/ershoufang/103133408071.html"
"1088","2024-10-29 14:57:00","商化繁华区，交通便利，房子是精装修的，看中价格再谈","108","12174","3室2厅","中楼层/共26层","南","平层/精装","88.72平米","板楼","君悦青山湖","东湖区","https://vrlab-image4.ljcdn.com/release/screenshot/auto3d-Va-C7C54SkC5nEDngQED7O/a2d4e1ed92edbb28e30d531e6fdbc98a/1721287077_11/pc0_ZM7RhmsUI.jpg?imageMogr2/quality/70/thumbnail/1024x","https://nc.lianjia.com/ershoufang/103134326123.html"
"1089","2024-10-29 14:57:11","出门地铁口 西站旁 总价低 房东诚心出售","100","11604","3室2厅","高楼层/共32层","南","平层/毛坯","86.18平米","板塔结合","力高御景天城","红谷滩","https://vrlab-image4.ljcdn.com/release/screenshot/auto3d-wp3mhnshe0ce9lkcsJzdQK/20ad43ecec912ce5833ca70ed36ea549/1711776941_0/pc0_Qhc45YDgZ.jpg?imageMogr2/quality/70/thumbnail/1024x","https://nc.lianjia.com/ershoufang/103131313910.html"
"1090","2024-10-29 14:57:21","小区环境好，配套齐全，交通便利，三公园，近地铁","150","15929","3室2厅","中楼层/共43层","南","平层/精装","94.17平米","板楼","万科海上传奇","高新区","https://vrlab-image4.ljcdn.com/release/screenshot/auto3d-IhSbp7fT73BH3RMzgTa6lf/b702c0372f9eb08c55dc34f79b02f00d/1728971601_4/pc0_1867CpORa.jpg?imageMogr2/quality/70/thumbnail/1024x","https://nc.lianjia.com/ershoufang/103135728754.html"
"1091","2024-10-29 14:57:31","房子好，小区环境好 品质高。配套齐全。","58","7161","2室2厅","中楼层/共32层","南","平层/精装","81平米","板楼","恒大城","南昌县","https://vrlab-image4.ljcdn.com/release/screenshot/auto3d-sc2sSmCULG2pflzJ69FjRm/692e1a239ce873d2179422608fe4841f/1729152860_6/pc0_VIARBGyuh.jpg?imageMogr2/quality/70/thumbnail/1024x","https://nc.lianjia.com/ershoufang/103135966854.html"
"1092","2024-10-29 14:57:42","房东诚心想卖.地铁1号线地铁口，精装通透三房两卫","109","10099","3室2厅","中楼层/共32层","南","平层/精装","107.94平米","板楼","绿地新都会","高新区","https://vrlab-image4.ljcdn.com/release/auto3dhd/beeb8844380546be3aa3b248efcb423f/screenshot/1675497307_0/pc0_LiHRIFFdH.jpg?imageMogr2/quality/70/thumbnail/1024x","https://nc.lianjia.com/ershoufang/103132846269.html"
"1093","2024-10-29 14:57:52","路通沁园南北通透三房 看房方便 业主诚心出售 毛坯","75","7885","2室1厅","高楼层/共24层","南 北","平层/毛坯","95.12平米","板塔结合","路通沁园","高新区","https://vrlab-image4.ljcdn.com/release/auto3dhd/8156f584a205fb461ac7d660156b3c26/screenshot/1678945967_0/pc0_m9BzkFZ2w.jpg?imageMogr2/quality/70/thumbnail/1024x","https://nc.lianjia.com/ershoufang/103124861116.html"
"1094","2024-10-29 14:58:02","小清新风格装修 楼层好采光好 拎包入住电梯","160","14243","3室2厅","中楼层/共18层","南","平层/精装","112.34平米","板楼","盛世经典","红谷滩","https://vrlab-image4.ljcdn.com/release/screenshot/auto3d--ALyiWuNfud4XmbDESta_2/074b8e4a2e503f88858de0cd4400643c/1727592291_4/pc0_Ypg5KHmWi.jpg?imageMogr2/quality/70/thumbnail/1024x","https://nc.lianjia.com/ershoufang/103135559135.html"
"1095","2024-10-29 14:58:12","主卧朝南，满2年税费少，位置安静，看房有钥匙，诚意","80","6910","3室2厅","低楼层/共32层","南","平层/毛坯","115.78平米","板楼","西站瑞都","红谷滩","https://vrlab-image4.ljcdn.com/release/auto3dhd/ee010929b3464702559ebf224b62860a/screenshot/1667444382_2/pc0_l9z0gCIvf.jpg?imageMogr2/quality/70/thumbnail/1024x","https://nc.lianjia.com/ershoufang/103123074157.html"
"1096","2024-10-29 14:58:23","香榭二期 地铁口 品质新小区 精装中高楼层","156","16339","3室2厅","中楼层/共30层","南","平层/精装","95.48平米","板塔结合","中央香榭","红谷滩","https://vrlab-image4.ljcdn.com/release/auto3dhd/d4d86c975d70aa03ecf0841de565e043/screenshot/1683349961_9/pc0_ROK4c9ETk.jpg?imageMogr2/quality/70/thumbnail/1024x","https://nc.lianjia.com/ershoufang/103125808691.html"
"1097","2024-10-29 14:58:33","诚心出售    小区环境优美     适合养老居住","125","10956","3室2厅","低楼层/共30层","南","平层/精装","114.1平米","塔楼","融创·翰江府","红谷滩","https://vrlab-image4.ljcdn.com/release/screenshot/auto3d-kR6zKhSbS6AjugnrYAMvJC/6fa305e1d28005c2fdfea032eb88a8db/1709780597_0/pc0_ircbuqTPp.jpg?imageMogr2/quality/70/thumbnail/1024x","https://nc.lianjia.com/ershoufang/103131519542.html"
"1098","2024-10-29 14:58:44","户型端正，楼层好，配套齐全，交通生活便利","128","11038","3室2厅","低楼层/共28层","东 南","平层/毛坯","115.97平米","板楼","红谷新城","新建区","https://vrlab-image4.ljcdn.com/release/screenshot/auto3d-9Q10IxtA2MBV4rXuQ6pT-Q/5143f9ba17b2ac4caed035a0aadefc26/1698798539_3/pc0_ZHlqNYQh4.jpg?imageMogr2/quality/70/thumbnail/1024x","https://nc.lianjia.com/ershoufang/103129528686.html"
"1099","2024-10-29 14:58:54","地铁口小高层  端户 价格便宜自住yyds","51","4445","3室2厅","中楼层/共18层","南 北","平层/毛坯","114.76平米","板楼","九溪嘉园一区","红谷滩","https://vrlab-image4.ljcdn.com/release/screenshot/auto3d-AOVCvx44E-ZvnjrPO-M7Qj/226eeeadb14cb85933c888c6908b4ba3/1715060655_0/pc0_zEAg1M8oP.jpg?imageMogr2/quality/70/thumbnail/1024x","https://nc.lianjia.com/ershoufang/103132358939.html"
"1100","2024-10-29 14:59:05","阳明路 豫章 双地铁 房东诚售","62","6591","3室2厅","中楼层/共7层","南 北","平层/精装","94.08平米","板楼","阳明路","东湖区","https://vrlab-image4.ljcdn.com/release/screenshot/auto3d-nsQRFfNAXleV73VyKJh274/6f6b4e5d95a806a56b763f25b579d1c2/1714378282_0/pc0_WtJYo1pwG.jpg?imageMogr2/quality/70/thumbnail/1024x","https://nc.lianjia.com/ershoufang/103130450454.html"
"1101","2024-10-29 14:59:15","红谷滩旁 精装房 适合年轻人士的小3房 好楼层","70.8","7916","3室2厅","高楼层/共26层","南","平层/简装","89.44平米","暂无数据","和正智汇谷","经开区","https://vrlab-image4.ljcdn.com/release/screenshot/auto3d-roAMem-RAcnHJS0plUBJca/caa02c1a568be9a6c5d688698c4c04e0/1710553717_2/pc0_mSF5o4qkx.jpg?imageMogr2/quality/70/thumbnail/1024x","https://nc.lianjia.com/ershoufang/103131250821.html"
"1102","2024-10-29 14:59:25","恒茂未来都会  房东诚心出售   看中好谈","45","5060","3室2厅","高楼层/共12层","南 北","平层/精装","88.95平米","板楼","恒茂未来都会一期","湾里区","https://vrlab-image4.ljcdn.com/release/auto3dhd/c605bce10fb09c9dee99d68d9eaa70f3/screenshot/1685261382_0/pc0_vmyjeqp6r.jpg?imageMogr2/quality/70/thumbnail/1024x","https://nc.lianjia.com/ershoufang/103126396581.html"
"1103","2024-10-29 14:59:36","新城吾悦旁 交通方便 毛胚 楼层好","100","10152","3室2厅","高楼层/共39层","南","平层/毛坯","98.51平米","板楼","新城吾悦公馆","高新区","https://vrlab-image4.ljcdn.com/release/screenshot/auto3d-glzDOT3LtWGXewymtl63Ju/d2b93b68c8f05e36967d43f0258fbcca/1710560579_0/pc0_jQGqPTl0P.jpg?imageMogr2/quality/70/thumbnail/1024x","https://nc.lianjia.com/ershoufang/103131177892.html"
"1104","2024-10-29 14:59:46","青岚苑  毛坯四房 出门就是地铁口 长申购物广场","135","9227","4室2厅","高楼层/共34层","南","平层/毛坯","146.31平米","板楼","青岚苑","东湖区","https://vrlab-image4.ljcdn.com/release/screenshot/auto3d-okDNG40em8gUg1IF-t42L5/34b3e329bded6c4f1563af35125fd0a1/1714106624_4/pc0_oHbWCQPEr.jpg?imageMogr2/quality/70/thumbnail/1024x","https://nc.lianjia.com/ershoufang/103132637066.html"
"1105","2024-10-29 14:59:57","站小和心远，不靠铁路，高层三房，视野开阔，随时看","73","6853","3室2厅","高楼层/共27层","南","平层/毛坯","106.53平米","板楼","西站瑞都","红谷滩","https://vrlab-image4.ljcdn.com/release/auto3dhd/1d07dcc80e339ea9fdbf8bfe125a8864/screenshot/1688005030_3/pc0_sq9JDKjbS.jpg?imageMogr2/quality/70/thumbnail/1024x","https://nc.lianjia.com/ershoufang/103127157861.html"
"1106","2024-10-29 15:00:07","九龙湖 近地铁 家具家电都带 新力物业 四季常青园林","85","9528","3室2厅","高楼层/共27层","南","平层/精装","89.22平米","板塔结合","新力琥珀园一期","红谷滩","https://vrlab-image4.ljcdn.com/release/screenshot/auto3d-Sv0IAscYnmZcxbwk1B3zaW/fac2533a1eb0b5484d247e63bfeacfcc/1722563467_2/pc0_DXIrjKaF1.jpg?imageMogr2/quality/70/thumbnail/1024x","https://nc.lianjia.com/ershoufang/103134911814.html"
"1107","2024-10-29 15:00:17","朝阳热盘  绿地  3房2卫  好楼层   急售","125","12837","3室2厅","高楼层/共32层","南","平层/毛坯","97.38平米","板楼","绿地朝阳中心","西湖区","https://vrlab-image4.ljcdn.com/release/screenshot/auto3d-GjfOgHibcFbdVJ9gdkSXXS/eb49dcd813a13c4474e371de4295f01b/1706325082_0/pc0_Q2WFST5eZ.jpg?imageMogr2/quality/70/thumbnail/1024x","https://nc.lianjia.com/ershoufang/103131023165.html"
"1108","2024-10-29 15:00:28","国贸阳光好楼层精装修通透大三房拎包入住即可全天太阳","208","17319","3室2厅","中楼层/共32层","南","平层/精装","120.1平米","板楼","国贸阳光","西湖区","https://vrlab-image4.ljcdn.com/release/screenshot/auto3d-k3q3E4-O4sv_gw3lqyvs5U/08914b3b3ab4f59ee621b370e1bf110b/1726887307_1/pc0_atFoX222K.jpg?imageMogr2/quality/70/thumbnail/1024x","https://nc.lianjia.com/ershoufang/103136125580.html"
"1109","2024-10-29 15:00:38","想买滨江明珠小区房可以点进来看一下，小区环境品质好","75","8634","2室1厅","低楼层/共31层","东","平层/精装","86.87平米","板塔结合","滨江明珠","西湖区","https://vrlab-image4.ljcdn.com/release/auto3dhd/47aa2c81ec0d9ab09f42faf39b79f3f1/screenshot/1679535503_0/pc0_Xcqg6khfY.jpg?imageMogr2/quality/70/thumbnail/1024x","https://nc.lianjia.com/ershoufang/103129981130.html"
"1110","2024-10-29 15:00:48","世纪中央城一期好房出售、房东诚心卖、","86","23370","1室1厅","低楼层/共27层","南 北","平层/其他","36.8平米","板塔结合","世纪中央城一期","红谷滩","https://vrlab-image4.ljcdn.com/release/screenshot/auto3d-09NrTS0R7iQa3Dm3U23Mii/0ad6bd7295d07482459c4558cdb5cd51/1727417395_0/pc0_8GVSI69tj.jpg?imageMogr2/quality/70/thumbnail/1024x","https://nc.lianjia.com/ershoufang/103136250674.html"
"1111","2024-10-29 15:00:59","香缇溪岸 精装三房 房东诚心出售","80","7388","3室2厅","高楼层/共28层","南","平层/精装","108.29平米","板楼","香缇溪岸","青山湖区","https://vrlab-image4.ljcdn.com/release/screenshot/auto3d-eQoBIrtpVJLzHR9qG1sc_1/80edc7f6f1f39f1afb0651d5cdc68536/1714283561_0/pc0_3QmpuMzCO.jpg?imageMogr2/quality/70/thumbnail/1024x","https://nc.lianjia.com/ershoufang/103132795335.html"
"1112","2024-10-29 15:01:09","地铁口 精装小三房 视野采光佳","70","7821","3室2厅","中楼层/共34层","南 北","平层/精装","89.51平米","塔楼","新力禧园","红谷滩","https://vrlab-image4.ljcdn.com/release/auto3dhd/23752aabf16abe5cce0b4fd90618ba17/screenshot/1675750853_3/pc0_gySnfhgZ6.jpg?imageMogr2/quality/70/thumbnail/1024x","https://nc.lianjia.com/ershoufang/103123974512.html"
"1113","2024-10-29 15:01:19","精装2房，优质楼层，房东诚心出售。","135","15480","2室2厅","中楼层/共6层","南 北","平层/精装","87.21平米","板楼","名门世家","红谷滩","https://vrlab-image4.ljcdn.com/release/screenshot/auto3d-6WUGQw6sCyhu5gUragMDGB/df6e3337d1144fd34e232cd5b6ccdbbc/1723877703_1/pc0_00t1GYHvY.jpg?imageMogr2/quality/70/thumbnail/1024x","https://nc.lianjia.com/ershoufang/103135166471.html"
"1114","2024-10-29 15:01:30","广润门三区 3室2厅 南 北","27.5","5226","3室2厅","高楼层/共6层","南 北","复式/简装","52.63平米","板楼","广润门三区","西湖区","https://vrlab-image4.ljcdn.com/release/auto3dhd/45a3d262af50ffc6b5ffb91f503c8bbc/screenshot/1631847030_4/pc0_IWsvs4lvy.jpg?imageMogr2/quality/70/thumbnail/1024x","https://nc.lianjia.com/ershoufang/103135950373.html"
"1115","2024-10-29 15:01:40","诚心出售 业主买了大房子 要米 你懂的","83","9701","2室2厅","低楼层/共10层","南","平层/其他","85.56平米","板楼","海亮尊园","青山湖区","https://vrlab-image4.ljcdn.com/release/screenshot/auto3d-GHKcviByIm0u86pFCHwoL8/4a9f39e77fd65b6e4288e4fc916f817d/1729216880_12/pc0_lS2nbILND.jpg?imageMogr2/quality/70/thumbnail/1024x","https://nc.lianjia.com/ershoufang/103136710013.html"
"1116","2024-10-29 15:01:51","红角洲小面积户型，国事业单位，白领，大学生","22","6238","1室0厅","中楼层/共23层","南","平层/简装","35.27平米","板塔结合","绿地启航社","红谷滩","https://vrlab-image4.ljcdn.com/release/screenshot/auto3d-WcUMpVIMHQeqkCrS6PEwjV/76f4564db2da03de7b169b9d1fbfb79b/1726722760_0/pc0_kbSrZpVIL.jpg?imageMogr2/quality/70/thumbnail/1024x","https://nc.lianjia.com/ershoufang/103136045124.html"
"1117","2024-10-29 15:02:01","万达花园御园 高层精装三房视野好 楼下秋水广场","169","13468","3室2厅","中楼层/共32层","南","平层/精装","125.49平米","板塔结合","万达华府","红谷滩","https://vrlab-image4.ljcdn.com/release/screenshot/auto3d-QlfI3v8CRlLfKvmCjL0vMu/0e19aaa0449d869b8d6a6035ef1aaffa/1725680263_0/pc0_AJ6hQ7Ljt.jpg?imageMogr2/quality/70/thumbnail/1024x","https://nc.lianjia.com/ershoufang/103134788354.html"
"1118","2024-10-29 15:02:12","朝阳新城，联发物业，装修保养好，诚心出售.","155","14351","3室2厅","中楼层/共33层","南","平层/精装","108.01平米","板楼","联发君领朝阳","西湖区","https://vrlab-image4.ljcdn.com/release/screenshot/auto3d-LpbNar_idUKiqVvgIi6qGn/3d6a4767027f595941307265ad407987/1716008790_3/pc0_bnjNjlYRU.jpg?imageMogr2/quality/70/thumbnail/1024x","https://nc.lianjia.com/ershoufang/103133186993.html"
"1119","2024-10-29 15:02:22","房东诚心出售洋房复试随时看房价格可以","83","11528","3室2厅","高楼层/共6层","南","复式/简装","72平米","板楼","红谷新城","新建区","https://vrlab-image4.ljcdn.com/release/screenshot/auto3d-oZb428ZMnqxOyxMjrf1ekB/afafb4701e7f34d20e8905566eb2813a/1724894072_5/pc0_YPI0MmSYK.jpg?imageMogr2/quality/70/thumbnail/1024x","https://nc.lianjia.com/ershoufang/103135550271.html"
"1120","2024-10-29 15:02:32","急售 近红谷滩 英伦联邦带阳光房 阳光好","82","8996","3室2厅","高楼层/共33层","南","平层/精装","91.16平米","塔楼","洪客隆英伦联邦","经开区","https://vrlab-image4.ljcdn.com/release/screenshot/auto3d-xJ_7pqRxf3QgabvFI4-8eV/de0088a97d2f9ef30b57a8f0426113f0/1723796089_13/pc0_Zx6koo9VZ.jpg?imageMogr2/quality/70/thumbnail/1024x","https://nc.lianjia.com/ershoufang/103135310574.html"
"1121","2024-10-29 15:02:43","医学院，2.3号地铁口，有院子门卫可停车，带个储藏间","85","8283","3室1厅","中楼层/共8层","南","平层/其他","102.63平米","暂无数据","南昌大学医学院住宅区","东湖区","https://vrlab-image4.ljcdn.com/release/auto3dhd/976d3290a4a8b73cbccd390f29d781fa/screenshot/1601081906_0/pc0_ZeT0Iqh2A.jpg?imageMogr2/quality/70/thumbnail/1024x","https://nc.lianjia.com/ershoufang/103136056359.html"
"1122","2024-10-29 15:02:53","恒大绿洲六期环境优美，溪水环伺，鸟语花香，天然氧吧","85","4861","4室2厅","中楼层/共32层","东南","平层/其他","174.89平米","塔楼","恒大绿洲","南昌县","https://vrlab-image4.ljcdn.com/release/screenshot/auto3d-5j96M4fy_4fn6pzI74GG9f/c8d34253615ce858f13668db58d70902/1729996777_3/pc0_mbNVb9y9r.jpg?imageMogr2/quality/70/thumbnail/1024x","https://nc.lianjia.com/ershoufang/103136769272.html"
"1123","2024-10-29 15:03:03","海上传奇小高层，万科小区 环境好，可拎包入住","220","19403","3室2厅","低楼层/共11层","南","平层/精装","113.39平米","塔楼","万科海上传奇","高新区","https://vrlab-image4.ljcdn.com/release/screenshot/auto3d-AuFAK7zM6YjsCf2iZ5yQst/ac6d196f5e4505d9ccc80a4179ea3b2b/1724397963_0/pc0_Wc6Pt4yD1.jpg?imageMogr2/quality/70/thumbnail/1024x","https://nc.lianjia.com/ershoufang/103135355591.html"
"1124","2024-10-29 15:03:14","温莎城堡  毛坯通透小三房  中意楼层 总价低 配套成熟","88","9662","3室2厅","中楼层/共33层","南","平层/毛坯","91.08平米","板塔结合","绿都悦府","高新区","https://vrlab-image4.ljcdn.com/release/auto3dhd/3a2bb502d52121bafc5db6d1d6e30aaa/screenshot/1672362763_0/pc0_dLzaXJUWu.jpg?imageMogr2/quality/70/thumbnail/1024x","https://nc.lianjia.com/ershoufang/103123759378.html"
"1125","2024-10-29 15:03:24","一看就喜欢的装修。可以拎包入住，诚心出售","121","9826","3室2厅","低楼层/共33层","南 北","平层/精装","123.15平米","板楼","湖韵天成","高新区","https://vrlab-image4.ljcdn.com/release/auto3dhd/a8af0eff0eb81c114519a4feb38bf971/screenshot/1682401966_0/pc0_JkW8nQQ07.jpg?imageMogr2/quality/70/thumbnail/1024x","https://nc.lianjia.com/ershoufang/103136275354.html"
"1126","2024-10-29 15:03:34","一期低密度洋房社区   自住品质装修  前后露台","265","18885","4室2厅","中楼层/共6层","南","平层/精装","140.33平米","板楼","绿地国际博览城一期藏珑","红谷滩","https://vrlab-image4.ljcdn.com/release/screenshot/auto3d-V6L4n1UDHsswNAACNPw7cF/2ef2f5844f1930dc6bcc725b044fb7d9/1723253759_0/pc0_YrmFVEijK.jpg?imageMogr2/quality/70/thumbnail/1024x","https://nc.lianjia.com/ershoufang/103135014931.html"
"1127","2024-10-29 15:03:45","小区人车分流，小区绿化优美。地铁4号线，九龙湖大桥","85","7949","3室2厅","高楼层/共31层","南 北","平层/毛坯","106.94平米","塔楼","澜湖御景","南昌县","https://vrlab-image4.ljcdn.com/release/auto3dhd/ff2c204c627d264b7d5af3b7ccdf9a87/screenshot/1656231259_0/pc0_jPbfq8IC0.jpg?imageMogr2/quality/70/thumbnail/1024x","https://nc.lianjia.com/ershoufang/103120699424.html"
"1128","2024-10-29 15:03:55","此房业主诚意出售，近地铁口，交通便利","135","11113","3室2厅","低楼层/共17层","南","平层/精装","121.48平米","板楼","丰和新城南苑","红谷滩","https://vrlab-image4.ljcdn.com/release/screenshot/auto3d-SBkBo_QFeGLYoQhRBuvfwb/3ab21dcc894228e96d328bd4e0ea68b4/1723602834_4/pc0_Ga597ZStR.jpg?imageMogr2/quality/70/thumbnail/1024x","https://nc.lianjia.com/ershoufang/103135211278.html"
"1129","2024-10-29 15:04:05","红谷滩九龙湖绿地国博一期精装房出售","80","8317","3室2厅","高楼层/共32层","东南","平层/简装","96.19平米","板楼","绿地国际博览城一期卧珑","红谷滩","https://vrlab-image4.ljcdn.com/release/auto3dhd/360918409d54490d6af7f93c94386934/screenshot/1626839176_2/pc0_t5SJNsw4p.jpg?imageMogr2/quality/70/thumbnail/1024x","https://nc.lianjia.com/ershoufang/103115935160.html"
"1130","2024-10-29 15:04:16","花海旁 户型方正 视野开阔 万达旁 绿地高品质楼盘","137.8","11484","3室2厅","低楼层/共32层","南 北","平层/精装","120平米","板楼","绿地中央公园璞悦","新建区","https://vrlab-image4.ljcdn.com/release/screenshot/auto3d-novgl6k5UL5oBnGikzU3m9/8be134a13700334bef0bb0370b294256/1716860224_0/pc0_iY1POPSfz.jpg?imageMogr2/quality/70/thumbnail/1024x","https://nc.lianjia.com/ershoufang/103132434517.html"
"1131","2024-10-29 15:04:26","急售红谷新城精装修三房户型方正好楼层，全天的太阳","108","12290","3室2厅","中楼层/共6层","南","平层/其他","87.88平米","板楼","红谷新城","新建区","https://vrlab-image4.ljcdn.com/release/screenshot/auto3d-pL8ELrd7mljCjid8BSIrRT/e11a14ff6eb95b4f654216691fbe5f3d/1727400148_0/pc0_iDvqJ6jC3.jpg?imageMogr2/quality/70/thumbnail/1024x","https://nc.lianjia.com/ershoufang/103136258532.html"
"1132","2024-10-29 15:04:36","地铁口绳金塔旁，太阳光线好，户型好，诚心出售","32","4115","2室1厅","高楼层/共6层","南","平层/简装","77.78平米","暂无数据","会堂侧路","西湖区","https://vrlab-image4.ljcdn.com/release/screenshot/auto3d-wfeZGTK_gAl21pKefQiRXe/745c62d481dc6748c7f1550583842ace/1704937362_0/pc0_szTn6u1MG.jpg?imageMogr2/quality/70/thumbnail/1024x","https://nc.lianjia.com/ershoufang/103130777213.html"
"1133","2024-10-29 15:04:46","中海铂宫 婚房装修  不靠高架  中间楼层   诚心出售","129","13338","3室2厅","中楼层/共33层","南 北","平层/精装","96.72平米","板楼","中海朝阳郡铂宫","西湖区","https://vrlab-image4.ljcdn.com/release/screenshot/auto3d-cr-WLwiewBYnoW7c0vCeZK/9c721f6b0e55679ed76ccf15687cbc9e/1719563762_10/pc0_s3OXyek6n.jpg?imageMogr2/quality/70/thumbnail/1024x","https://nc.lianjia.com/ershoufang/103134131338.html"
"1134","2024-10-29 15:04:57","锦苑阳光大三房 北面无挡 阳光充足 视野开阔","66","4584","3室2厅","低楼层/共33层","南","平层/毛坯","143.99平米","板楼","锦苑阳光","新建区","https://vrlab-image4.ljcdn.com/release/screenshot/auto3d-4Z_d7Edr-MY8hAzBZLfqBS/87e0c5c9aa36b0a95e24a474859338eb/1712211432_3/pc0_Yh8419Eth.jpg?imageMogr2/quality/70/thumbnail/1024x","https://nc.lianjia.com/ershoufang/103131923333.html"
"1135","2024-10-29 15:05:07","地铁在旁，出门就是万象汇，次新房小区环境好，诚售","165","15446","3室2厅","中楼层/共32层","南 北","平层/精装","106.83平米","板塔结合","华润青山湖万象汇","青山湖区","https://vrlab-image4.ljcdn.com/release/screenshot/auto3d-RZrxC1qrWbXV8zco5oGokT/ac2840f1633b7ee5142553d50d392125/1723351202_0/pc0_vTAJMiE28.jpg?imageMogr2/quality/70/thumbnail/1024x","https://nc.lianjia.com/ershoufang/103133909404.html"
"1136","2024-10-29 15:05:18","联泰香域滨 四房二厅阳光充足前后阳台精装修拎包入住","250","16793","4室2厅","高楼层/共17层","南","平层/精装","148.88平米","板塔结合","联泰香域滨江","红谷滩","https://vrlab-image4.ljcdn.com/release/screenshot/auto3d-VzJ5lJRaf_GoxJQhnXxqA6/093be9989e45b8708837800c9289f0da/1725948826_5/pc0_Y7eNFdKe8.jpg?imageMogr2/quality/70/thumbnail/1024x","https://nc.lianjia.com/ershoufang/103135729963.html"
"1137","2024-10-29 15:05:28","摩天轮旁 梵顿公馆二期 通透两房","128","13912","2室2厅","高楼层/共18层","南","平层/精装","92.01平米","塔楼","新里梵顿公馆凡尔赛区","红谷滩","https://vrlab-image4.ljcdn.com/release/screenshot/auto3d-4i5yEcGv7Balh_V7EiNLza/c510a2c5adc33172d807be5a2dda3880/1706241285_0/pc0_l6bHGlJKE.jpg?imageMogr2/quality/70/thumbnail/1024x","https://nc.lianjia.com/ershoufang/103130939598.html"
"1138","2024-10-29 15:05:38","地铁3号线，高品质毛坯大三房，无贷款","62","4653","3室2厅","高楼层/共17层","南","平层/毛坯","133.26平米","塔楼","天伦华庭","南昌县","https://vrlab-image4.ljcdn.com/release/auto3dhd/4c2404d9ff26f1eafde2d9db0812cd19/screenshot/1624157495_0/pc0_EXKHOnNie.jpg?imageMogr2/quality/70/thumbnail/1024x","https://nc.lianjia.com/ershoufang/103115049725.html"
"1139","2024-10-29 15:05:49","中央首府，出门就是公园，配套很好","68","7556","3室2厅","低楼层/共27层","东南","平层/精装","90平米","塔楼","中央首府","南昌县","https://vrlab-image4.ljcdn.com/release/screenshot/auto3d-lsOgS_ABNHqLnr8hhUUzEd/e2730d1a125b23c5b2ab50d059d76f3f/1725095917_0/pc0_PQ0xrQG8O.jpg?imageMogr2/quality/70/thumbnail/1024x","https://nc.lianjia.com/ershoufang/103135600585.html"
"1140","2024-10-29 15:05:59","万科四季花城北区精装2房，楼层好，房东诚心出售","130","14450","2室2厅","中楼层/共6层","南","平层/精装","89.97平米","塔楼","万科四季花城北区","高新区","https://vrlab-image4.ljcdn.com/release/screenshot/auto3d-zDpp_9ks1xNEXmNXMbeA2a/b04f99a1e55ddf24c8803da5865b5c11/1710645845_0/pc0_joAdKIQYa.jpg?imageMogr2/quality/70/thumbnail/1024x","https://nc.lianjia.com/ershoufang/103135564284.html"
"1141","2024-10-29 15:06:09","房子户型好，标准小三房，阳光充足，小区物业严谨","129","11166","3室2厅","高楼层/共17层","南 北","平层/精装","115.53平米","板楼","龙居东郡","青山湖区","https://vrlab-image4.ljcdn.com/release/auto3dhd/010ff69f37bd86c528dc68bb20037dab/screenshot/1677400317_0/pc0_DDJGon10Y.jpg?imageMogr2/quality/70/thumbnail/1024x","https://nc.lianjia.com/ershoufang/103124455453.html"
"1142","2024-10-29 15:06:20","通透端户，自住装保养好，保利品质小区，配套完善","120","11407","3室2厅","低楼层/共33层","南","平层/精装","105.2平米","塔楼","保利金香槟","高新区","https://vrlab-image4.ljcdn.com/release/screenshot/auto3d-jQSpJZhLRhUrft9wkdFUJb/ca0e75f7427190adf7a125ca5e5c89e9/1697076369_0/pc0_vDlayNJLr.jpg?imageMogr2/quality/70/thumbnail/1024x","https://nc.lianjia.com/ershoufang/103129190160.html"
"1143","2024-10-29 15:06:30","视线开阔，配套完善，出行方便，中间楼层","75","8569","3室2厅","中楼层/共30层","南","平层/精装","87.53平米","塔楼","星洲国际","南昌县","https://vrlab-image4.ljcdn.com/release/auto3dhd/77d9251d379dc7c87287c4d2bd57dbb2/screenshot/1683681136_9/pc0_KU2AKmPJI.jpg?imageMogr2/quality/70/thumbnail/1024x","https://nc.lianjia.com/ershoufang/103126138179.html"
"1144","2024-10-29 15:06:40","降价了！博翠小区楼下是雨阳公园北面看江","150","11916","3室2厅","中楼层/共32层","南","平层/毛坯","125.89平米","板楼","绿地国际博览城二期博翠","红谷滩","https://vrlab-image4.ljcdn.com/release/screenshot/auto3d-W9UOI630uinRV_KO8YvYWI/8161d2637026c6fb78d8f79f14914cc6/1713340888_12/pc0_fU0TcD8uk.jpg?imageMogr2/quality/70/thumbnail/1024x","https://nc.lianjia.com/ershoufang/103132190608.html"
"1145","2024-10-29 15:06:51","小区新 小洋房 配套完善 交通便利 舒适度高","220","17754","4室2厅","高楼层/共6层","南","平层/其他","123.92平米","板楼","力高滨湖国际","高新区","https://vrlab-image4.ljcdn.com/release/screenshot/auto3d-HNov3vdq4GSYqyFdRbZfWf/c5e452f5a08f0ab936aad32e19f22e07/1729302467_10/pc0_rqw4LC0lO.jpg?imageMogr2/quality/70/thumbnail/1024x","https://nc.lianjia.com/ershoufang/103136513832.html"
"1146","2024-10-29 15:07:01","万达星城西区中上楼层2房，采光好，出入方便","110","13318","2室2厅","中楼层/共18层","南","平层/精装","82.6平米","板塔结合","万达星城西区","红谷滩","https://vrlab-image4.ljcdn.com/release/screenshot/auto3d-RxPuJxIfK-jIUZvavzx6La/6c18a5f328c3fee7264dd3868d47d675/1720335977_4/pc0_7wDOOlNho.jpg?imageMogr2/quality/70/thumbnail/1024x","https://nc.lianjia.com/ershoufang/103133924105.html"
"1147","2024-10-29 15:07:11","吾悦广场次新品质小区，环境好，居住舒适，出行方便","103","8513","3室2厅","低楼层/共33层","南","平层/精装","121平米","板楼","天兴翰林苑","新建区","https://vrlab-image4.ljcdn.com/release/screenshot/auto3d-maHGmkBYUWw8v5rYK2czAj/5b240bad27c082b77fd4ffcb78547afb/1727232486_1/pc0_9T07B4qXc.jpg?imageMogr2/quality/70/thumbnail/1024x","https://nc.lianjia.com/ershoufang/103136196845.html"
"1148","2024-10-29 15:07:22","绿地国际博览城一期御珑楼层好视野开阔业主诚心出售","170","13629","3室2厅","中楼层/共6层","南 北","平层/毛坯","124.74平米","塔楼","绿地国际博览城一期御珑","红谷滩","https://vrlab-image4.ljcdn.com/release/auto3dhd/eeafe2ad372a1046bc8215a8247f9883/screenshot/1636877319_0/pc0_KVWvHUbGm.jpg?imageMogr2/quality/70/thumbnail/1024x","https://nc.lianjia.com/ershoufang/103118062288.html"
"1149","2024-10-29 15:07:32","山姆华润旁 地铁 30万精装修三房    拧包入住","210","19682","3室2厅","中楼层/共16层","南 北","平层/精装","106.7平米","板楼","联泰桥郡","红谷滩","https://vrlab-image4.ljcdn.com/release/screenshot/auto3d-JrNoyIdcnuwm82MFdWT9Iy/848bf048324f36787de871f5219478d4/1718439260_0/pc0_vcHzbaZSn.jpg?imageMogr2/quality/70/thumbnail/1024x","https://nc.lianjia.com/ershoufang/103133721056.html"
"1150","2024-10-29 15:07:42","央央春天旁正规大两房 双地铁口 全天太阳","50","5286","2室2厅","中楼层/共8层","南","平层/简装","94.6平米","板楼","永外正街","东湖区","https://vrlab-image4.ljcdn.com/release/screenshot/auto3d-kTux-8ceJtvuVLJThktese/0417147227a0a25a2c6c081e12b00a75/1725095321_11/pc0_WLbcRwjGz.jpg?imageMogr2/quality/70/thumbnail/1024x","https://nc.lianjia.com/ershoufang/103128358737.html"
"1151","2024-10-29 15:07:53","联泰物业 小区中间两房 价格好采光好","118","13344","2室1厅","中楼层/共18层","南 北","平层/精装","88.43平米","板塔结合","联泰香域滨江","红谷滩","https://vrlab-image4.ljcdn.com/release/screenshot/auto3d-uhqNPYtrBRWJYXgFfoBecq/7d10d7195809274276f63d79f78d00ec/1727660626_0/pc0_KiDOvUH9D.jpg?imageMogr2/quality/70/thumbnail/1024x","https://nc.lianjia.com/ershoufang/103136179425.html"
"1152","2024-10-29 15:08:03","金  牌物业 南昌西站旁 双地铁口      品质小区","142","10453","4室2厅","中楼层/共7层","南 北","平层/毛坯","135.85平米","板楼","新力合园","红谷滩","https://vrlab-image4.ljcdn.com/release/auto3dhd/5f40a1f841de35dfb462377c19416132/screenshot/1671171230_3/pc0_wxPyO7hFo.jpg?imageMogr2/quality/70/thumbnail/1024x","https://nc.lianjia.com/ershoufang/103123339979.html"
"1153","2024-10-29 15:08:13","此小区地处红角洲区域，步行500米到地铁二号","266","17592","4室2厅","高楼层/共10层","南 北","平层/精装","151.21平米","板楼","新里梵顿公馆凡尔赛区","红谷滩","https://vrlab-image4.ljcdn.com/release/screenshot/auto3d-tTM6De2oG-nxfCut6LEoXx/4b06ef0fff008ff3ea3d13a603481948/1725678581_0/pc0_56cosZz2B.jpg?imageMogr2/quality/70/thumbnail/1024x","https://nc.lianjia.com/ershoufang/103135849440.html"
"1154","2024-10-29 15:08:24","业主急售二加一户型 配套齐全 生活出行便利","82","8907","3室2厅","中楼层/共33层","南","平层/简装","92.07平米","板楼","联发君悦湖","高新区","https://vrlab-image4.ljcdn.com/release/auto3dhd/7958c7f32bd9348aa8b89073afe107a1/screenshot/1686382299_0/pc0_WuCRXsflj.jpg?imageMogr2/quality/70/thumbnail/1024x","https://nc.lianjia.com/ershoufang/103126546468.html"
"1155","2024-10-29 15:08:34","金科集美阳光 洋房 楼层好 通透大三房 诚心卖","87","8154","3室2厅","高楼层/共10层","南","平层/精装","106.7平米","暂无数据","金科集美阳光","经开区","https://vrlab-image4.ljcdn.com/release/screenshot/auto3d-6KzTXAL-3RStZ0P55vDi6R/532bad0b8f6940920a38f186581c1da5/1724134172_0/pc0_FuWZWQHnb.jpg?imageMogr2/quality/70/thumbnail/1024x","https://nc.lianjia.com/ershoufang/103129975390.html"
"1156","2024-10-29 15:08:44","江铃瓦良格精装三房，出门地铁口，九颂荟商场繁华地段","85","6029","4室2厅","高楼层/共30层","南","平层/精装","141平米","塔楼","江铃瓦良格","南昌县","https://vrlab-image4.ljcdn.com/release/screenshot/auto3d-FjJqCpI1XUlrLEQUOuFOhq/04c85dec8b6bb988d0f4e607fdfe1863/1729053316_5/pc0_6rDARibPh.jpg?imageMogr2/quality/70/thumbnail/1024x","https://nc.lianjia.com/ershoufang/103136627208.html"
"1157","2024-10-29 15:08:55","万科品质小区，物业好，小区环境好配套齐全交通便利","179","16257","3室2厅","中楼层/共34层","南","平层/精装","110.11平米","板塔结合","万科海上传奇","高新区","https://vrlab-image4.ljcdn.com/release/screenshot/auto3d-vBZcRvqd5iWCVJ69HxjfMT/672b8496e4736463a9c550353e823806/1701917203_0/pc0_3v0s8kD5s.jpg?imageMogr2/quality/70/thumbnail/1024x","https://nc.lianjia.com/ershoufang/103129977324.html"
"1158","2024-10-29 15:09:05","大三房 精装修 中间楼层  业主急售 全天太阳 随时看房","59","6014","3室2厅","低楼层/共8层","南 北","平层/其他","98.11平米","板楼","洪都新村","青山湖区","https://vrlab-image4.ljcdn.com/release/screenshot/auto3d-8H70nwEPLTN5VziZJQbBuU/d49f79bb5263e90e30e723d138b04f80/1726386420_4/pc0_4U1fmDHFd.jpg?imageMogr2/quality/70/thumbnail/1024x","https://nc.lianjia.com/ershoufang/103135989665.html"
"1159","2024-10-29 15:09:15","1号线，湖景房，地段好，交通方便","13","3372","1室1厅","中楼层/共28层","南","平层/毛坯","38.56平米","塔楼","君汇半岛","高新区","https://vrlab-image4.ljcdn.com/release/auto3dhd/8fd7a7c56d354e63e8ed9c5174611e7a/screenshot/1632386312_0/pc0_3v4m0T6dI.jpg?imageMogr2/quality/70/thumbnail/1024x","https://nc.lianjia.com/ershoufang/103116932226.html"
"1160","2024-10-29 15:09:26","正荣华润玲珑府 4室2厅 南","158","12697","4室2厅","中楼层/共9层","南","平层/精装","124.44平米","塔楼","正荣华润玲珑府","红谷滩","https://vrlab-image4.ljcdn.com/release/auto3dhd/945d90a9ff59ef139146a36ee7679a4c/screenshot/1651807365_0/pc0_Vn7Lq0LaA.jpg?imageMogr2/quality/70/thumbnail/1024x","https://nc.lianjia.com/ershoufang/103120246477.html"
"1161","2024-10-29 15:09:36","小区边入住天虹商*，乐盈广场生活休闲娱乐一应俱全","46","6134","2室1厅","低楼层/共7层","南 北","平层/简装","75平米","塔楼","绿腾雅苑","经开区","https://vrlab-image4.ljcdn.com/release/auto3dhd/4d9360d543ad0cc09a9e13634875bbc8/screenshot/1626850102_1/pc0_7U5EbmKHp.jpg?imageMogr2/quality/70/thumbnail/1024x","https://nc.lianjia.com/ershoufang/103113715048.html"
"1162","2024-10-29 15:09:46","16楼层精致两房，房型好，不容错过哦","48.8","5689","2室2厅","高楼层/共21层","南","平层/精装","85.79平米","板楼","丰源·淳和","南昌县","https://vrlab-image4.ljcdn.com/release/auto3dhd/4724d2e4452fbc5f9e3132c0c02f44c1/screenshot/1600493514_5/pc0_bJfeIUhZj.jpg?imageMogr2/quality/70/thumbnail/1024x","https://nc.lianjia.com/ershoufang/103110185342.html"
"1163","2024-10-29 15:09:56","次新房 全新一天未住 带空调 通透户型","135","10706","3室2厅","低楼层/共33层","南 北","平层/精装","126.1平米","板楼","新力渥园","高新区","https://vrlab-image4.ljcdn.com/release/screenshot/auto3d-tEN8ypMEzqcEU3q10Md_fX/b606fd34284310f98f36e2423b042ff8/1720496960_2/pc0_pcaS64cY4.jpg?imageMogr2/quality/70/thumbnail/1024x","https://nc.lianjia.com/ershoufang/103134329441.html"
"1164","2024-10-29 15:10:07","薪上优质好房随时看视野采光楼层很好业主置换诚心出售","120","13837","2室2厅","中楼层/共16层","南","平层/其他","86.73平米","板楼","绿湖豪城二期","红谷滩","https://vrlab-image4.ljcdn.com/release/screenshot/auto3d-yKlIKvD0YmHx6pcV4wVlyJ/a43ced79e763960edb9490d548e601d0/1729314789_0/pc0_faVSnwwBw.jpg?imageMogr2/quality/70/thumbnail/1024x","https://nc.lianjia.com/ershoufang/103136703853.html"
"1165","2024-10-29 15:10:17","融创品质江边 端户三房，家门口配套成熟，楼层视野好","136","10818","3室2厅","中楼层/共33层","南 北","平层/精装","125.72平米","板楼","融创望江府","红谷滩","https://vrlab-image4.ljcdn.com/release/screenshot/auto3d-I20KEFLfI2zfEVfg0bfaoR/0749eac0cf7ed838d6bca9733b43c2cc/1710385434_0/pc0_d1xereBqi.jpg?imageMogr2/quality/70/thumbnail/1024x","https://nc.lianjia.com/ershoufang/103131757669.html"
"1166","2024-10-29 15:10:28","赣江边，江景通透大四房，环境优美，急售","98","6513","4室1厅","低楼层/共34层","南","平层/毛坯","150.49平米","塔楼","万达文化旅游城M2区","红谷滩","https://vrlab-image4.ljcdn.com/release/auto3dhd/a71c8658a7d50371b1c4995f4067dbf1/screenshot/1675833364_0/pc0_FpfW1n0xv.jpg?imageMogr2/quality/70/thumbnail/1024x","https://nc.lianjia.com/ershoufang/103136298300.html"
"1167","2024-10-29 15:10:38","地中海阳光精装修三房 拎包入住 看房方便","140","14357","3室2厅","低楼层/共17层","南","平层/精装","97.52平米","塔楼","地中海阳光","红谷滩","https://vrlab-image4.ljcdn.com/release/screenshot/auto3d-olOWXjJBnjhvr8ktCegF_a/4dff553ee1ad5f95fd06f59ff2dc3374/1725178049_0/pc0_wbFzfV8mq.jpg?imageMogr2/quality/70/thumbnail/1024x","https://nc.lianjia.com/ershoufang/103127425381.html"
"1168","2024-10-29 15:10:48","红谷滩万达广场旁 江信国际花园","48","6735","1室1厅","中楼层/共22层","南 北","平层/简装","71.28平米","板塔结合","江信国际花园","红谷滩","https://vrlab-image4.ljcdn.com/release/screenshot/auto3d-WSK3ejgE-4VFBIFpWibf6z/e03e2da1b2d38b4280fbf23ce3e54e1c/1729748043_2/pc0_uxjQFxyTh.jpg?imageMogr2/quality/70/thumbnail/1024x","https://nc.lianjia.com/ershoufang/103135333939.html"
"1169","2024-10-29 15:10:59","小高层 读书近 全天日照 距离管委会近 治安好","78","6100","3室2厅","中楼层/共17层","南 北","平层/精装","127.88平米","板楼","润碧康城","经开区","https://vrlab-image4.ljcdn.com/release/screenshot/auto3d-q4RD3ig6s-_NNSi2XvDoRh/48474f6acaf41b4a3f5070934e14b916/1729133466_0/pc0_7CCvCttSZ.jpg?imageMogr2/quality/70/thumbnail/1024x","https://nc.lianjia.com/ershoufang/103136631058.html"
"1170","2024-10-29 15:11:09","通透精装三房，房子装修很好 保养也很好，拎包入住","88","11255","3室2厅","高楼层/共33层","南 北","平层/精装","78.19平米","塔楼","南天金源","经开区","https://vrlab-image4.ljcdn.com/release/screenshot/auto3d-JLekrCOr3-e6xh5yuWJbV1/20ef8fba3d0dcde952ee364ac0745030/1717808452_0/pc0_ih9JVKvh5.jpg?imageMogr2/quality/70/thumbnail/1024x","https://nc.lianjia.com/ershoufang/103133625252.html"
"1171","2024-10-29 15:12:50","路通城邦精装房   楼层好  交通便利","76","8573","2室2厅","低楼层/共6层","南","平层/精装","88.66平米","板塔结合","路通城邦小区","南昌县","https://vrlab-image4.ljcdn.com/release/auto3dhd/8041b10d408ca90a9170c60c3eb8be7c/screenshot/1692150133_0/pc0_t6x9Lezqd.jpg?imageMogr2/quality/70/thumbnail/1024x","https://nc.lianjia.com/ershoufang/103128105304.html"
"1172","2024-10-29 15:13:00","天高进士第两室两厅，业主诚心出售，静候买主","70","7955","2室2厅","中楼层/共24层","南 北","平层/毛坯","88平米","塔楼","麦园景苑","经开区","https://vrlab-image4.ljcdn.com/release/auto3dhd/c89134cc49cb71ba29d07a17d3038897/screenshot/1611714525_7/pc0_vvPjBmcts.jpg?imageMogr2/quality/70/thumbnail/1024x","https://nc.lianjia.com/ershoufang/103113142120.html"
"1173","2024-10-29 15:13:10","城开国际学园 3室2厅 南","125","9184","3室2厅","高楼层/共6层","南","复式/精装","136.11平米","板楼","城开国际学园","新建区","https://vrlab-image4.ljcdn.com/release/auto3dhd/516d5f6b2c9fa52fad69f8654af542bb/screenshot/1591608828_3/pc0_ds9QzHUEw.jpg?imageMogr2/quality/70/thumbnail/1024x","https://nc.lianjia.com/ershoufang/103120996455.html"
"1174","2024-10-29 15:13:21","步梯3楼 大三房 开间宽阔 交通便利 生活方便 门口菜场","85","8417","2室2厅","低楼层/共8层","南","平层/简装","100.99平米","板楼","美丽新世界","新建区","https://vrlab-image4.ljcdn.com/release/screenshot/auto3d-wZG8rDhWfbYRL8u6NL1lvO/8ecdc3fefacec243cfc27fb1bfb5b251/1705474195_0/pc0_ub8KU5o7p.jpg?imageMogr2/quality/70/thumbnail/1024x","https://nc.lianjia.com/ershoufang/103130838333.html"
"1175","2024-10-29 15:13:31","学府雅苑简装两房复式楼，价格可谈，看房方便","80","9196","4室3厅","高楼层/共6层","南 北","平层/简装","87平米","板楼","学府雅苑","新建区","https://vrlab-image4.ljcdn.com/release/screenshot/auto3d-3xFn-iQLOpkF1E2Z_VnUqB/7377475cd2e8291b84dab081a68f35d4/1709435457_9/pc0_T67yR1Vj4.jpg?imageMogr2/quality/70/thumbnail/1024x","https://nc.lianjia.com/ershoufang/103131416383.html"
"1176","2024-10-29 15:13:41","万科金域传奇 精装修3房 全新未入住过","100","8888","3室1厅","高楼层/共28层","南","平层/精装","112.52平米","板楼","万科金域传奇","新建区","https://vrlab-image4.ljcdn.com/release/auto3dhd/00d92b44b22bd5c51ee177c80526ac34/screenshot/1578193951_0/pc0_Kf5XWCOvu.jpg?imageMogr2/quality/70/thumbnail/1024x","https://nc.lianjia.com/ershoufang/103133291190.html"
"1177","2024-10-29 15:13:52","莲塘王家社区 3房 出门就是澄碧湖","108","7279","3室2厅","中楼层/共7层","南 北","平层/精装","148.38平米","板楼","王家社区","南昌县","https://vrlab-image4.ljcdn.com/release/auto3dhd/8a6b99a9ee39cf8d06018038683ad373/screenshot/1666505160_0/pc0_dqoXJAUf5.jpg?imageMogr2/quality/70/thumbnail/1024x","https://nc.lianjia.com/ershoufang/103122951818.html"
"1178","2024-10-29 15:14:02","团结东路  站前西路  位置好 ，。。，。，","36","7200","2室1厅","低楼层/共7层","南 北","平层/简装","50平米","板楼","莲塘团结东路","南昌县","https://vrlab-image4.ljcdn.com/release/auto3dhd/7b9a0d0747c6534304a4c24e366f224d/screenshot/1631590694_5/pc0_9S5j3zSvR.jpg?imageMogr2/quality/70/thumbnail/1024x","https://nc.lianjia.com/ershoufang/103117070566.html"
"1179","2024-10-29 15:14:13","新建城  近万达  精装修带车位","95","8825","3室2厅","高楼层/共34层","南","平层/精装","107.65平米","板楼","通源新建城B5","新建区","https://vrlab-image4.ljcdn.com/release/auto3dhd/cca852c1224ffc0f0d6fad67e96083b6/screenshot/1633673603_1/pc0_HTKbNNjVl.jpg?imageMogr2/quality/70/thumbnail/1024x","https://nc.lianjia.com/ershoufang/103117405160.html"
"1180","2024-10-29 15:14:23","通透格局，有车位，房龄新，拎包入住，楼下就是教育","90","10651","3室2厅","中楼层/共31层","南","平层/精装","84.5平米","板塔结合","金域华府","南昌县","https://vrlab-image4.ljcdn.com/release/screenshot/auto3d-JOGbN5TazQAZSMIrF7EQ3y/c17211a4c83908a221af5f31613ead65/1702019343_0/pc0_IFsyTtuGk.jpg?imageMogr2/quality/70/thumbnail/1024x","https://nc.lianjia.com/ershoufang/103130062914.html"
"1181","2024-10-29 15:14:34","洋房得房率高小区中间位置阳光充足随时看房","120","9524","3室2厅","中楼层/共6层","南","错层/简装","126平米","板楼","城开国际学园","新建区","https://vrlab-image4.ljcdn.com/release/screenshot/auto3d-cW8WaWB1PNVDwI-etHoplc/4ec36e9bfec3a516b7caad37d2a7d883/1718945138_9/pc0_y3F791hwz.jpg?imageMogr2/quality/70/thumbnail/1024x","https://nc.lianjia.com/ershoufang/103134015312.html"
"1182","2024-10-29 15:14:44","万科大3房 物业好 环境好 看房方便","105","9220","3室2厅","低楼层/共11层","南","平层/精装","113.89平米","板楼","万科金域传奇","新建区","https://vrlab-image4.ljcdn.com/release/auto3dhd/2d79a10e7cb1b4fe53fbb5e7d3a8dcf0/screenshot/1689214666_4/pc0_xGgWzcTPL.jpg?imageMogr2/quality/70/thumbnail/1024x","https://nc.lianjia.com/ershoufang/103125942400.html"
"1183","2024-10-29 15:14:54","小区配套完善 户型方正 朝南的格局 采光强","52","4700","2室2厅","中楼层/共6层","南 北","平层/简装","110.65平米","暂无数据","莲塘中大道","南昌县","https://vrlab-image4.ljcdn.com/release/auto3dhd/796081da76f301788c45542c20bfc9d1/screenshot/1657942835_0/pc0_nQmiO1IB7.jpg?imageMogr2/quality/70/thumbnail/1024x","https://nc.lianjia.com/ershoufang/103127300108.html"
"1184","2024-10-29 15:15:05","阳光丽景后面，斗柏路上，毛坯房楼层高","85","6522","3室2厅","高楼层/共8层","南 北","平层/毛坯","130.34平米","板塔结合","农技中心小区","南昌县","https://vrlab-image4.ljcdn.com/release/auto3dhd/323c59508f265fbf14eec7eeac9f0fe4/screenshot/1689663972_0/pc0_ebggluqHq.jpg?imageMogr2/quality/70/thumbnail/1024x","https://nc.lianjia.com/ershoufang/103126590632.html"
"1185","2024-10-29 15:15:15","嘉丽小区 精装三房 房东一天没有住过 领包入住","118","9322","3室2厅","中楼层/共7层","南","平层/精装","126.59平米","板楼","嘉丽小区","南昌县","https://vrlab-image4.ljcdn.com/release/auto3dhd/d5fdccc2bbd3c3c963b885c2f6ebacb6/screenshot/1688691704_0/pc0_JoEcAodMX.jpg?imageMogr2/quality/70/thumbnail/1024x","https://nc.lianjia.com/ershoufang/103127115310.html"
"1186","2024-10-29 15:15:26","下楼莲塘四 中 电梯毛坯通透两房 前后无挡 南面万科","78","8619","2室1厅","低楼层/共22层","南 北","平层/毛坯","90.5平米","塔楼","银城花园","南昌县","https://vrlab-image4.ljcdn.com/release/screenshot/auto3d-5eqPchuD-_wMzQJ0k_3AkH/66b4d82f8823f6b049ca2d7283ec9d94/1714958496_0/pc0_ubu5pEbXg.jpg?imageMogr2/quality/70/thumbnail/1024x","https://nc.lianjia.com/ershoufang/103132184061.html"
"1187","2024-10-29 15:15:36","房东诚心出售桂花苑三房   看房随时","70","7866","3室2厅","中楼层/共18层","南","平层/简装","89平米","板塔结合","金桂花园小区","南昌县","https://vrlab-image4.ljcdn.com/release/auto3dhd/621fbe4897f6b2827478f4d35bafb410/screenshot/1688804166_0/pc0_SFeUgu0gb.jpg?imageMogr2/quality/70/thumbnail/1024x","https://nc.lianjia.com/ershoufang/103124746581.html"
"1188","2024-10-29 15:15:47","丽晶广场 县政府 澄碧湖湿地公园 单身公寓   生活方便","33","7082","1室1厅","低楼层/共28层","南","平层/毛坯","46.6平米","塔楼","丽晶广场","南昌县","https://vrlab-image4.ljcdn.com/release/auto3dhd/bd8c5dff8dae665425a230b9e0e914f9/screenshot/1615949351_3/pc0_KKmtHtNpy.jpg?imageMogr2/quality/70/thumbnail/1024x","https://nc.lianjia.com/ershoufang/103113850167.html"
"1189","2024-10-29 15:15:57","： 红谷新城 大三房 楼层采光好，房东诚心出售","120","13954","3室2厅","低楼层/共6层","东南","平层/精装","86平米","板楼","红谷新城","新建区","https://vrlab-image4.ljcdn.com/release/screenshot/auto3d-QaNNTjfPnfB-D5jSXDOw7y/59a657d121b7554af4f2668da9d1d416/1700363441_8/pc0_F19kinymg.jpg?imageMogr2/quality/70/thumbnail/1024x","https://nc.lianjia.com/ershoufang/103129718262.html"
"1190","2024-10-29 15:16:07","错层的结构，价格便宜，位置在小区位置好","105","9364","3室2厅","低楼层/共6层","南 北","平层/精装","112.14平米","板楼","城开国际学园","新建区","https://vrlab-image4.ljcdn.com/release/auto3dhd/6c0082224776cfbb33de4ac8ab104c72/screenshot/1591503676_0/pc0_LS1RxrXCj.jpg?imageMogr2/quality/70/thumbnail/1024x","https://nc.lianjia.com/ershoufang/103122212377.html"
"1191","2024-10-29 15:16:18","二七北路三房朝南业主诚心出售千花伴旁","110","11535","3室2厅","高楼层/共6层","南","平层/简装","95.37平米","板塔结合","二七北路","东湖区","https://vrlab-image4.ljcdn.com/release/auto3dhd/047901010ae739fd106c4555e05e8b13/screenshot/1621919119_1/pc0_TmPWdGjMf.jpg?imageMogr2/quality/70/thumbnail/1024x","https://nc.lianjia.com/ershoufang/103115109227.html"
"1192","2024-10-29 15:16:28","幸福庄园 装修一室一厅一厨一卫一阳台出售 房东诚售","26.8","7837","1室1厅","中楼层/共7层","南","平层/精装","34.2平米","板楼","幸福庄园","南昌县","https://vrlab-image4.ljcdn.com/release/auto3dhd/cda96d3e15a81b4152ba598abe4ea38d/screenshot/1602292727_0/pc0_1ZknULds4.jpg?imageMogr2/quality/70/thumbnail/1024x","https://nc.lianjia.com/ershoufang/103111454038.html"
"1193","2024-10-29 15:16:38","出门澄碧湖 近地铁繁华地段配套齐全","105","7558","3室2厅","高楼层/共6层","南 北","平层/精装","138.94平米","板楼","莲花家园","南昌县","https://vrlab-image4.ljcdn.com/release/auto3dhd/9f1ad3bb4fcc05bf141fa640e1b4b14d/screenshot/1644629526_7/pc0_Z8UjZ3QUf.jpg?imageMogr2/quality/70/thumbnail/1024x","https://nc.lianjia.com/ershoufang/103118993782.html"
"1194","2024-10-29 15:16:49","莲塘城东菜场旁 出门学 校 离街上近 单价总价低","55","7563","2室2厅","高楼层/共7层","南 北","平层/简装","72.73平米","板楼","幸福庄园","南昌县","https://vrlab-image4.ljcdn.com/release/auto3dhd/d536efab1e421762ca1285052bf833e1/screenshot/1639032477_0/pc0_F21Fzbg52.jpg?imageMogr2/quality/70/thumbnail/1024x","https://nc.lianjia.com/ershoufang/103118231249.html"
"1195","2024-10-29 15:16:59","成熟配套的正宗大两房，价格美丽","60","6704","2室2厅","高楼层/共5层","南","平层/简装","89.5平米","板楼","欧美嘉园","南昌县","https://vrlab-image4.ljcdn.com/release/auto3dhd/804f0f8f04783f6431bba2962a20a211/screenshot/1606458401_0/pc0_PcfpfTRos.jpg?imageMogr2/quality/70/thumbnail/1024x","https://nc.lianjia.com/ershoufang/103112370241.html"
"1196","2024-10-29 15:17:09","莲花家园全天采光出入方便  繁华地段配套齐全","70","6840","2室2厅","高楼层/共7层","南 北","平层/简装","102.35平米","塔楼","莲花家园","南昌县","https://vrlab-image4.ljcdn.com/release/auto3dhd/e9c8786e59732057bc7ffac022623728/screenshot/1609047369_0/pc0_jtYYIbTc3.jpg?imageMogr2/quality/70/thumbnail/1024x","https://nc.lianjia.com/ershoufang/103112809765.html"
"1197","2024-10-29 15:17:20","南昌后花园九湾新城进佳云舒花城","70","6327","3室2厅","中楼层/共18层","南 北","平层/毛坯","110.65平米","板塔结合","金佳云舒花城","湾里区","https://vrlab-image4.ljcdn.com/release/auto3dhd/2df8afd1713ece7f166b98023762e3e9/screenshot/1633765863_0/pc0_PyHRHWwdR.jpg?imageMogr2/quality/70/thumbnail/1024x","https://nc.lianjia.com/ershoufang/103117436099.html"
"1198","2024-10-29 15:17:30","湾里坐在家里看山的房子 精装四房  出门即公园","138","10698","4室2厅","高楼层/共32层","东南","平层/精装","129平米","板楼","合一中央城","湾里区","https://vrlab-image4.ljcdn.com/release/auto3dhd/48808dd92d5acac48791877536ee8275/screenshot/1644300381_3/pc0_C68hQFcMu.jpg?imageMogr2/quality/70/thumbnail/1024x","https://nc.lianjia.com/ershoufang/103118972123.html"
"1199","2024-10-29 15:17:41","力高大盘 精装修3房 法式园林 出入好业主诚售","78","8800","3室2厅","高楼层/共33层","南","平层/精装","88.64平米","板楼","力高国际城三期","南昌县","https://vrlab-image4.ljcdn.com/release/auto3dhd/d96addadb5db30802f7ec27b3dba49be/screenshot/1661049142_0/pc0_Wn56pnWmH.jpg?imageMogr2/quality/70/thumbnail/1024x","https://nc.lianjia.com/ershoufang/103121786493.html"
"1200","2024-10-29 15:17:51","户型方正 毛坯3房 楼层采光好，洋房通透户型","139","14342","3室2厅","低楼层/共6层","南","平层/毛坯","96.92平米","板楼","红谷新城","新建区","https://vrlab-image4.ljcdn.com/release/auto3dhd/ba0c27f4d8e0b42b6f1c8682dd3aadac/screenshot/1663634645_3/pc0_VEgb18CFr.jpg?imageMogr2/quality/70/thumbnail/1024x","https://nc.lianjia.com/ershoufang/103122415400.html"
"1201","2024-10-29 15:18:02","户型端正，格局通透，视野开阔。","100","11211","2室1厅","高楼层/共6层","南","平层/简装","89.2平米","板楼","幸福时光一期","南昌县","https://vrlab-image4.ljcdn.com/release/auto3dhd/6c3359b12013b57b705e7c57ab740547/screenshot/1591763411_2/pc0_BjlrY9p75.jpg?imageMogr2/quality/70/thumbnail/1024x","https://nc.lianjia.com/ershoufang/103113159857.html"
"1202","2024-10-29 15:18:12","户型方正，结构好 新装修 拎包入住","95","10675","3室2厅","高楼层/共18层","南 北","平层/简装","89平米","板楼","力高国际城四期","南昌县","https://vrlab-image4.ljcdn.com/release/auto3dhd/5212a7a4678e5aad8e7edf9480ae403c/screenshot/1645499797_0/pc0_3TGfJXUQz.jpg?imageMogr2/quality/70/thumbnail/1024x","https://nc.lianjia.com/ershoufang/103116872337.html"
"1203","2024-10-29 15:18:22","高品质物业，新洪大市场旁、成熟配套住宅小区","155","13151","4室2厅","低楼层/共8层","南 北","平层/精装","117.87平米","塔楼","澜湖御景","南昌县","https://vrlab-image4.ljcdn.com/release/screenshot/auto3d-m8sooMYtM1Gjo5cdsBh1dx/e9c8ddd716d3ce1aec83728056593e2e/1708753473_0/pc0_TQL1CNhQi.jpg?imageMogr2/quality/70/thumbnail/1024x","https://nc.lianjia.com/ershoufang/103131192001.html"
"1204","2024-10-29 15:18:33","世纪乐活·公元城3-2-1-1 97.07m²","86","8860","3室2厅","低楼层/共18层","南 北","平层/简装","97.07平米","板楼","世纪乐活·公元城","经开区","https://vrlab-image4.ljcdn.com/release/auto3dhd/73cddb3758f5aa396c9e4e5ba1c78c1e/screenshot/1625620828_3/pc0_RKRRNAKtQ.jpg?imageMogr2/quality/70/thumbnail/1024x","https://nc.lianjia.com/ershoufang/103115950178.html"
"1205","2024-10-29 15:18:43","地铁口采光充足 配套都有 交通便利","85","9699","2室2厅","低楼层/共18层","南","平层/精装","87.64平米","板楼","南阳百合小区","南昌县","https://vrlab-image4.ljcdn.com/release/auto3dhd/1e829e90f2371cd9217f6cf2b7c1c5b0/screenshot/1626920258_0/pc0_vwUTuuvhK.jpg?imageMogr2/quality/70/thumbnail/1024x","https://nc.lianjia.com/ershoufang/103115124551.html"
"1206","2024-10-29 15:18:53","莲花家园出门澄碧湖繁华地段出入方便 看房随时","89","8145","2室2厅","高楼层/共6层","南","平层/简装","109.27平米","板楼","莲花家园","南昌县","https://vrlab-image4.ljcdn.com/release/auto3dhd/3ccc7d3073c1b4659533e65aecb1d9e2/screenshot/1609060681_8/pc0_4AW6j7HCn.jpg?imageMogr2/quality/70/thumbnail/1024x","https://nc.lianjia.com/ershoufang/103112815600.html"
"1207","2024-10-29 15:19:04","精装修婚房，恒茂大型开发商所开发，成熟小区","118","12820","3室2厅","低楼层/共10层","南","复式/毛坯","92.05平米","板楼","红谷新城","新建区","https://vrlab-image4.ljcdn.com/release/auto3dhd/2f9c286f007bba48ddc122285d357a9d/screenshot/1594537201_3/pc0_hQqRsHs9c.jpg?imageMogr2/quality/70/thumbnail/1024x","https://nc.lianjia.com/ershoufang/103110003750.html"
"1208","2024-10-29 15:19:14","出门澄碧湖，中间楼层，采光好，空气清新","100","9040","3室2厅","中楼层/共8层","南 北","平层/简装","110.62平米","板楼","王家社区","南昌县","https://vrlab-image4.ljcdn.com/release/auto3dhd/16f299a73de14a4227c2adb762a2360a/screenshot/1590808886_0/pc0_Fi5X2y9e1.jpg?imageMogr2/quality/70/thumbnail/1024x","https://nc.lianjia.com/ershoufang/103109449377.html"
"1209","2024-10-29 15:19:24","阳光好，户型通透，房子地理位置优秀，交通完善","105","7942","3室2厅","高楼层/共7层","南 北","平层/简装","132.21平米","板楼","王家社区","南昌县","https://vrlab-image4.ljcdn.com/release/auto3dhd/2f1bef7d264b3296aa3c1f6b2e0e1516/screenshot/1645690235_12/pc0_eXJgC7sIQ.jpg?imageMogr2/quality/70/thumbnail/1024x","https://nc.lianjia.com/ershoufang/103119170394.html"
"1210","2024-10-29 15:19:35","王家社区 诚心出售 楼上还有一层 可以拓展楼下有三房","95","6817","3室2厅","高楼层/共6层","南 北","平层/精装","139.36平米","板楼","王家社区","南昌县","https://vrlab-image4.ljcdn.com/release/auto3dhd/60a5a34fd86ee77fcc475ab1d587fc8b/screenshot/1587883557_2/pc0_frkHqafFw.jpg?imageMogr2/quality/70/thumbnail/1024x","https://nc.lianjia.com/ershoufang/103120465312.html"
"1211","2024-10-29 15:19:45","采光很好， 近五中， 近地铁、近商场繁华地段。","56","7066","2室1厅","高楼层/共7层","南","平层/简装","79.26平米","平房","五一路","南昌县","https://vrlab-image4.ljcdn.com/release/auto3dhd/62b51cb1578efd5eaa08431351165334/screenshot/1655601622_0/pc0_UHNaiigGG.jpg?imageMogr2/quality/70/thumbnail/1024x","https://nc.lianjia.com/ershoufang/103121027066.html"
"1212","2024-10-29 15:19:55","向阳路社区好楼层，采光足，出行方便，老城区","42","5697","2室1厅","中楼层/共7层","东 西","平层/简装","73.73平米","塔楼","向阳路社区","南昌县","https://vrlab-image4.ljcdn.com/release/auto3dhd/7cfe9f9e7caae5c42089ded2019a38a3/screenshot/1642729181_0/pc0_fGBBamROE.jpg?imageMogr2/quality/70/thumbnail/1024x","https://nc.lianjia.com/ershoufang/103118896342.html"
"1213","2024-10-29 15:20:06","出门就是菜场看房方便全天太阳首付10万","50","6054","2室2厅","中楼层/共7层","南","平层/简装","82.6平米","板楼","体育馆社区","南昌县","https://vrlab-image4.ljcdn.com/release/auto3dhd/be05d32885e8f0f0f02a784b32c2ab63/screenshot/1684984860_0/pc0_V6jeVGhJs.jpg?imageMogr2/quality/70/thumbnail/1024x","https://nc.lianjia.com/ershoufang/103126474466.html"
"1214","2024-10-29 15:20:16","地铁口 中间楼层 采光充足 看房方便 业主诚心出售","90","10315","3室2厅","中楼层/共18层","南 北","平层/毛坯","87.26平米","板楼","金桂花园小区","南昌县","https://vrlab-image4.ljcdn.com/release/auto3dhd/e59e3b42d674e50ac8ed9f4e6c0e4cec/screenshot/1680329765_0/pc0_Fuba6mq90.jpg?imageMogr2/quality/70/thumbnail/1024x","https://nc.lianjia.com/ershoufang/103125299318.html"
"1215","2024-10-29 15:20:27","毛坯两房 靠 近公园 下楼就是商场 生活便利","96","9957","2室2厅","高楼层/共25层","南","平层/毛坯","96.42平米","暂无数据","湖东大厦","南昌县","https://vrlab-image4.ljcdn.com/release/auto3dhd/e6b548b220c6cc183ec263570b6a0670/screenshot/1680852817_3/pc0_jtK0YbirW.jpg?imageMogr2/quality/70/thumbnail/1024x","https://nc.lianjia.com/ershoufang/103124863797.html"
"1216","2024-10-29 15:20:38","澄碧湖湿地公园旁边 单身公寓生活方便","33","7082","1室1厅","中楼层/共28层","北","平层/精装","46.6平米","塔楼","丽晶广场","南昌县","https://vrlab-image4.ljcdn.com/release/auto3dhd/9b6134ec4cb6378dd0f653cad52a09d5/screenshot/1675919539_7/pc0_gW297xh4f.jpg?imageMogr2/quality/70/thumbnail/1024x","https://nc.lianjia.com/ershoufang/103124124705.html"
"1217","2024-10-29 15:20:48","莲塘街中繁华精装二房，拎包即可入住","45","6044","2室2厅","高楼层/共6层","南","平层/精装","74.46平米","暂无数据","莲塘镇五一路","南昌县","https://vrlab-image4.ljcdn.com/release/auto3dhd/456e10311b5f93a97552148764ab635c/screenshot/1683772961_4/pc0_cWRMcAaAo.jpg?imageMogr2/quality/70/thumbnail/1024x","https://nc.lianjia.com/ershoufang/103126154511.html"
"1218","2024-10-29 15:20:59","澄碧湖中间号楼层，通透大两房精装出售！","102","8329","2室2厅","中楼层/共6层","南","平层/精装","122.47平米","板楼","莲花家园","南昌县","https://vrlab-image4.ljcdn.com/release/auto3dhd/b9e04e71af536e8170428322739412bf/screenshot/1624328156_0/pc0_r8Qtmwl4y.jpg?imageMogr2/quality/70/thumbnail/1024x","https://nc.lianjia.com/ershoufang/103115680122.html"
"1219","2024-10-29 15:21:09","欧美嘉园通透户型，近菜场，通透大二房","62","6836","2室2厅","高楼层/共5层","南","平层/简装","90.7平米","板楼","欧美嘉园","南昌县","https://vrlab-image4.ljcdn.com/release/auto3dhd/b030952748ef4b8595a305e99f91c6bc/screenshot/1629797304_0/pc0_erpRLSIAl.jpg?imageMogr2/quality/70/thumbnail/1024x","https://nc.lianjia.com/ershoufang/103116791768.html"
"1220","2024-10-29 15:21:19","莲花家园出门澄碧湖繁华地段出入方便 看房随时","89","8145","2室2厅","高楼层/共6层","南","平层/简装","109.27平米","板楼","莲花家园","南昌县","https://vrlab-image4.ljcdn.com/release/auto3dhd/3ccc7d3073c1b4659533e65aecb1d9e2/screenshot/1609060681_8/pc0_4AW6j7HCn.jpg?imageMogr2/quality/70/thumbnail/1024x","https://nc.lianjia.com/ershoufang/103112815600.html"
"1221","2024-10-29 15:21:29","出门澄碧湖，中间楼层，采光好，空气清新","100","9040","3室2厅","中楼层/共8层","南 北","平层/简装","110.62平米","板楼","王家社区","南昌县","https://vrlab-image4.ljcdn.com/release/auto3dhd/16f299a73de14a4227c2adb762a2360a/screenshot/1590808886_0/pc0_Fi5X2y9e1.jpg?imageMogr2/quality/70/thumbnail/1024x","https://nc.lianjia.com/ershoufang/103109449377.html"
"1222","2024-10-29 15:21:39","一梯一户 沿河北路大三房 单价低总价低 南面无挡","78","4989","3室2厅","中楼层/共8层","南","平层/简装","156.36平米","暂无数据","沿河北路","南昌县","https://vrlab-image4.ljcdn.com/release/auto3dhd/c74e1f693c1b8ac9beb98baac597739a/screenshot/1683187952_9/pc0_tU7DKkls3.jpg?imageMogr2/quality/70/thumbnail/1024x","https://nc.lianjia.com/ershoufang/103125997149.html"
"1223","2024-10-29 15:21:50","户型方正，地段好，小区对过就是澄碧湖公园","95","7184","3室2厅","中楼层/共7层","南","错层/简装","132.24平米","板楼","莲花家园","南昌县","https://vrlab-image4.ljcdn.com/release/auto3dhd/3b7f2ee3bbc1a4f1ae1d12f9b767fb26/screenshot/1665122898_1/pc0_DT7NSSZDy.jpg?imageMogr2/quality/70/thumbnail/1024x","https://nc.lianjia.com/ershoufang/103122646578.html"
"1224","2024-10-29 15:22:00","绿地*公园刚需三房 户型好 环境优美 品质小区","170","17172","3室2厅","高楼层/共25层","南","平层/精装","99平米","板楼","绿地中央公园璞悦","新建区","https://vrlab-image4.ljcdn.com/release/auto3dhd/bf7766450dc7de124bfb26d1a880edc0/screenshot/1675234040_3/pc0_DNGYVvweV.jpg?imageMogr2/quality/70/thumbnail/1024x","https://nc.lianjia.com/ershoufang/103123656479.html"
"1225","2024-10-29 15:22:10","再就业综合市场小区，房东诚心出售，随时可以看房！","58","5391","2室2厅","中楼层/共7层","南 北","平层/精装","107.6平米","塔楼","再就业综合市场","南昌县","https://vrlab-image4.ljcdn.com/release/auto3dhd/d7f1295b8a776eeffacfeeebba0d358b/screenshot/1675313906_0/pc0_GParMtn61.jpg?imageMogr2/quality/70/thumbnail/1024x","https://nc.lianjia.com/ershoufang/103124092923.html"
"1226","2024-10-29 15:22:21","揭家巷 采光足、配套设施齐全、交通便利","74","7055","3室1厅","中楼层/共5层","南","平层/简装","104.9平米","暂无数据","揭家巷","南昌县","https://vrlab-image4.ljcdn.com/release/auto3dhd/aa22b5514ffcdeb45cefcffa2b884bef/screenshot/1676687014_0/pc0_Sa8XeYwTy.jpg?imageMogr2/quality/70/thumbnail/1024x","https://nc.lianjia.com/ershoufang/103124403370.html"
"1227","2024-10-29 15:22:31","南莲华庭电梯毛坯三房 前后双阳台得房率高 在公园路口","76","7451","4室1厅","高楼层/共22层","南","平层/毛坯","102平米","板塔结合","南莲华庭","南昌县","https://vrlab-image4.ljcdn.com/release/screenshot/auto3d-Rf7fM1_SPmU6Jf1whhqB6a/3eec32540af3e34ec26af85a1c3d3ae8/1697357648_9/pc0_R0ly2xwVo.jpg?imageMogr2/quality/70/thumbnail/1024x","https://nc.lianjia.com/ershoufang/103129096534.html"
"1228","2024-10-29 15:22:42","带楼下20平储藏间 房子在莲塘公园路口 蓝天花园","58.8","5748","2室2厅","中楼层/共7层","南","平层/简装","102.3平米","板楼","蓝天花园","南昌县","https://vrlab-image4.ljcdn.com/release/auto3dhd/feddcb39e3f33ce58a8bf3c6d16db8bc/screenshot/1692169312_0/pc0_f7euaM14U.jpg?imageMogr2/quality/70/thumbnail/1024x","https://nc.lianjia.com/ershoufang/103128105906.html"
"1229","2024-10-29 15:22:52","嘉园小区精装三房 保养的很好 业主诚售   看房拿钥匙","90","8036","3室2厅","中楼层/共6层","南","平层/精装","112平米","板楼","嘉园小区","南昌县","https://vrlab-image4.ljcdn.com/release/auto3dhd/0d5f041bcee09f2d6cef88d4b63ced1b/screenshot/1616730092_5/pc0_sMQL2K6Jj.jpg?imageMogr2/quality/70/thumbnail/1024x","https://nc.lianjia.com/ershoufang/103114075872.html"
"1230","2024-10-29 15:23:03","观湖大平层     楼下就是澄碧湖配套齐全","122.5","7631","3室2厅","高楼层/共6层","南","平层/简装","160.54平米","暂无数据","澄湖中路社区","南昌县","https://vrlab-image4.ljcdn.com/release/auto3dhd/21e0f8893e491e25394093f42104015a/screenshot/1600939730_0/pc0_1JQJoLSsP.jpg?imageMogr2/quality/70/thumbnail/1024x","https://nc.lianjia.com/ershoufang/103111385985.html"
"1231","2024-10-29 15:23:13","出门澄碧湖公园，房子格局通透，视野开阔，采光充足","30","8302","1室1厅","高楼层/共7层","东","平层/简装","36.14平米","板楼","莲花家园","南昌县","https://vrlab-image4.ljcdn.com/release/auto3dhd/c032a0449e0f12cdb5fb778aa796297b/screenshot/1603336773_0/pc0_GzmAbsf6L.jpg?imageMogr2/quality/70/thumbnail/1024x","https://nc.lianjia.com/ershoufang/103106223979.html"
"1232","2024-10-29 15:23:23","小区管理严谨，干净整洁。明户型，方形板正。交通方便","55","6222","3室2厅","中楼层/共8层","南","平层/毛坯","88.4平米","板楼","嘉园小区","南昌县","https://vrlab-image4.ljcdn.com/release/auto3dhd/ed2b730dbb6409ca06acdd2416c829a4/screenshot/1620445872_0/pc0_fHqrARSx6.jpg?imageMogr2/quality/70/thumbnail/1024x","https://nc.lianjia.com/ershoufang/103122639006.html"
"1233","2024-10-29 15:23:34","楼层好，视野宽阔，采光充足，通风好。","37","5122","2室2厅","中楼层/共7层","南","平层/简装","72.25平米","塔楼","向阳路社区","南昌县","https://vrlab-image4.ljcdn.com/release/screenshot/auto3d-stPydfGocHDaHLk6AJaLMO/8b6f000adc4a6fb8e3404ddac6f277a4/1713238200_7/pc0_yDekIgjtB.jpg?imageMogr2/quality/70/thumbnail/1024x","https://nc.lianjia.com/ershoufang/103131525998.html"
"1234","2024-10-29 15:23:44","朝南户型，采光充足，使用率高，","42","5916","2室1厅","高楼层/共5层","南","平层/简装","71平米","板楼","福铁小区","南昌县","https://vrlab-image4.ljcdn.com/release/auto3dhd/484e8916309dfeca031a145eb334bbff/screenshot/1691911172_0/pc0_1G4MLdXkU.jpg?imageMogr2/quality/70/thumbnail/1024x","https://nc.lianjia.com/ershoufang/103128027124.html"
"1235","2024-10-29 15:23:54","老洪客隆旁 房东在住的装修 下楼就是公交站 读书方便","63","5324","3室2厅","中楼层/共7层","南 北","平层/简装","118.35平米","暂无数据","府前东路","南昌县","https://vrlab-image4.ljcdn.com/release/screenshot/auto3d-q2h0VMvYZIPsVm3IY99OYh/78cb5d28073094c92d5317e98a57d89b/1699408240_12/pc0_FF87iN8qv.jpg?imageMogr2/quality/70/thumbnail/1024x","https://nc.lianjia.com/ershoufang/103128933111.html"
"1236","2024-10-29 15:24:05","地铁口 正规両房 交通便利 出行方便","62","6936","2室1厅","低楼层/共18层","南","平层/精装","89.4平米","板楼","金桂花园小区","南昌县","https://vrlab-image4.ljcdn.com/release/auto3dhd/7347133d815a825d72cd512f7fa5fd37/screenshot/1609050745_1/pc0_1VPoBtvcH.jpg?imageMogr2/quality/70/thumbnail/1024x","https://nc.lianjia.com/ershoufang/103128749356.html"
"1237","2024-10-29 15:24:15","近玺悦城，澄碧湖，楼层好，视野开阔","82","9160","3室2厅","中楼层/共24层","南","平层/毛坯","89.52平米","板楼","玺园城一期小区","南昌县","https://vrlab-image4.ljcdn.com/release/auto3dhd/dbce7057911dcccfe71816010d22d3bc/screenshot/1693099785_0/pc0_AyElaz8fS.jpg?imageMogr2/quality/70/thumbnail/1024x","https://nc.lianjia.com/ershoufang/103128272672.html"
"1238","2024-10-29 15:24:26","精装两房，家具家电齐全，可直接拎包入住","55","7535","2室1厅","中楼层/共29层","南","平层/精装","73平米","板楼","南莲华庭","南昌县","https://vrlab-image4.ljcdn.com/release/auto3dhd/c53d83123ecdab179acf863005030097/screenshot/1659492875_0/pc0_qZHClCDlo.jpg?imageMogr2/quality/70/thumbnail/1024x","https://nc.lianjia.com/ershoufang/103121697058.html"
"1239","2024-10-29 15:24:36","万科大三房 双阳台 两房朝南 看房方便","99","8676","3室1厅","中楼层/共11层","南","平层/简装","114.12平米","板楼","万科金域传奇","新建区","https://vrlab-image4.ljcdn.com/release/auto3dhd/7acd4ea724cec8dee4b37b5ae1c766bc/screenshot/1657068434_7/pc0_KvzcBztds.jpg?imageMogr2/quality/70/thumbnail/1024x","https://nc.lianjia.com/ershoufang/103125254171.html"
"1240","2024-10-29 15:24:47","莲塘街上一室一厅电梯房，房东诚心出售","43","8673","1室1厅","高楼层/共17层","南","平层/精装","49.58平米","塔楼","澄湖国际","南昌县","https://vrlab-image4.ljcdn.com/release/screenshot/auto3d-zdTYnl_mVyM_dFrYUDY-k4/5a2842074f19cc1de28f82deb94afbba/1718500082_0/pc0_PmszaXqnQ.jpg?imageMogr2/quality/70/thumbnail/1024x","https://nc.lianjia.com/ershoufang/103133588515.html"
"1241","2024-10-29 15:24:57","朝南户型，采光充足，使用率高，","42","5916","2室1厅","高楼层/共5层","南","平层/简装","71平米","板楼","福铁小区","南昌县","https://vrlab-image4.ljcdn.com/release/auto3dhd/484e8916309dfeca031a145eb334bbff/screenshot/1691911172_0/pc0_1G4MLdXkU.jpg?imageMogr2/quality/70/thumbnail/1024x","https://nc.lianjia.com/ershoufang/103128027124.html"
"1242","2024-10-29 15:25:06","近玺悦城，澄碧湖，楼层好，视野开阔","82","9160","3室2厅","中楼层/共24层","南","平层/毛坯","89.52平米","板楼","玺园城一期小区","南昌县","https://vrlab-image4.ljcdn.com/release/auto3dhd/dbce7057911dcccfe71816010d22d3bc/screenshot/1693099785_0/pc0_AyElaz8fS.jpg?imageMogr2/quality/70/thumbnail/1024x","https://nc.lianjia.com/ershoufang/103128272672.html"
"1243","2024-10-29 15:25:17","地段好，楼层好，房子采光俱佳，通透户型，视野广阔","106","7987","3室1厅","中楼层/共7层","南","平层/精装","132.72平米","板楼","文化大道","新建区","https://vrlab-image4.ljcdn.com/release/auto3dhd/921c98ba6b69b6a3e9af8d5a1c7e4a07/screenshot/1658109213_1/pc0_UP2L1G4wb.jpg?imageMogr2/quality/70/thumbnail/1024x","https://nc.lianjia.com/ershoufang/103125209530.html"
"1244","2024-10-29 15:25:27","莲塘公园路口旁 非顶楼 近莲五中 看房可以联系","55","4876","2室2厅","低楼层/共32层","南 北","平层/简装","112.8平米","暂无数据","莲塘南大道","南昌县","https://vrlab-image4.ljcdn.com/release/auto3dhd/6f615a8f137e4659f5b8697fe537a688/screenshot/1678437336_4/pc0_gIGDuwTEz.jpg?imageMogr2/quality/70/thumbnail/1024x","https://nc.lianjia.com/ershoufang/103124561689.html"
"1245","2024-10-29 15:25:38","四中旁边的复式楼 ，使用面积大 房东诚心出售","94.5","10525","4室2厅","高楼层/共6层","南 北","复式/精装","89.79平米","板楼","晨晖金谷","南昌县","https://vrlab-image4.ljcdn.com/release/auto3dhd/84d4543cbf0165375d92c1745df72ebe/screenshot/1638514707_4/pc0_R0QZHRNEE.jpg?imageMogr2/quality/70/thumbnail/1024x","https://nc.lianjia.com/ershoufang/103118312428.html"
"1246","2024-10-29 15:25:48","视野好，采光充足，配套都有，交通便利","26.8","8323","1室1厅","中楼层/共32层","东","平层/精装","32.2平米","板楼","华尔街国际公馆","南昌县","https://vrlab-image4.ljcdn.com/release/auto3dhd/397d017573fb2e8998dbab97ffbe4b23/screenshot/1644721160_2/pc0_LoFLEwgsP.jpg?imageMogr2/quality/70/thumbnail/1024x","https://nc.lianjia.com/ershoufang/103118932302.html"
"1247","2024-10-29 15:25:59","莲塘中大道3-2-1-1 119.16m²","75","6295","3室2厅","低楼层/共7层","南 北","平层/精装","119.16平米","暂无数据","莲塘中大道","南昌县","https://vrlab-image4.ljcdn.com/release/auto3dhd/e1b895fc8ec87b64446b3c6b836feb01/screenshot/1620551831_0/pc0_xJkOO1jK8.jpg?imageMogr2/quality/70/thumbnail/1024x","https://nc.lianjia.com/ershoufang/103114813703.html"
"1248","2024-10-29 15:26:09","诚心出售！价格都可以谈的！卖掉置换其他的","119","8299","3室2厅","低楼层/共7层","南","平层/精装","143.4平米","板楼","莲花家园","南昌县","https://vrlab-image4.ljcdn.com/release/auto3dhd/03afd88ef18ffa2e9503ed0bf81358fc/screenshot/1609987827_12/pc0_zxn041Lq9.jpg?imageMogr2/quality/70/thumbnail/1024x","https://nc.lianjia.com/ershoufang/103112842359.html"
"1249","2024-10-29 15:26:20","粮食局小区  生话便利   适合居住","42","5288","2室2厅","中楼层/共6层","南","平层/简装","79.43平米","暂无数据","粮食局小区","南昌县","https://vrlab-image4.ljcdn.com/release/auto3dhd/9846fabdaa5e71b9d065f812a86034e0/screenshot/1597470815_14/pc0_O5bUaETQb.jpg?imageMogr2/quality/70/thumbnail/1024x","https://nc.lianjia.com/ershoufang/103110780039.html"
"1250","2024-10-29 15:26:30","湖景雅居，出门就是澄碧湖，近地铁","100","7018","3室2厅","高楼层/共8层","南 北","平层/简装","142.5平米","板楼","湖景雅居","南昌县","https://vrlab-image4.ljcdn.com/release/auto3dhd/f751b586841267a53baf26dc8653abc5/screenshot/1664416303_0/pc0_YyK3nmieH.jpg?imageMogr2/quality/70/thumbnail/1024x","https://nc.lianjia.com/ershoufang/103122595431.html"
"1251","2024-10-29 15:26:41","带地下室储藏间   南北通透    房东诚心卖   看房随时","55","5536","2室2厅","高楼层/共8层","南 北","平层/简装","99.36平米","暂无数据","莲塘站前西路","南昌县","https://vrlab-image4.ljcdn.com/release/auto3dhd/27764573d5ec53e4ce1f21b8b0521e95/screenshot/1648779538_7/pc0_sugrLllK9.jpg?imageMogr2/quality/70/thumbnail/1024x","https://nc.lianjia.com/ershoufang/103119870953.html"
"1252","2024-10-29 15:26:51","公园路口电梯房  毛坯三房 南面无挡 读书方便","70","7829","3室2厅","高楼层/共22层","南","平层/毛坯","89.42平米","板塔结合","南莲华庭","南昌县","https://vrlab-image4.ljcdn.com/release/auto3dhd/90c17840b5ba422b58bdc7f669c509a3/screenshot/1660023442_9/pc0_7645KX0Dt.jpg?imageMogr2/quality/70/thumbnail/1024x","https://nc.lianjia.com/ershoufang/103125952473.html"
"1253","2024-10-29 15:27:01","星港小镇精装精装拎包入住，空间大，诚心出售","90","6108","4室2厅","高楼层/共7层","南 北","复式/简装","147.35平米","板楼","星港小镇","南昌县","https://vrlab-image4.ljcdn.com/release/auto3dhd/dcf978f905473d72f4cd60f15572b97a/screenshot/1619345201_0/pc0_bd3U8Zach.jpg?imageMogr2/quality/70/thumbnail/1024x","https://nc.lianjia.com/ershoufang/103127542321.html"
"1254","2024-10-29 15:27:12","星港小镇2室2厅1卫，诚心出售","72","7332","2室2厅","中楼层/共7层","南","平层/精装","98.21平米","板楼","星港小镇","南昌县","https://vrlab-image4.ljcdn.com/release/auto3dhd/819690cab946f73a1b38017da45791ed/screenshot/1676706653_0/pc0_ZjCGjPoRd.jpg?imageMogr2/quality/70/thumbnail/1024x","https://nc.lianjia.com/ershoufang/103127248443.html"
"1255","2024-10-29 15:27:22","老洪客隆旁 房东在住的装修 下楼就是公交站 读书方便","63","5324","3室2厅","中楼层/共7层","南 北","平层/简装","118.35平米","暂无数据","府前东路","南昌县","https://vrlab-image4.ljcdn.com/release/screenshot/auto3d-q2h0VMvYZIPsVm3IY99OYh/78cb5d28073094c92d5317e98a57d89b/1699408240_12/pc0_FF87iN8qv.jpg?imageMogr2/quality/70/thumbnail/1024x","https://nc.lianjia.com/ershoufang/103128933111.html"
"1256","2024-10-29 15:27:32","地铁口 正规両房 交通便利 出行方便","62","6936","2室1厅","低楼层/共18层","南","平层/精装","89.4平米","板楼","金桂花园小区","南昌县","https://vrlab-image4.ljcdn.com/release/auto3dhd/7347133d815a825d72cd512f7fa5fd37/screenshot/1609050745_1/pc0_1VPoBtvcH.jpg?imageMogr2/quality/70/thumbnail/1024x","https://nc.lianjia.com/ershoufang/103128749356.html"
"1257","2024-10-29 15:27:42","湾里小区生活配套齐全，交通便利","96","7703","4室2厅","中楼层/共18层","南","平层/毛坯","124.63平米","板楼","朗贤加州溪谷","湾里区","https://vrlab-image4.ljcdn.com/release/auto3dhd/a9fa6a5b976a12a0461414b7a4878ec7/screenshot/1598585926_4/pc0_UBAltdWTA.jpg?imageMogr2/quality/70/thumbnail/1024x","https://nc.lianjia.com/ershoufang/103115863661.html"
"1258","2024-10-29 15:27:52","精装修两房，光线充足，直接拎包入住。","70","8981","2室2厅","中楼层/共6层","南","平层/精装","77.95平米","板塔结合","朗晴园","新建区","https://vrlab-image4.ljcdn.com/release/auto3dhd/91672f15fe4937312c515f644639add3/screenshot/1656137627_1/pc0_EZ1VLh5c0.jpg?imageMogr2/quality/70/thumbnail/1024x","https://nc.lianjia.com/ershoufang/103123096056.html"
"1259","2024-10-29 15:28:03","楼层好，采光充足，生活便利，交通方便","94","10000","3室2厅","高楼层/共33层","南","平层/精装","94平米","板塔结合","当代MOMA新城","新建区","https://vrlab-image4.ljcdn.com/release/auto3dhd/af70387bc38cd41dc0c718f8b73d0747/screenshot/1663216114_4/pc0_S8L377m0P.jpg?imageMogr2/quality/70/thumbnail/1024x","https://nc.lianjia.com/ershoufang/103122259600.html"
"1260","2024-10-29 15:28:13","采光好，楼层居住舒适，此房户型端正","70.8","7956","2室2厅","中楼层/共7层","南","平层/简装","89平米","板楼","心怡雅居","新建区","https://vrlab-image4.ljcdn.com/release/screenshot/auto3d-eumvgprCTAxQy948QCI7LG/11930d9f6b27ffca96ada9dfdd374a05/1698982308_13/pc0_N69ytvZLz.jpg?imageMogr2/quality/70/thumbnail/1024x","https://nc.lianjia.com/ershoufang/103129578269.html"
"1261","2024-10-29 15:28:24","融创品质小区，大三房两卫南北双阳台，绿化环境优美","180","13351","3室2厅","中楼层/共17层","南 北","平层/毛坯","134.83平米","板楼","融创前湖道","新建区","https://vrlab-image4.ljcdn.com/release/auto3dhd/485ea5b7b0ddd72086a95007fc58d31f/screenshot/1690523612_18/pc0_H2wbNpzWu.jpg?imageMogr2/quality/70/thumbnail/1024x","https://nc.lianjia.com/ershoufang/103126624438.html"
"1262","2024-10-29 15:28:34","万科精装三房 南北通透中间楼层洋房 诚心出售","99","11630","3室2厅","中楼层/共11层","南 北","平层/精装","85.13平米","板楼","万科金域传奇","新建区","https://vrlab-image4.ljcdn.com/release/auto3dhd/f32a820fbe700dc6a3edbffe5467fc84/screenshot/1594543657_4/pc0_fX8uWN0YS.jpg?imageMogr2/quality/70/thumbnail/1024x","https://nc.lianjia.com/ershoufang/103118763419.html"
"1263","2024-10-29 15:28:44","大品牌开发商，小区环境舒适此房南北双阳台","88","10238","3室2厅","低楼层/共11层","南","平层/精装","85.96平米","板楼","万科金域传奇","新建区","https://vrlab-image4.ljcdn.com/release/auto3dhd/66d789ce24553123db50a36c0ae4ee99/screenshot/1646203571_4/pc0_Raeytg8eX.jpg?imageMogr2/quality/70/thumbnail/1024x","https://nc.lianjia.com/ershoufang/103119250757.html"
"1264","2024-10-29 15:28:55","电梯洋房，一梯二户，纵享品质人生","116","10181","4室2厅","低楼层/共9层","南 北","平层/毛坯","113.94平米","板楼","力高国际城三期","南昌县","https://vrlab-image4.ljcdn.com/release/auto3dhd/75be523dc577c7976b073ef662060657/screenshot/1600053132_0/pc0_vsyAq5nNQ.jpg?imageMogr2/quality/70/thumbnail/1024x","https://nc.lianjia.com/ershoufang/103109946942.html"
"1265","2024-10-29 15:29:05","学府雅苑中间楼层毛坯三房，目前出租中，看房提前联系","105","9375","3室2厅","中楼层/共6层","南","错层/简装","112平米","板楼","学府雅苑","新建区","https://vrlab-image4.ljcdn.com/release/screenshot/auto3d-Nu7Uig0V59U-AMTLB0CvVa/905a737865057952b421cfb1f632e27c/1695272061_0/pc0_dYCTOq2qx.jpg?imageMogr2/quality/70/thumbnail/1024x","https://nc.lianjia.com/ershoufang/103128340909.html"
"1266","2024-10-29 15:29:16","楼层很好，房东诚心出售，象湖湿地公园旁","76","8470","2室2厅","高楼层/共18层","南 北","平层/精装","89.73平米","塔楼","居住主题公园-枫丹白鹭","南昌县","https://vrlab-image4.ljcdn.com/release/auto3dhd/b59e11d755483a2f6fcd5e409e187c79/screenshot/1586677558_5/pc0_ztuep1nwG.jpg?imageMogr2/quality/70/thumbnail/1024x","https://nc.lianjia.com/ershoufang/103124202481.html"
"1267","2024-10-29 15:29:26","采光好得房高拎包入住户型通透空气对流","85","9424","3室2厅","高楼层/共11层","南","平层/简装","90.2平米","板楼","绿腾雅苑","经开区","https://vrlab-image4.ljcdn.com/release/auto3dhd/5bf4eacc1053e42ed4c3e26326b8560c/screenshot/1689920656_9/pc0_EURgUzJgN.jpg?imageMogr2/quality/70/thumbnail/1024x","https://nc.lianjia.com/ershoufang/103127113763.html"
"1268","2024-10-29 15:29:37","户型好，适合一家三代人居住，交通厅集资房","145","14760","3室2厅","低楼层/共32层","南","平层/毛坯","98.24平米","板楼","恒锦花苑二区","红谷滩","https://vrlab-image4.ljcdn.com/release/auto3dhd/1a1d289c64094810616ac766d6ef1f83/screenshot/1690350093_0/pc0_D1f73VGBQ.jpg?imageMogr2/quality/70/thumbnail/1024x","https://nc.lianjia.com/ershoufang/103127694765.html"
"1269","2024-10-29 15:29:47","红谷新城方正户型 两房朝南一房朝北 双阳台 拎包入住","115","13128","3室2厅","低楼层/共6层","南 北","平层/精装","87.6平米","板楼","红谷新城","新建区","https://vrlab-image4.ljcdn.com/release/screenshot/auto3d-E50VFcnl1Lb-eL6yPQ7UDO/3955c370ef269f780483fb604b47e18f/1702018774_0/pc0_WQ3U8LrTh.jpg?imageMogr2/quality/70/thumbnail/1024x","https://nc.lianjia.com/ershoufang/103130197349.html"
"1270","2024-10-29 15:29:57","融创望江府，大三房，户型端正，诚心出售。","175","13931","3室2厅","低楼层/共33层","南","平层/精装","125.62平米","板楼","融创望江府","红谷滩","https://vrlab-image4.ljcdn.com/release/screenshot/auto3d-aV4SCq6xmT7Bs4NEKic9YB/309e734b385927c3a375301ffe224bc3/1715404912_8/pc0_yOT7tDcIe.jpg?imageMogr2/quality/70/thumbnail/1024x","https://nc.lianjia.com/ershoufang/103129634203.html"
"1271","2024-10-29 15:30:08","一楼.带院子.上下2层..看房方便.诚心出售","187","13077","4室1厅","低楼层/共6层","南 北","错层/毛坯","143平米","板塔结合","新宇拉菲公馆","经开区","https://vrlab-image4.ljcdn.com/release/auto3dhd/e93c94aeb9088a9b7ea573b12a59d2a9/screenshot/1600155274_9/pc0_nF710ELjJ.jpg?imageMogr2/quality/70/thumbnail/1024x","https://nc.lianjia.com/ershoufang/103115358331.html"
"1272","2024-10-29 15:30:18","力高国际城三期，精装修，拎包入住","105","11932","3室2厅","高楼层/共33层","南","平层/精装","88平米","板楼","力高国际城三期","南昌县","https://vrlab-image4.ljcdn.com/release/auto3dhd/87bb977757d4720479f0585fb4c6e757/screenshot/1639719472_0/pc0_zO6LjSWfQ.jpg?imageMogr2/quality/70/thumbnail/1024x","https://nc.lianjia.com/ershoufang/103118291338.html"
"1273","2024-10-29 15:30:28","房东诚心出售，适合大家庭居住，不错的选择","165","12993","4室2厅","中楼层/共6层","南","平层/精装","127平米","板塔结合","新宇拉菲公馆","经开区","https://vrlab-image4.ljcdn.com/release/auto3dhd/af755ed97ad91d311becd93c9085a3f6/screenshot/1674956920_6/pc0_uGkoLeBIA.jpg?imageMogr2/quality/70/thumbnail/1024x","https://nc.lianjia.com/ershoufang/103123946849.html"
"1274","2024-10-29 15:30:39","碧桂园中江温泉城A区 3室2厅 南","120","12484","3室2厅","低楼层/共30层","南","平层/精装","96.13平米","板楼","碧桂园中江温泉城A区","红谷滩","https://vrlab-image4.ljcdn.com/release/screenshot/auto3d-D8hlm_0OFp8eih1wtM1_jK/b238c28e240961ebe50a5de915b9c30d/1710216883_2/pc0_n5krioWRx.jpg?imageMogr2/quality/70/thumbnail/1024x","https://nc.lianjia.com/ershoufang/103131147976.html"
"1275","2024-10-29 15:30:49","红谷滩融创品质小区 精装三房 业主急售 可看江景","160","15761","3室2厅","高楼层/共33层","南","平层/精装","101.52平米","板塔结合","融创望江府","红谷滩","https://vrlab-image4.ljcdn.com/release/screenshot/auto3d-tRHUAubJMBIoBgJO4SfBVK/55aa1bb2f7e19867807503364d2724a4/1717145868_2/pc0_wH6RA3GHb.jpg?imageMogr2/quality/70/thumbnail/1024x","https://nc.lianjia.com/ershoufang/103127695960.html"
"1276","2024-10-29 15:30:59","融创望江府，小区环境优美，江景视野好，房东诚欣出售","130","12806","3室2厅","中楼层/共33层","东南","平层/精装","101.52平米","板塔结合","融创望江府","红谷滩","https://vrlab-image4.ljcdn.com/release/screenshot/auto3d-BlkW17IWxL6smqzob1Ch6r/238cc8093865115e842e3c412a22124f/1712462932_0/pc0_T7VioyBVm.jpg?imageMogr2/quality/70/thumbnail/1024x","https://nc.lianjia.com/ershoufang/103132283417.html"
"1277","2024-10-29 15:31:10","出售 伟象佰业城 采光充足 楼层好  户型端正","120","10527","3室2厅","低楼层/共18层","南 北","平层/毛坯","114平米","板楼","锦尚都会","南昌县","https://vrlab-image4.ljcdn.com/release/auto3dhd/d5a1c6ca3300d12744f34630b22d57f2/screenshot/1638429413_4/pc0_QPKlhcFTN.jpg?imageMogr2/quality/70/thumbnail/1024x","https://nc.lianjia.com/ershoufang/103118110562.html"
"1278","2024-10-29 15:31:20","诚心出售    精装直接入住   楼层好","200","16061","3室2厅","高楼层/共33层","南 北","错层/精装","124.53平米","板楼","融创望江府","红谷滩","https://vrlab-image4.ljcdn.com/release/auto3dhd/cd062c5dec66c41c7d1de4b8c4e474d7/screenshot/1684820769_0/pc0_oXMBmKt8W.jpg?imageMogr2/quality/70/thumbnail/1024x","https://nc.lianjia.com/ershoufang/103126206513.html"
"1279","2024-10-29 15:31:31","融创望江府，小三房，精装修，户型端正","150","16000","3室2厅","中楼层/共33层","南","平层/精装","93.75平米","板楼","融创望江府","红谷滩","https://vrlab-image4.ljcdn.com/release/screenshot/auto3d-1YnwJl5lzffmHkWOVqgp0X/1bf590e044fe3e0aa742978584772e53/1708843972_0/pc0_krpiIbZCB.jpg?imageMogr2/quality/70/thumbnail/1024x","https://nc.lianjia.com/ershoufang/103130269200.html"
"1280","2024-10-29 15:31:41","急售，红谷新城精装修的大三房，好楼层，全天的太阳","140","14737","3室2厅","低楼层/共18层","南","平层/精装","95平米","板楼","红谷新城","新建区","https://vrlab-image4.ljcdn.com/release/screenshot/auto3d-xawziLlgzY2zg4ybb9drWG/d03aad72357ea405c2f87ca255764948/1718165881_9/pc0_NghRweuSw.jpg?imageMogr2/quality/70/thumbnail/1024x","https://nc.lianjia.com/ershoufang/103133755104.html"
"1281","2024-10-29 15:31:51","融创望江府临江品质楼盘，精装三房急售","130","13867","3室2厅","高楼层/共33层","南","平层/精装","93.75平米","板楼","融创望江府","红谷滩","https://vrlab-image4.ljcdn.com/release/screenshot/auto3d-U8su0OrQ25A76Vrl2nWs_q/ebe1cd6952eb05e6bd4289691b3b41e1/1700895003_2/pc0_jvAbSfHtd.jpg?imageMogr2/quality/70/thumbnail/1024x","https://nc.lianjia.com/ershoufang/103127658561.html"
"1282","2024-10-29 15:32:02","自住精装，未做复式，采光无档，三房朝南","148","13486","4室1厅","高楼层/共6层","南","平层/精装","109.75平米","塔楼","红谷新城","新建区","https://vrlab-image4.ljcdn.com/release/screenshot/auto3d-UgsIWjDr4joi0JxjO5dJet/5612c4e607dbb5408fe6a363a11800c1/1717048046_9/pc0_LVCSBFqJN.jpg?imageMogr2/quality/70/thumbnail/1024x","https://nc.lianjia.com/ershoufang/103130107373.html"
"1283","2024-10-29 15:32:12","融创望江府，100平方精装三房，楼层位置佳，诚心出售","130","12806","3室2厅","低楼层/共33层","东南","平层/精装","101.52平米","板塔结合","融创望江府","红谷滩","https://vrlab-image4.ljcdn.com/release/screenshot/auto3d-fpkFuCaQa4ZURkxjXIRFWj/7bae03c1703a53013f6b24110eaacf0e/1712463827_0/pc0_nSqKW1JTj.jpg?imageMogr2/quality/70/thumbnail/1024x","https://nc.lianjia.com/ershoufang/103132304808.html"
"1284","2024-10-29 15:32:22","融创望江府，高品质住宅，精装修家具家电齐全","122","13014","3室2厅","高楼层/共33层","南","平层/精装","93.75平米","板楼","融创望江府","红谷滩","https://vrlab-image4.ljcdn.com/release/screenshot/auto3d-JfKPXOJSPYthKihW9XHaxH/91a79a426bcd8397b282c232b0b5f73c/1708844921_2/pc0_lani0KP2m.jpg?imageMogr2/quality/70/thumbnail/1024x","https://nc.lianjia.com/ershoufang/103131344861.html"
"1285","2024-10-29 15:32:33","楼层好  阳光充足   房东诚心出售","190","16852","3室2厅","高楼层/共33层","南 北","平层/精装","112.75平米","板楼","融创望江府","红谷滩","https://vrlab-image4.ljcdn.com/release/auto3dhd/99b0078b3459e6b5ae8d7fb8a73acdce/screenshot/1690446757_3/pc0_4ezpATGFt.jpg?imageMogr2/quality/70/thumbnail/1024x","https://nc.lianjia.com/ershoufang/103126746350.html"
"1286","2024-10-29 15:32:43","新力帝泊湾经典小户型，看房方便，价格实惠诚心出售","44","13716","2室2厅","中楼层/共11层","南","平层/简装","32.08平米","板楼","新力帝泊湾","经开区","https://vrlab-image4.ljcdn.com/release/auto3dhd/4e5ec04f025707e5d7a9e8c26de6724e/screenshot/1676024330_0/pc0_BVURTOyqb.jpg?imageMogr2/quality/70/thumbnail/1024x","https://nc.lianjia.com/ershoufang/103124148301.html"
"1287","2024-10-29 15:32:54","锦苑春天旁 通透三房 近小区公园 近地铁口","240","18912","2室2厅","低楼层/共33层","南","平层/精装","126.91平米","板楼","紫金城","东湖区","https://vrlab-image4.ljcdn.com/release/auto3dhd/19f22ac790b6648587bc1b7c40816253/screenshot/1692432259_0/pc0_JUn0LEHk7.jpg?imageMogr2/quality/70/thumbnail/1024x","https://nc.lianjia.com/ershoufang/103128165600.html"
"1288","2024-10-29 15:33:04","嘉业海棠湾一楼带大院子，全明户型诚意出售欢迎看房","108","11252","3室1厅","低楼层/共6层","南","平层/简装","95.99平米","塔楼","嘉业海棠湾","经开区","https://vrlab-image4.ljcdn.com/release/screenshot/auto3d-T_oROuf93o3bTGbI-ffvtU/8d358accb7fe6e2ccf699ddfe6401048/1711859906_0/pc0_pvF5lFsdO.jpg?imageMogr2/quality/70/thumbnail/1024x","https://nc.lianjia.com/ershoufang/103131240227.html"
"1289","2024-10-29 15:33:14","经开区一环线内籘旺居毛坯电梯loft3房户型端正随时看","100","8115","4室2厅","高楼层/共10层","南 北","平层/毛坯","123.23平米","塔楼","亿通藤旺居","经开区","https://vrlab-image4.ljcdn.com/release/auto3dhd/9b85765282d1c129c6a274f77d6dfc7e/screenshot/1657795732_18/pc0_fs9lydtv8.jpg?imageMogr2/quality/70/thumbnail/1024x","https://nc.lianjia.com/ershoufang/103121300346.html"
"1290","2024-10-29 15:33:25","一梯一户精装修中间楼层阳光充足随时看房","130","13830","3室2厅","中楼层/共11层","南","平层/精装","94平米","板楼","红谷新城","新建区","https://vrlab-image4.ljcdn.com/release/screenshot/auto3d-6eIslilNlg-ugsjjhi-VLr/961e9f287f4ce173821e4d339b985e85/1714286394_0/pc0_jptrwzUPl.jpg?imageMogr2/quality/70/thumbnail/1024x","https://nc.lianjia.com/ershoufang/103132779026.html"
"1291","2024-10-29 15:33:35","象湖很好地段 出入方便  诚心出售","75","8853","2室2厅","高楼层/共16层","南","平层/简装","84.72平米","板楼","力高国际城四期","南昌县","https://vrlab-image4.ljcdn.com/release/screenshot/auto3d-3I0Cu744EzOYCizH1AmUob/5a19b02019ed9b833a10f151b1d024e5/1702367060_3/pc0_kKrcTah2i.jpg?imageMogr2/quality/70/thumbnail/1024x","https://nc.lianjia.com/ershoufang/103130246943.html"
"1292","2024-10-29 15:33:46","南昌恒大时代之光 4室2厅 南 北","240","16771","4室2厅","中楼层/共32层","南 北","平层/精装","143.11平米","暂无数据","南昌恒大时代之光","经开区","https://vrlab-image4.ljcdn.com/release/screenshot/auto3d-k9iMyQgzEH9xX2df_oGYkb/088876c96f1f7195392fa970be46d327/1715305992_0/pc0_w8sDTOanB.jpg?imageMogr2/quality/70/thumbnail/1024x","https://nc.lianjia.com/ershoufang/103132850573.html"
"1293","2024-10-29 15:33:56","户型通透，视野很好，楼层好 小区自带便民体系","137.8","12195","3室2厅","高楼层/共8层","南","平层/毛坯","113平米","板楼","红星中奥广场","南昌县","https://vrlab-image4.ljcdn.com/release/auto3dhd/9ea262c5876e8edac5b9534b661629c6/screenshot/1694142099_0/pc0_WXSEbs4Wm.jpg?imageMogr2/quality/70/thumbnail/1024x","https://nc.lianjia.com/ershoufang/103128578080.html"
"1294","2024-10-29 15:34:06","此房格局好，客厅朝南，楼间距宽敞，阳光充足，视野好","90","10463","2室2厅","低楼层/共30层","南","平层/精装","86.02平米","板楼","力高国际城三期","南昌县","https://vrlab-image4.ljcdn.com/release/auto3dhd/80b301f8875d0caa54b14f5035c4bc47/screenshot/1596535726_0/pc0_AoVmv9doW.jpg?imageMogr2/quality/70/thumbnail/1024x","https://nc.lianjia.com/ershoufang/103110613268.html"
"1295","2024-10-29 15:34:17","格局方正，采光足，上学便利，通风好。","80","7408","3室2厅","高楼层/共34层","南 北","平层/毛坯","108平米","板楼","通源新建城B5","新建区","https://vrlab-image4.ljcdn.com/release/auto3dhd/f356daf49e9a8b45b6b9f7a9e0a3132f/screenshot/1655536693_4/pc0_3NMaGuJEy.jpg?imageMogr2/quality/70/thumbnail/1024x","https://nc.lianjia.com/ershoufang/103119426478.html"
"1296","2024-10-29 15:34:27","业主诚售，看法方便，户型方正采光好，","93","8798","3室2厅","高楼层/共6层","南","平层/精装","105.71平米","暂无数据","时代名居","新建区","https://vrlab-image4.ljcdn.com/release/auto3dhd/13529228b56dc1d6714646cc2d895c35/screenshot/1665892742_0/pc0_3OqbZhOz9.jpg?imageMogr2/quality/70/thumbnail/1024x","https://nc.lianjia.com/ershoufang/103121242526.html"
"1297","2024-10-29 15:34:38","新建区+朗晴园+户型方正+交通方便","70","7866","2室2厅","中楼层/共18层","南 北","平层/精装","89平米","板塔结合","朗晴园","新建区","https://vrlab-image4.ljcdn.com/release/screenshot/auto3d-vsXJHWExWn_CieL2wU-s40/f0064b6cebab05aa5a4049d787732bbf/1705031320_3/pc0_gflyiCWHu.jpg?imageMogr2/quality/70/thumbnail/1024x","https://nc.lianjia.com/ershoufang/103130436576.html"
"1298","2024-10-29 15:34:48","近万达 现代米罗中间楼层 看房方便  诚心出","96","8526","3室2厅","中楼层/共6层","东 南","平层/精装","112.6平米","板塔结合","现代米罗恒茂世纪花园","新建区","https://vrlab-image4.ljcdn.com/release/screenshot/auto3d-FjoYKwt4na7G7sICacjAtQ/b5a6f4504deaf2273e09f4fafba821fe/1695877627_13/pc0_VPys3aLKA.jpg?imageMogr2/quality/70/thumbnail/1024x","https://nc.lianjia.com/ershoufang/103128430184.html"
"1299","2024-10-29 15:34:58","乐活优质好房源 拎包入住 精装家电齐全 诚心出售","120","11599","3室2厅","高楼层/共18层","南 北","平层/精装","103.46平米","板楼","世纪乐活公元城二期欢乐颂","新建区","https://vrlab-image4.ljcdn.com/release/auto3dhd/fd509968e1558d5376358186a181a6db/screenshot/1653540180_3/pc0_6TFfZzIl0.jpg?imageMogr2/quality/70/thumbnail/1024x","https://nc.lianjia.com/ershoufang/103125646555.html"
"1300","2024-10-29 15:35:09","朗晴园总价低，精装2居室诚心出售","60","7686","2室1厅","低楼层/共6层","南","平层/精装","78.07平米","板塔结合","朗晴园","新建区","https://vrlab-image4.ljcdn.com/release/auto3dhd/7e7d3c2512cefa499d7fd86b75826a73/screenshot/1683873517_0/pc0_Q669Il6JG.jpg?imageMogr2/quality/70/thumbnail/1024x","https://nc.lianjia.com/ershoufang/103125930671.html"
"1301","2024-10-29 15:35:19","经开区+乐活公元城+户型方正+交通方便","98","10978","3室2厅","低楼层/共30层","南","平层/精装","89.27平米","板楼","世纪乐活公元城二期欢乐颂","新建区","https://vrlab-image4.ljcdn.com/release/auto3dhd/16bb2f31ab36652c695f60d232813eaa/screenshot/1681612372_3/pc0_aubEl9q2h.jpg?imageMogr2/quality/70/thumbnail/1024x","https://nc.lianjia.com/ershoufang/103125577785.html"
"1302","2024-10-29 15:35:30","新建区  交通便利  位置优越  诚心出售","82","9486","2室2厅","低楼层/共6层","南 北","平层/精装","86.45平米","暂无数据","幸福北路320号","新建区","https://vrlab-image4.ljcdn.com/release/auto3dhd/2cdc893abd64e7c7c263104fa383de9f/screenshot/1679451243_6/pc0_GALpyN6aE.jpg?imageMogr2/quality/70/thumbnail/1024x","https://nc.lianjia.com/ershoufang/103125083176.html"
"1303","2024-10-29 15:35:40","刚需房，得房率高，户型方正，采光好，物业好","112","11387","3室2厅","低楼层/共22层","南","平层/精装","98.36平米","板楼","世纪乐活公元城二期欢乐颂","新建区","https://vrlab-image4.ljcdn.com/release/auto3dhd/e6bfed309bf1bf22843ad55680fe4e9d/screenshot/1679367747_3/pc0_IrSEa0po8.jpg?imageMogr2/quality/70/thumbnail/1024x","https://nc.lianjia.com/ershoufang/103126273151.html"
"1304","2024-10-29 15:35:51","学府雅苑精装自住两房，楼层好诚心出售","78","9070","2室2厅","高楼层/共6层","南 北","平层/精装","86平米","板楼","学府雅苑","新建区","https://vrlab-image4.ljcdn.com/release/auto3dhd/0383a033912f247eeda0ab3fbd45ceb8/screenshot/1687747251_11/pc0_4XHLPN2fu.jpg?imageMogr2/quality/70/thumbnail/1024x","https://nc.lianjia.com/ershoufang/103126028217.html"
"1305","2024-10-29 15:36:01","卖点：户型好 前无遮挡，楼层好，全天采光，装修好","100","10925","2室1厅","低楼层/共32层","南 北","平层/精装","91.54平米","板楼","大都会","新建区","https://vrlab-image4.ljcdn.com/release/screenshot/auto3d-VD-O4acnHFtTYpNtTRh1vn/54eb0cf39b5246b8c52bf2d6d7bed6b5/1694842291_0/pc0_1eM0No7qx.jpg?imageMogr2/quality/70/thumbnail/1024x","https://nc.lianjia.com/ershoufang/103132012774.html"
"1306","2024-10-29 15:36:12","近红谷万达 两房朝南 户型方正 出行便利 配套设施齐全","126","12000","3室2厅","高楼层/共31层","南","平层/精装","105平米","板楼","红谷汇景","新建区","https://vrlab-image4.ljcdn.com/release/auto3dhd/5bc6c6a0e051a36f7b9ad8de05aa4e30/screenshot/1657860345_0/pc0_L8OFGNJIS.jpg?imageMogr2/quality/70/thumbnail/1024x","https://nc.lianjia.com/ershoufang/103121349957.html"
"1307","2024-10-29 15:36:22","此房幸福北路 南北朝向   出入方便","75","7914","2室1厅","高楼层/共4层","南 北","平层/简装","94.77平米","暂无数据","幸福北路","新建区","https://vrlab-image4.ljcdn.com/release/auto3dhd/97f7fa13b9242c0f0429af8a68ae9b1e/screenshot/1602314843_5/pc0_NXVxuqXfS.jpg?imageMogr2/quality/70/thumbnail/1024x","https://nc.lianjia.com/ershoufang/103111615785.html"
"1308","2024-10-29 15:36:33","近红谷万达 两房朝南 户型方正 出行便利 配套齐全","100","11701","2室1厅","低楼层/共27层","南 北","平层/精装","85.47平米","平房","红谷汇景","新建区","https://vrlab-image4.ljcdn.com/release/auto3dhd/5b1e79faa83ac00f56de528acbc3af25/screenshot/1628057458_0/pc0_XzLEgbocq.jpg?imageMogr2/quality/70/thumbnail/1024x","https://nc.lianjia.com/ershoufang/103116400394.html"
"1309","2024-10-29 15:36:43","近红谷万达 两房朝南 户型方正 出行便利 配套设施齐全","108","12632","2室2厅","高楼层/共27层","南","平层/毛坯","85.5平米","平房","红谷汇景","新建区","https://vrlab-image4.ljcdn.com/release/auto3dhd/fcf286a4e44516898e1ceaed8983dfd3/screenshot/1678840228_0/pc0_yvGRAOw7n.jpg?imageMogr2/quality/70/thumbnail/1024x","https://nc.lianjia.com/ershoufang/103124510255.html"
"1310","2024-10-29 15:36:54","户型方正、满五唯一、配套齐全、交通便利。","79","8877","2室2厅","低楼层/共7层","南","平层/精装","89平米","板塔结合","藍天▪水雲居","新建区","https://vrlab-image4.ljcdn.com/release/auto3dhd/31b2c318777aa36c77c1626da96ad12f/screenshot/1592116180_3/pc0_91Mflg2Q4.jpg?imageMogr2/quality/70/thumbnail/1024x","https://nc.lianjia.com/ershoufang/103122855831.html"
"1311","2024-10-29 15:37:04","房屋精装，采光充足，自住生活舒适","128","10407","3室2厅","高楼层/共6层","南","复式/精装","123平米","板楼","力高国际城一期","南昌县","https://vrlab-image4.ljcdn.com/release/auto3dhd/885f44bd9e12db86a8a94b12291d9d74/screenshot/1657765810_2/pc0_0jA8N9n9D.jpg?imageMogr2/quality/70/thumbnail/1024x","https://nc.lianjia.com/ershoufang/103121414350.html"
"1312","2024-10-29 15:37:14","一附院旁边，精装高层三房，通风采光好","96","11126","3室2厅","中楼层/共18层","南","平层/精装","86.29平米","板楼","力高国际城四期","南昌县","https://vrlab-image4.ljcdn.com/release/auto3dhd/9e01de165fe4917c9c47c4f68dbc6aab/screenshot/1663296102_0/pc0_IvWzuir31.jpg?imageMogr2/quality/70/thumbnail/1024x","https://nc.lianjia.com/ershoufang/103122069742.html"
"1313","2024-10-29 15:37:25","新建位置  配套齐全 诚心出售 看房提前联系","78","9550","2室2厅","高楼层/共32层","南","平层/精装","81.68平米","板楼","大都会","新建区","https://vrlab-image4.ljcdn.com/release/screenshot/auto3d-ANIMvpuYG-9yejxslg8KH4/c8f6d49c1037322482ad1775769e831f/1706752185_2/pc0_55tPfr1xh.jpg?imageMogr2/quality/70/thumbnail/1024x","https://nc.lianjia.com/ershoufang/103129670930.html"
"1314","2024-10-29 15:37:35","经开区+乐活公元城+户型方正+交通方便","112","10405","3室2厅","高楼层/共18层","南","平层/精装","107.65平米","板楼","世纪乐活公元城二期欢乐颂","新建区","https://vrlab-image4.ljcdn.com/release/auto3dhd/22760e49c438594fc718b02a1ac5caf3/screenshot/1682232583_3/pc0_rGSbdUjEN.jpg?imageMogr2/quality/70/thumbnail/1024x","https://nc.lianjia.com/ershoufang/103125749236.html"
"1315","2024-10-29 15:37:45","新建县繁华地带，房子面积大，采光俱佳。","88","7334","3室2厅","高楼层/共7层","南","平层/简装","120平米","暂无数据","文化大道","新建区","https://vrlab-image4.ljcdn.com/release/auto3dhd/86da69184adbaf176387e3bbeb15cf03/screenshot/1564287260_8/pc0_r8kCwlbcq.jpg?imageMogr2/quality/70/thumbnail/1024x","https://nc.lianjia.com/ershoufang/103104914340.html"
"1316","2024-10-29 15:37:56","邮政和三钟没有占用，精装修此房楼层适中","47","11686","1室1厅","高楼层/共4层","南","平层/精装","40.22平米","暂无数据","民德路","东湖区","https://vrlab-image4.ljcdn.com/release/screenshot/auto3d-H57sFwzUqaGG8qv3sbYQ-7/f7fc80fea94f6b60f283f6d27aa9b9b8/1698397752_4/pc0_CB7YgyP66.jpg?imageMogr2/quality/70/thumbnail/1024x","https://nc.lianjia.com/ershoufang/103129502201.html"
"1317","2024-10-29 15:38:06","房东诚心出售，装好了水电，随时可以看房子","78","9874","2室1厅","高楼层/共32层","南","平层/毛坯","79平米","板楼","哈佛园","新建区","https://vrlab-image4.ljcdn.com/release/screenshot/auto3d-oyzMGrBeRSY5_BhFxy0L05/fa67f59d12c928b672c7a5e544f1121c/1702005658_9/pc0_F6PRZptRT.jpg?imageMogr2/quality/70/thumbnail/1024x","https://nc.lianjia.com/ershoufang/103130125135.html"
"1318","2024-10-29 15:38:17","心怡广场旁，配套成熟，精修三房","110","12360","3室2厅","低楼层/共30层","南","平层/精装","89平米","板楼","新力怡园","新建区","https://vrlab-image4.ljcdn.com/release/screenshot/auto3d-0RlQF4VfS_vj75qCo9Gjjj/f0bf7aa077c88893866c0e1d4d7888b2/1700703030_4/pc0_OPHrLitdQ.jpg?imageMogr2/quality/70/thumbnail/1024x","https://nc.lianjia.com/ershoufang/103129871924.html"
"1319","2024-10-29 15:38:27","光线充足，楼层好，居住环境舒服，交通出行方便。","55","8822","2室1厅","高楼层/共6层","南","平层/精装","62.35平米","塔楼","林馨嘉苑西区","新建区","https://vrlab-image4.ljcdn.com/release/screenshot/auto3d-OTNgewFUsiCaNc1uiCUI26/5aa50c78a66b9d9269e77f6bdef57e7b/1697697675_0/pc0_XG32CNDI6.jpg?imageMogr2/quality/70/thumbnail/1024x","https://nc.lianjia.com/ershoufang/103129294318.html"
"1320","2024-10-29 15:38:37","力高国际三期，此房景观电梯房，进出方便户型利用高！","110","9687","4室2厅","高楼层/共33层","南","平层/精装","113.56平米","板楼","力高国际城三期","南昌县","https://vrlab-image4.ljcdn.com/release/auto3dhd/87bd46a72677f6fcd63cf18de85ee5a4/screenshot/1634626290_12/pc0_rIZQXDNGy.jpg?imageMogr2/quality/70/thumbnail/1024x","https://nc.lianjia.com/ershoufang/103117684533.html"
"1321","2024-10-29 15:38:48","户型端正 三居室精装 距离孔目湖地铁口1000米","85","9240","3室2厅","低楼层/共11层","南 北","平层/精装","92平米","塔楼","亿通藤旺居","经开区","https://vrlab-image4.ljcdn.com/release/auto3dhd/83ba5ef9efadc9dfd3184d88685a0b71/screenshot/1605940340_2/pc0_uYKhiVWL5.jpg?imageMogr2/quality/70/thumbnail/1024x","https://nc.lianjia.com/ershoufang/103111621311.html"
"1322","2024-10-29 15:38:58","金沙二路 幸福时光二期 花园小区 户型正 急售","76","9329","3室2厅","高楼层/共6层","南 北","平层/精装","81.47平米","板楼","幸福时光二期","南昌县","https://vrlab-image4.ljcdn.com/release/screenshot/auto3d-TFzs3GyYyf4B5M20Yl0yqf/63d9248af4725569ed059715fbcb7436/1699598245_0/pc0_Lzei4qLal.jpg?imageMogr2/quality/70/thumbnail/1024x","https://nc.lianjia.com/ershoufang/103122675967.html"
"1323","2024-10-29 15:39:09","近红谷滩 都市未来花园 好楼层 采光好 交通便利 诚心","105","9052","3室2厅","中楼层/共19层","东南","平层/精装","116平米","塔楼","都市未来花园","新建区","https://vrlab-image4.ljcdn.com/release/screenshot/auto3d-clwuRipnHnQi_9BvOwP4rX/78f6ae78cb1ccea1df7b73ae36eeaa05/1712730578_0/pc0_otXosx3JR.jpg?imageMogr2/quality/70/thumbnail/1024x","https://nc.lianjia.com/ershoufang/103131405018.html"
"1324","2024-10-29 15:39:19","步梯3楼 大三房 开间宽阔 交通便利 生活方便 门口菜场","85","8417","2室2厅","低楼层/共8层","南","平层/简装","100.99平米","板楼","美丽新世界","新建区","https://vrlab-image4.ljcdn.com/release/screenshot/auto3d-wZG8rDhWfbYRL8u6NL1lvO/8ecdc3fefacec243cfc27fb1bfb5b251/1705474195_0/pc0_ub8KU5o7p.jpg?imageMogr2/quality/70/thumbnail/1024x","https://nc.lianjia.com/ershoufang/103130838333.html"
"1325","2024-10-29 15:39:29","电梯两房 诚心出售 价格美丽 看中可谈","50","5799","2室2厅","低楼层/共18层","南 北","平层/毛坯","86.23平米","板楼","金佳云舒花城","湾里区","https://vrlab-image4.ljcdn.com/release/screenshot/auto3d-ExFPQjniRrDsn8It7NGJPq/5945e507eb23637528a1fd7ca2e23d31/1717477717_0/pc0_WabDC8gg7.jpg?imageMogr2/quality/70/thumbnail/1024x","https://nc.lianjia.com/ershoufang/103133577526.html"
"1326","2024-10-29 15:39:40","红谷新城一梯一户 大三房 楼层采光好，房东诚心出售","140","14815","3室2厅","高楼层/共6层","南","平层/精装","94.5平米","板楼","红谷新城","新建区","https://vrlab-image4.ljcdn.com/release/auto3dhd/d6315980d6aba64fdb9289841ae3900b/screenshot/1684565409_9/pc0_PEv5sDNZS.jpg?imageMogr2/quality/70/thumbnail/1024x","https://nc.lianjia.com/ershoufang/103125817761.html"
"1327","2024-10-29 15:39:50","路通城邦毛坯房  楼层好  交通便利","55","6065","2室2厅","低楼层/共6层","南","平层/毛坯","90.69平米","板楼","路通城邦小区","南昌县","https://vrlab-image4.ljcdn.com/release/screenshot/auto3d-k8crUPRQQakPzCNg0Rt9Xw/d8b04d68a684ddbbff1e64566977b1cf/1694570857_9/pc0_atJhzCZ8p.jpg?imageMogr2/quality/70/thumbnail/1024x","https://nc.lianjia.com/ershoufang/103128621431.html"
"1328","2024-10-29 15:40:00","华南城一期，户型格局大，舒适两房，价格好谈","71","8207","2室1厅","高楼层/共32层","南","平层/毛坯","86.52平米","板楼","九珑府","新建区","https://vrlab-image4.ljcdn.com/release/auto3dhd/6280d145503e17c3672fed49eb167aec/screenshot/1592376310_1/pc0_yC8jXYrid.jpg?imageMogr2/quality/70/thumbnail/1024x","https://nc.lianjia.com/ershoufang/103111179671.html"
"1329","2024-10-29 15:40:11","万科金域传奇！户型方正，大品牌开发商！","90","10102","3室2厅","低楼层/共34层","南","平层/精装","89.1平米","板楼","万科金域传奇","新建区","https://vrlab-image4.ljcdn.com/release/auto3dhd/95d0ac6f2520d8f47d112f2c750e3d32/screenshot/1659663569_3/pc0_qpFuFu7NF.jpg?imageMogr2/quality/70/thumbnail/1024x","https://nc.lianjia.com/ershoufang/103121121632.html"
"1330","2024-10-29 15:40:21","九里象湖城精装大二房，户型方正采光好诚心出售","70","7097","2室2厅","低楼层/共11层","南","平层/精装","98.64平米","板楼","康健里九里象湖城","南昌县","https://vrlab-image4.ljcdn.com/release/auto3dhd/cb4b316a028a9e89a791e46bfd990376/screenshot/1644720976_0/pc0_M7pRSrksF.jpg?imageMogr2/quality/70/thumbnail/1024x","https://nc.lianjia.com/ershoufang/103119050445.html"
"1331","2024-10-29 15:40:31","成熟社区，生活便利，此房户型方正，楼层适合。","40","8511","1室1厅","低楼层/共19层","北","平层/简装","47平米","塔楼","都市未来花园","新建区","https://vrlab-image4.ljcdn.com/release/auto3dhd/6028d2d3eb3e7abffd5fed8dd05c05eb/screenshot/1674876642_0/pc0_dMV46D5R7.jpg?imageMogr2/quality/70/thumbnail/1024x","https://nc.lianjia.com/ershoufang/103123985214.html"
"1332","2024-10-29 15:40:42","环境优美，物业做事公平负责。小区人车分流","122","11845","3室2厅","低楼层/共32层","南","平层/精装","103平米","暂无数据","红星中奥广场","南昌县","https://vrlab-image4.ljcdn.com/release/screenshot/auto3d-RW27tnT9ejgpI6n9JPkTxC/606489e217f5339a75483b85b8371c0e/1710487670_3/pc0_YYZ5Bleid.jpg?imageMogr2/quality/70/thumbnail/1024x","https://nc.lianjia.com/ershoufang/103131792050.html"
"1333","2024-10-29 15:40:52","小区人车分流。小区保安24小时巡逻","99","10422","3室1厅","中楼层/共32层","南","平层/毛坯","95平米","板楼","红星中奥广场","南昌县","https://vrlab-image4.ljcdn.com/release/auto3dhd/4f61e16994064470b562a5b701a9c410/screenshot/1683180042_9/pc0_zDYUCJ15P.jpg?imageMogr2/quality/70/thumbnail/1024x","https://nc.lianjia.com/ershoufang/103131535360.html"
"1334","2024-10-29 15:41:03","西面沿江快速道，东面桃新大道，双向十六车道快速路","137","12569","3室2厅","低楼层/共32层","南","平层/精装","109平米","板楼","红星中奥广场","南昌县","https://vrlab-image4.ljcdn.com/release/screenshot/auto3d-4cN7FfNPooI21QPLnafAZQ/d8787a01a5a7c10991f1b7f69de2828b/1700727452_9/pc0_VTvrE7Jz5.jpg?imageMogr2/quality/70/thumbnail/1024x","https://nc.lianjia.com/ershoufang/103129657448.html"
"1335","2024-10-29 15:41:13","配套设施齐全 交通便利 户型方正 使用面积大","113","9236","3室2厅","高楼层/共33层","南 北","平层/简装","122.36平米","板楼","力高国际城四期","南昌县","https://vrlab-image4.ljcdn.com/release/auto3dhd/0d19edcd4726638283d6a45d4f61c5cb/screenshot/1684461862_5/pc0_Fp1hjkb9f.jpg?imageMogr2/quality/70/thumbnail/1024x","https://nc.lianjia.com/ershoufang/103125219938.html"
"1336","2024-10-29 15:41:23","房东诚心出售，看中了价钱可以谈","70","8140","3室2厅","高楼层/共6层","南","跃层/精装","86平米","板楼","居住主题公园-桂芳景绣多层公寓","南昌县","https://vrlab-image4.ljcdn.com/release/screenshot/auto3d-xplOWHiwd37arUSqkpY0Er/de93c920df09797748ef78b3cf0cb995/1713668621_12/pc0_Xb3JQcZc6.jpg?imageMogr2/quality/70/thumbnail/1024x","https://nc.lianjia.com/ershoufang/103129955606.html"
"1337","2024-10-29 15:41:34","楼层好，视线开阔，精装修，配楼层好","150","14564","3室2厅","低楼层/共9层","南 北","平层/精装","103平米","板楼","美的悦江府","南昌县","https://vrlab-image4.ljcdn.com/release/auto3dhd/e1fda0a066a4e1c40a3881c88b0a4b81/screenshot/1666860033_0/pc0_6uzySX1jk.jpg?imageMogr2/quality/70/thumbnail/1024x","https://nc.lianjia.com/ershoufang/103120989694.html"
"1338","2024-10-29 15:41:44","拎包入住  光线强  户型方正 楼层居中","108","12135","3室1厅","高楼层/共33层","南 北","平层/精装","89平米","板楼","力高国际城四期","南昌县","https://vrlab-image4.ljcdn.com/release/auto3dhd/16a125bd9b15a4228bc6fbb26ccceb01/screenshot/1684403195_2/pc0_A3LZTbOaL.jpg?imageMogr2/quality/70/thumbnail/1024x","https://nc.lianjia.com/ershoufang/103126203643.html"
"1339","2024-10-29 15:41:55","精装四房，房东好说话，价格看中可谈","110","9402","4室2厅","高楼层/共33层","南 北","平层/毛坯","117平米","板楼","力高国际城四期","南昌县","https://vrlab-image4.ljcdn.com/release/auto3dhd/d50b470dadae1e9466078763df9fd735/screenshot/1661664733_6/pc0_UR003pxm1.jpg?imageMogr2/quality/70/thumbnail/1024x","https://nc.lianjia.com/ershoufang/103122030593.html"
"1340","2024-10-29 15:42:05","都市未来花园电梯房 急售  精装修 楼层好  拎包入住","98","7519","2室1厅","中楼层/共19层","南","平层/精装","130.35平米","板塔结合","都市未来花园","新建区","https://vrlab-image4.ljcdn.com/release/auto3dhd/ae88cba8335899fa41bd711ca2daeb59/screenshot/1645344932_4/pc0_JgV7Im8ZU.jpg?imageMogr2/quality/70/thumbnail/1024x","https://nc.lianjia.com/ershoufang/103122917851.html"
"1341","2024-10-29 15:42:16","南北通风，户型好，楼层好，全天太阳","75","9260","3室2厅","中楼层/共6层","南 北","平层/精装","81平米","板楼","幸福时光二期","南昌县","https://vrlab-image4.ljcdn.com/release/auto3dhd/c8d2b6231f6d95afa442f734a1ca6b1d/screenshot/1630822479_8/pc0_sTHnQ4DgZ.jpg?imageMogr2/quality/70/thumbnail/1024x","https://nc.lianjia.com/ershoufang/103122834214.html"
"1342","2024-10-29 15:42:26","楼层好，视线开阔，配楼层好，视线开阔，一线江景","178","14027","3室2厅","高楼层/共32层","西南","平层/精装","126.9平米","板楼","美的悦江府","南昌县","https://vrlab-image4.ljcdn.com/release/auto3dhd/a55f8a8c3254e0ad453cdf719c2f2fb2/screenshot/1689392511_0/pc0_yhybaPNI1.jpg?imageMogr2/quality/70/thumbnail/1024x","https://nc.lianjia.com/ershoufang/103127235469.html"
"1343","2024-10-29 15:42:37","象湖滨江 三房两厅，户型通透，视野很好，楼层好","120","10841","3室2厅","中楼层/共8层","南 北","平层/毛坯","110.7平米","板楼","红星中奥广场","南昌县","https://vrlab-image4.ljcdn.com/release/auto3dhd/afc4da141f671dd3fb7d9da73ac60496/screenshot/1685239774_0/pc0_zaJRLxY5v.jpg?imageMogr2/quality/70/thumbnail/1024x","https://nc.lianjia.com/ershoufang/103126526457.html"
"1344","2024-10-29 15:42:47","幸福时光二期，房东住家3房，带家具家电，拎包入住","77","9034","3室2厅","高楼层/共6层","南","平层/精装","85.24平米","板楼","幸福时光二期","南昌县","https://vrlab-image4.ljcdn.com/release/auto3dhd/fb76fb5a0a6cef3289d4785fb9c30890/screenshot/1688621453_0/pc0_kNiM3AwZx.jpg?imageMogr2/quality/70/thumbnail/1024x","https://nc.lianjia.com/ershoufang/103127269017.html"
"1345","2024-10-29 15:42:57","属于象湖滨江板块，小区自带便民体系","148","13455","3室2厅","低楼层/共32层","北 南","平层/精装","110平米","板楼","红星中奥广场","南昌县","https://vrlab-image4.ljcdn.com/release/screenshot/auto3d-cvo-jkxwN6vsZbHkWMrFqW/975eb5553fee636eebce71efe7bd1595/1697082089_0/pc0_elhM9E4Vz.jpg?imageMogr2/quality/70/thumbnail/1024x","https://nc.lianjia.com/ershoufang/103133948006.html"
"1346","2024-10-29 15:43:08","楼梯房3房 户型好 旁边是洪燕 使用面积大 看中谈价","88","10353","3室2厅","高楼层/共6层","南 北","平层/简装","85平米","板楼","幸福时光二期","南昌县","https://vrlab-image4.ljcdn.com/release/auto3dhd/0fd85dfec59bfaad5392692f44b914d0/screenshot/1627529564_10/pc0_eMjz0d33j.jpg?imageMogr2/quality/70/thumbnail/1024x","https://nc.lianjia.com/ershoufang/103116295072.html"
"1347","2024-10-29 15:43:18","居家三房必备，毛坯入住装修随意","88","8713","3室2厅","低楼层/共28层","南","平层/毛坯","101平米","板楼","澜湖御景","南昌县","https://vrlab-image4.ljcdn.com/release/auto3dhd/bbcf7de39ad445b10f036b825dc98501/screenshot/1615947580_3/pc0_P8P1sUfXG.jpg?imageMogr2/quality/70/thumbnail/1024x","https://nc.lianjia.com/ershoufang/103113867653.html"
"1348","2024-10-29 15:43:29","房东急售好房   小区环境好适合居住","116","9531","3室2厅","低楼层/共18层","南 北","平层/毛坯","121.72平米","板楼","幸福时光二期","南昌县","https://vrlab-image4.ljcdn.com/release/auto3dhd/dc87dc5faa8688e0825d3271ecef3c2f/screenshot/1604461576_5/pc0_JTJCLld7B.jpg?imageMogr2/quality/70/thumbnail/1024x","https://nc.lianjia.com/ershoufang/103111991105.html"
"1349","2024-10-29 15:43:39","户型方正，前后无挡，交通便利，产证清晰，随时过户","95","7121","3室2厅","低楼层/共11层","南 北","平层/毛坯","133.42平米","板楼","康健里九里象湖城","南昌县","https://vrlab-image4.ljcdn.com/release/auto3dhd/aee1ff36b8a75bd9e0321477e6960743/screenshot/1623292348_0/pc0_DYcNuAISw.jpg?imageMogr2/quality/70/thumbnail/1024x","https://nc.lianjia.com/ershoufang/103115494465.html"
"1350","2024-10-29 15:43:49","象湖新城力高国际城四期，交通便利，拎包入住！！！","95","10593","3室2厅","中楼层/共17层","南","平层/精装","89.69平米","板楼","力高国际城四期","南昌县","https://vrlab-image4.ljcdn.com/release/auto3dhd/5d46d54a0dd5aebb83793362f9a977ec/screenshot/1632976409_2/pc0_zkYlzThas.jpg?imageMogr2/quality/70/thumbnail/1024x","https://nc.lianjia.com/ershoufang/103117415214.html"
"1351","2024-10-29 15:44:00","房东急售！马兰圩湿地公园为邻，通透三房，近万达广场","210","17500","3室1厅","低楼层/共25层","南 北","平层/精装","120平米","板楼","绿地中央公园璞悦","新建区","https://vrlab-image4.ljcdn.com/release/auto3dhd/672c70347fc562ec5dff08c107313271/screenshot/1659065687_0/pc0_3ubEZFAJA.jpg?imageMogr2/quality/70/thumbnail/1024x","https://nc.lianjia.com/ershoufang/103121626203.html"
"1352","2024-10-29 15:44:10","城开国际学园 通透精装四房 拎包入住 双阳台 采光好","120","8511","4室2厅","中楼层/共6层","南","错层/精装","141平米","板楼","城开国际学园","新建区","https://vrlab-image4.ljcdn.com/release/screenshot/auto3d-55-MTIEDphUo0LDK1vddiA/e3e04f9a05347e50805de8466ffc384b/1715057309_3/pc0_OvPU17PhC.jpg?imageMogr2/quality/70/thumbnail/1024x","https://nc.lianjia.com/ershoufang/103132791110.html"
"1353","2024-10-29 15:44:21","城开国际学园 上下两层复式楼 精装修 实际使用面积大","108","7785","3室2厅","高楼层/共6层","南","复式/精装","138.74平米","板楼","城开国际学园","新建区","https://vrlab-image4.ljcdn.com/release/screenshot/auto3d-VghcQv9eoQVAescVEk1PxY/95cce28fd22b236696bdbb0f69c66f07/1716867729_8/pc0_iLeoVbb5f.jpg?imageMogr2/quality/70/thumbnail/1024x","https://nc.lianjia.com/ershoufang/103132191284.html"
"1354","2024-10-29 15:44:31","房东诚心出售随时看房，，，，，，，，，，，","155","9213","4室2厅","低楼层/共6层","南","错层/精装","168.25平米","板楼","城开国际学园","新建区","https://vrlab-image4.ljcdn.com/release/screenshot/auto3d-AT4LDg-4nY01vcMul11vjI/5359904d67079cd739936edb9da13502/1696576187_0/pc0_FgJOksFSn.jpg?imageMogr2/quality/70/thumbnail/1024x","https://nc.lianjia.com/ershoufang/103128065516.html"
"1355","2024-10-29 15:44:41","房东诚信出售随时看房价格可以，，，，，","135","9311","2室2厅","低楼层/共6层","南","错层/精装","145平米","板楼","城开国际学园","新建区","https://vrlab-image4.ljcdn.com/release/auto3dhd/5ecf407a901e54e611fa012cc7ec0267/screenshot/1642056532_2/pc0_BLiaKnU9H.jpg?imageMogr2/quality/70/thumbnail/1024x","https://nc.lianjia.com/ershoufang/103128104704.html"
"1356","2024-10-29 15:44:51","城开国际学园 通透精装四房 拎包入住 双阳台 采光好","120","8511","4室2厅","中楼层/共6层","南","错层/精装","141平米","板楼","城开国际学园","新建区","https://vrlab-image4.ljcdn.com/release/screenshot/auto3d-55-MTIEDphUo0LDK1vddiA/e3e04f9a05347e50805de8466ffc384b/1715057309_3/pc0_OvPU17PhC.jpg?imageMogr2/quality/70/thumbnail/1024x","https://nc.lianjia.com/ershoufang/103132791110.html"
"1357","2024-10-29 15:45:01","城开国际学园 上下两层复式楼 精装修 实际使用面积大","108","7785","3室2厅","高楼层/共6层","南","复式/精装","138.74平米","板楼","城开国际学园","新建区","https://vrlab-image4.ljcdn.com/release/screenshot/auto3d-VghcQv9eoQVAescVEk1PxY/95cce28fd22b236696bdbb0f69c66f07/1716867729_8/pc0_iLeoVbb5f.jpg?imageMogr2/quality/70/thumbnail/1024x","https://nc.lianjia.com/ershoufang/103132191284.html"
"1358","2024-10-29 15:45:11","阳光可以小区中间位置房东诚心出售，，，，，，","126","8826","3室2厅","高楼层/共6层","北 南","错层/毛坯","142.77平米","板楼","城开国际学园","新建区","https://vrlab-image4.ljcdn.com/release/screenshot/auto3d-al6ec1ghmxKaV-yktZdDhB/e7457ec8e126cf43b667b9f46a0ccdcb/1700627010_5/pc0_GeJ3Dc2Un.jpg?imageMogr2/quality/70/thumbnail/1024x","https://nc.lianjia.com/ershoufang/103129902184.html"
"1359","2024-10-29 15:45:22","房东诚心出售，已交付钥匙给我。","150","11112","4室2厅","高楼层/共6层","南","错层/毛坯","135平米","板楼","城开国际学园","新建区","https://vrlab-image4.ljcdn.com/release/screenshot/auto3d-l3AfapXA80IqIMFLUEKZUq/526ba6e25a366c8292368a08c35377e4/1710915649_3/pc0_rb3YucHjP.jpg?imageMogr2/quality/70/thumbnail/1024x","https://nc.lianjia.com/ershoufang/103128799626.html"
"1360","2024-10-29 15:45:32","有大露台，交通便利，生活配套完善，有大阳","59","9453","1室1厅","低楼层/共13层","南","平层/精装","62.42平米","板楼","力高国际城一期","南昌县","https://vrlab-image4.ljcdn.com/release/auto3dhd/6c95c40219284810d27d9de0a5dcbba7/screenshot/1694153517_0/pc0_yPgumZq9P.jpg?imageMogr2/quality/70/thumbnail/1024x","https://nc.lianjia.com/ershoufang/103127539476.html"
"1361","2024-10-29 15:45:43","房子楼层好，价格优惠，房主诚心出售","102","8972","3室2厅","低楼层/共6层","南 北","平层/简装","113.69平米","板楼","城开国际学园","新建区","https://vrlab-image4.ljcdn.com/release/auto3dhd/624619634879054d85d51510daf998c9/screenshot/1642557376_0/pc0_GrGkYmUWf.jpg?imageMogr2/quality/70/thumbnail/1024x","https://nc.lianjia.com/ershoufang/103118814741.html"
"1362","2024-10-29 15:45:53","房东 诚信出售随时看房，，，，，，","110","11728","2室2厅","高楼层/共6层","南","复式/精装","93.8平米","板楼","城开国际学园","新建区","https://vrlab-image4.ljcdn.com/release/auto3dhd/49c777c69ad5e5d45f906dad40bb263d/screenshot/1590892466_0/pc0_M8d833836.jpg?imageMogr2/quality/70/thumbnail/1024x","https://nc.lianjia.com/ershoufang/103127365285.html"
"1363","2024-10-29 15:46:03","象湖滨江 地铁4号线、新力物业，成熟配套住宅","93","9985","3室2厅","低楼层/共33层","南 北","平层/其他","93.14平米","板楼","锦尚都会","南昌县","https://vrlab-image4.ljcdn.com/release/auto3dhd/b4de30d82ae7000c134a4eb939531b44/screenshot/1604736115_3/pc0_3JpxtfEaM.jpg?imageMogr2/quality/70/thumbnail/1024x","https://nc.lianjia.com/ershoufang/103124980976.html"
"1364","2024-10-29 15:46:14","象湖新城大型社区配套齐全交通便利 小区户型格局佳","109","9160","4室2厅","低楼层/共18层","南","平层/精装","119平米","板楼","力高国际城四期","南昌县","https://vrlab-image4.ljcdn.com/release/auto3dhd/0f68c519ba736fb2b6dc2aa43aae9b1f/screenshot/1625372815_6/pc0_M6N61ifpr.jpg?imageMogr2/quality/70/thumbnail/1024x","https://nc.lianjia.com/ershoufang/103105116086.html"
"1365","2024-10-29 15:46:24","次新小区,房东急售,清水毛坯任君装修.","90","10205","3室2厅","低楼层/共27层","南","平层/毛坯","88.2平米","塔楼","华润紫云府","新建区","https://vrlab-image4.ljcdn.com/release/screenshot/auto3d-9ngEM4F7lVbOrdLuO6RYBf/9e979c4904d0fc8bd1a507a8e476b504/1718937471_0/pc0_xJeCZo6Ur.jpg?imageMogr2/quality/70/thumbnail/1024x","https://nc.lianjia.com/ershoufang/103132339204.html"
"1366","2024-10-29 15:46:34","精装大2房诚心出售 阳光适中 户型通透","89","10014","2室2厅","低楼层/共17层","东南","平层/精装","88.88平米","塔楼","嘉业海棠湾","经开区","https://vrlab-image4.ljcdn.com/release/auto3dhd/f8a8599f09124b73189926d60b0f14a4/screenshot/1608875708_3/pc0_WfsWQDC3O.jpg?imageMogr2/quality/70/thumbnail/1024x","https://nc.lianjia.com/ershoufang/103112773604.html"
"1367","2024-10-29 15:46:45","通透三房，前后双阳台，出门心远  立德","160","14546","3室2厅","低楼层/共28层","南","平层/精装","110平米","板楼","红谷新城","新建区","https://vrlab-image4.ljcdn.com/release/screenshot/auto3d-FqcK9Sw-cV3YBaitiFOJXW/741f9a08915ca8a80c432c56e1885e8c/1709707597_3/pc0_lH32l7it6.jpg?imageMogr2/quality/70/thumbnail/1024x","https://nc.lianjia.com/ershoufang/103131082103.html"
"1368","2024-10-29 15:46:55","得房率高 配套成熟，地段繁华，生活便利","64","8000","2室2厅","中楼层/共5层","南","平层/毛坯","80平米","板楼","力天阳光地带南区","新建区","https://vrlab-image4.ljcdn.com/release/screenshot/auto3d-7d0cibwggKYg1PK7zLuh7p/0b6d20e8ee0d14b4b810afdfd0320f5d/1717912641_0/pc0_JSJmRe4bE.jpg?imageMogr2/quality/70/thumbnail/1024x","https://nc.lianjia.com/ershoufang/103132852632.html"
"1369","2024-10-29 15:47:06","嘉业海棠湾电梯复式楼实用面积230平","143","13925","6室2厅","高楼层/共11层","南","复式/精装","102.7平米","塔楼","嘉业海棠湾","经开区","https://vrlab-image4.ljcdn.com/release/auto3dhd/e4b220eb156dc28f3bc6648844dc4818/screenshot/1592035696_1/pc0_7J0IF4OLO.jpg?imageMogr2/quality/70/thumbnail/1024x","https://nc.lianjia.com/ershoufang/103119609912.html"
"1370","2024-10-29 15:47:16","户型通透，总楼6层洋房.居住实用率高，读书交通方便，","136","12878","3室2厅","高楼层/共6层","南 北","平层/精装","105.61平米","塔楼","嘉业海棠湾","经开区","https://vrlab-image4.ljcdn.com/release/auto3dhd/db97c4c3484228118335f90b953231ab/screenshot/1692411440_1/pc0_12JaULxJ9.jpg?imageMogr2/quality/70/thumbnail/1024x","https://nc.lianjia.com/ershoufang/103127975455.html"
"1371","2024-10-29 15:47:27","交通方便，户型通透，生活方便，停车方便","140.5","13641","3室2厅","低楼层/共11层","东南","复式/简装","103平米","塔楼","嘉业海棠湾","经开区","https://vrlab-image4.ljcdn.com/release/auto3dhd/aebdd5cef043dd9152e9858b0c9199c8/screenshot/1617443150_22/pc0_k8Y7GnPd7.jpg?imageMogr2/quality/70/thumbnail/1024x","https://nc.lianjia.com/ershoufang/103113767111.html"
"1372","2024-10-29 15:47:37","经开区 鑫港社区 户型通透 小区环境好，物业费低","70","7491","2室2厅","高楼层/共6层","南","平层/精装","93.45平米","板楼","鑫港社区","经开区","https://vrlab-image4.ljcdn.com/release/auto3dhd/7189ed841985eea61f7b5c37278eb704/screenshot/1592538766_0/pc0_g1aLd1l62.jpg?imageMogr2/quality/70/thumbnail/1024x","https://nc.lianjia.com/ershoufang/103106685821.html"
"1373","2024-10-29 15:47:47","力高三房，业主急售，出门就是菜场","70","8135","3室2厅","高楼层/共33层","南","平层/精装","86.05平米","板楼","力高国际城三期","南昌县","https://vrlab-image4.ljcdn.com/release/screenshot/auto3d-pvoJOJbm4H_e7HQz8DqKCt/93fe2be53dccafe1131e8d8a63b596cf/1708841945_7/pc0_Dqd9H43lw.jpg?imageMogr2/quality/70/thumbnail/1024x","https://nc.lianjia.com/ershoufang/103131352499.html"
"1374","2024-10-29 15:47:58","近红谷滩 一环线旁 交通方便  业主诚心出售","78","9571","2室2厅","高楼层/共11层","南","平层/精装","81.5平米","塔楼","亿通藤旺居","经开区","https://vrlab-image4.ljcdn.com/release/auto3dhd/cafc207677fe346e3c8a1665701f0f0a/screenshot/1688780206_3/pc0_fQzj8bjBu.jpg?imageMogr2/quality/70/thumbnail/1024x","https://nc.lianjia.com/ershoufang/103122347394.html"
"1375","2024-10-29 15:48:08","户型好，通透户型，阳光充足，没有物业费的","108","8021","3室2厅","中楼层/共7层","南","平层/简装","134.65平米","暂无数据","文教路259号","新建区","https://vrlab-image4.ljcdn.com/release/auto3dhd/0d499316cb7917d8ad48c4610da53e66/screenshot/1624785825_1/pc0_xXdN7dntp.jpg?imageMogr2/quality/70/thumbnail/1024x","https://nc.lianjia.com/ershoufang/103115801740.html"
"1376","2024-10-29 15:48:18","户型方正 采光好 配套齐全 小区绿化好","35","10240","1室0厅","中楼层/共30层","东","平层/精装","34.18平米","塔楼","澜湖御景","南昌县","https://vrlab-image4.ljcdn.com/release/auto3dhd/5160e898a8047da4daaf295a61e36a4d/screenshot/1648435481_0/pc0_XzSxkg3Ir.jpg?imageMogr2/quality/70/thumbnail/1024x","https://nc.lianjia.com/ershoufang/103119711855.html"
"1377","2024-10-29 15:48:29","出门就是二号线福州路地铁站，二附院，配套丰富","56","8995","2室1厅","高楼层/共8层","南","平层/简装","62.26平米","暂无数据","民德路","东湖区","https://vrlab-image4.ljcdn.com/release/auto3dhd/553b7adb07e9fbf46d32662196728329/screenshot/1692865264_5/pc0_Z0xcBjjVt.jpg?imageMogr2/quality/70/thumbnail/1024x","https://nc.lianjia.com/ershoufang/103126573098.html"
"1378","2024-10-29 15:48:39","象湖滨江近新洪城近地铁4号线新力物业小区","76","9152","3室2厅","低楼层/共33层","南","平层/毛坯","83.05平米","板楼","锦尚都会","南昌县","https://vrlab-image4.ljcdn.com/release/auto3dhd/80fc38f43281c3b8fd55e212d6630bee/screenshot/1682560619_0/pc0_dHqkf7PEu.jpg?imageMogr2/quality/70/thumbnail/1024x","https://nc.lianjia.com/ershoufang/103125859037.html"
"1379","2024-10-29 15:48:50","此房是一个小车库，业主急售，价格美丽","9.9","5500","车位","低楼层/共1层","北","平层/毛坯","18平米","","嘉业花园","南昌县","https://vrlab-image4.ljcdn.com/release/auto3dhd/1140d812b8621c425eb7188fdf6d543c/screenshot/1640856677_1/pc0_UFBegFf5v.jpg?imageMogr2/quality/70/thumbnail/1024x","https://nc.lianjia.com/ershoufang/103118414164.html"
"1380","2024-10-29 15:49:00","春晓苑二区 视野开阔  俯瞰春晓苑 近*市   交通便利","71","7100","2室2厅","高楼层/共13层","南","平层/毛坯","100平米","板楼","银河城春晓苑","南昌县","https://vrlab-image4.ljcdn.com/release/auto3dhd/116742d9caf9152aa7c06018e3334452/screenshot/1615865984_1/pc0_q9wFaGLrd.jpg?imageMogr2/quality/70/thumbnail/1024x","https://nc.lianjia.com/ershoufang/103113879994.html"
"1381","2024-10-29 15:49:10","沃尔玛旁边小区 单价不过万的毛坯二房 出门就是新城","70","9018","2室2厅","高楼层/共6层","南","平层/毛坯","77.63平米","板楼","居住主题公园-丁香怡景多层","南昌县","https://vrlab-image4.ljcdn.com/release/auto3dhd/487280e2c994d638a19b3c5e2cd63a43/screenshot/1629515610_2/pc0_KSDWC51fm.jpg?imageMogr2/quality/70/thumbnail/1024x","https://nc.lianjia.com/ershoufang/103116720383.html"
"1382","2024-10-29 15:49:21","房东诚心卖 户型格局很好 价格也可以谈","138","12546","3室2厅","高楼层/共11层","南 北","平层/毛坯","110平米","板楼","金沙逸城二期","南昌县","https://vrlab-image4.ljcdn.com/release/auto3dhd/a77c9f96af1b40a6315680a432db4161/screenshot/1601278967_5/pc0_Z8wqzFhYf.jpg?imageMogr2/quality/70/thumbnail/1024x","https://nc.lianjia.com/ershoufang/103121908541.html"
"1383","2024-10-29 15:49:31","居住主题多层住宅 ，三居室刚需户型，生活便利","83.8","9312","3室2厅","低楼层/共6层","南","平层/精装","90平米","板楼","居住主题公园-丁香怡景多层","南昌县","https://vrlab-image4.ljcdn.com/release/auto3dhd/41b50113d4e79c850f86df92deac0137/screenshot/1591152511_0/pc0_2GFYi6xej.jpg?imageMogr2/quality/70/thumbnail/1024x","https://nc.lianjia.com/ershoufang/103116096736.html"
"1384","2024-10-29 15:49:42","得房率高 配套成熟，地段繁华，生活便利","70","8537","2室2厅","低楼层/共6层","南","平层/精装","82平米","暂无数据","力天阳光地带南区","新建区","https://vrlab-image4.ljcdn.com/release/screenshot/auto3d-rbJQ3bsRiMViGkMn_EfyAG/93e2d8353a193926cb27051dda1e12dc/1700012792_0/pc0_1c1z40NYf.jpg?imageMogr2/quality/70/thumbnail/1024x","https://nc.lianjia.com/ershoufang/103129828353.html"
"1385","2024-10-29 15:49:52","同比小区其他房子户型，本房价格优势明显，舒适度高","70","7573","2室2厅","低楼层/共24层","南","平层/毛坯","92.44平米","塔楼","麦园景苑","经开区","https://vrlab-image4.ljcdn.com/release/auto3dhd/dcf680f1bcf6142cbe9700a122d4dce2/screenshot/1662515063_12/pc0_hB01tykEQ.jpg?imageMogr2/quality/70/thumbnail/1024x","https://nc.lianjia.com/ershoufang/103122081075.html"
"1386","2024-10-29 15:50:02","经开区英雄大桥旁藤旺居小区诚心出售","80","8709","3室2厅","中楼层/共11层","南 北","平层/毛坯","91.86平米","塔楼","亿通藤旺居","经开区","https://vrlab-image4.ljcdn.com/release/auto3dhd/818bc47d2065a9739b3e6a248a204e5c/screenshot/1677141052_2/pc0_qT0Kb5R73.jpg?imageMogr2/quality/70/thumbnail/1024x","https://nc.lianjia.com/ershoufang/103124447533.html"
"1387","2024-10-29 15:50:13","经开区下罗万科玖里旁藤旺居精装修房","55","8209","1室2厅","低楼层/共10层","南","平层/精装","67平米","塔楼","亿通藤旺居","经开区","https://vrlab-image4.ljcdn.com/release/auto3dhd/21062e12e983ea533f2d636a42342496/screenshot/1601886226_3/pc0_B2Y49zzLa.jpg?imageMogr2/quality/70/thumbnail/1024x","https://nc.lianjia.com/ershoufang/103111580350.html"
"1388","2024-10-29 15:50:23","急售！红谷新城精装修的大三房，采光好，全天的太阳","135","14517","3室2厅","中楼层/共12层","南","复式/精装","93平米","板楼","红谷新城","新建区","https://vrlab-image4.ljcdn.com/release/screenshot/auto3d-Snpv-F3ri3XqExBIlu5tWV/ddf17dd19ed5ea4f3d52474813e00b12/1717224785_0/pc0_tF7Xs1ZDn.jpg?imageMogr2/quality/70/thumbnail/1024x","https://nc.lianjia.com/ershoufang/103132908838.html"
"1389","2024-10-29 15:50:33","洋房毛坯带露台 小区环境好.绿化高","165","13467","3室2厅","低楼层/共6层","南 北","平层/毛坯","122.53平米","板楼","博泰生命树","青云谱区","https://vrlab-image4.ljcdn.com/release/screenshot/auto3d-Dlc5EMziNb8mlBh1g-tjph/e547157197c6cf7e3ef67c87bbd7ee14/1695805398_0/pc0_PfILtLzFw.jpg?imageMogr2/quality/70/thumbnail/1024x","https://nc.lianjia.com/ershoufang/103128545152.html"
"1390","2024-10-29 15:50:43","房东诚心卖 户型格局很好 价格也可以谈","138","12546","3室2厅","高楼层/共11层","南 北","平层/毛坯","110平米","板楼","金沙逸城二期","南昌县","https://vrlab-image4.ljcdn.com/release/auto3dhd/a77c9f96af1b40a6315680a432db4161/screenshot/1601278967_5/pc0_Z8wqzFhYf.jpg?imageMogr2/quality/70/thumbnail/1024x","https://nc.lianjia.com/ershoufang/103121908541.html"
"1391","2024-10-29 15:50:54","户型方正，居住舒适，出行便捷。","98","8000","3室2厅","高楼层/共34层","南","平层/精装","122.51平米","暂无数据","富力银禧悅城","南昌县","https://vrlab-image4.ljcdn.com/release/auto3dhd/55beff495cf0226a222e791e2e6e6698/screenshot/1669447143_0/pc0_Mu6oYL19g.jpg?imageMogr2/quality/70/thumbnail/1024x","https://nc.lianjia.com/ershoufang/103130792366.html"
"1392","2024-10-29 15:51:04","好楼层  好户型 近地铁 小区封闭式管理  房东急售","70","8434","3室2厅","中楼层/共33层","东南","平层/毛坯","83平米","板楼","锦尚都会","南昌县","https://vrlab-image4.ljcdn.com/release/screenshot/auto3d-I7QiOBdd6AKmcSdCfONbE3/5b1d1a31539874a75074690e28b3253c/1697790275_0/pc0_UotTGEhrk.jpg?imageMogr2/quality/70/thumbnail/1024x","https://nc.lianjia.com/ershoufang/103127630102.html"
"1393","2024-10-29 15:51:15","新时代广场旁大两房两厅出售，楼层好。","72","6667","2室2厅","低楼层/共7层","南","平层/简装","108平米","暂无数据","新时代广场旁散房","新建区","https://vrlab-image4.ljcdn.com/release/screenshot/auto3d-os9K1cMlbczE1-Gi67bT7Q/8f5610db00225d27d0dd8412ccb769c2/1702604255_5/pc0_Bcski5xLK.jpg?imageMogr2/quality/70/thumbnail/1024x","https://nc.lianjia.com/ershoufang/103129770195.html"
"1394","2024-10-29 15:51:25","实用面积大 无公摊 通透格局好 采光足 配套设施齐全","95","6057","3室2厅","低楼层/共7层","南","平层/简装","156.86平米","暂无数据","长堎镇育新路","新建区","https://vrlab-image4.ljcdn.com/release/auto3dhd/c3ebe3618674ded732bb22377bde7b3a/screenshot/1666747828_13/pc0_MDVV2yh73.jpg?imageMogr2/quality/70/thumbnail/1024x","https://nc.lianjia.com/ershoufang/103122975613.html"
"1395","2024-10-29 15:51:36","房子户型好，通透，全天阳光，出行方便，配套成熟","78","6813","3室2厅","中楼层/共6层","南 北","平层/简装","114.5平米","暂无数据","兴华路","新建区","https://vrlab-image4.ljcdn.com/release/auto3dhd/0ee7967e4c269655841830f5e2a60d7d/screenshot/1665888535_13/pc0_wWZmYcpsc.jpg?imageMogr2/quality/70/thumbnail/1024x","https://nc.lianjia.com/ershoufang/103120111972.html"
"1396","2024-10-29 15:51:46","清水园住宅小区 3室2厅 南","60","6186","3室2厅","中楼层/共8层","南","平层/简装","97平米","平房","清水园住宅小区","南昌县","https://vrlab-image4.ljcdn.com/release/screenshot/auto3d-bhp5tuGRiB4oBeV0z95wUj/a30488e16bf552380b2c4d1d30f8538a/1715141093_1/pc0_PmmpNdjas.jpg?imageMogr2/quality/70/thumbnail/1024x","https://nc.lianjia.com/ershoufang/103131727451.html"
"1397","2024-10-29 15:51:56","房东诚售 精装三房 立德 看房方便","145","15761","3室2厅","高楼层/共17层","南","平层/精装","92平米","板楼","红谷新城","新建区","https://vrlab-image4.ljcdn.com/release/auto3dhd/e4e00e1e2665c464af8db4aa276b4bad/screenshot/1693873261_2/pc0_PYLKYBUW6.jpg?imageMogr2/quality/70/thumbnail/1024x","https://nc.lianjia.com/ershoufang/103127922918.html"
"1398","2024-10-29 15:52:07","户型通透，视野很好，楼层好 环境优美，","93","11268","2室2厅","中楼层/共32层","南","平层/简装","82.54平米","板楼","金禧悦城","南昌县","https://vrlab-image4.ljcdn.com/release/screenshot/auto3d-8W2tToPkQvdKBvE9BPgA4a/7d8421537c65a37b78278b55d425b3a3/1696755034_6/pc0_gt0AagRhk.jpg?imageMogr2/quality/70/thumbnail/1024x","https://nc.lianjia.com/ershoufang/103129050554.html"
"1399","2024-10-29 15:52:17","电梯纯洋房 中间楼层 诚心出售","85","8253","3室2厅","中楼层/共9层","南","平层/毛坯","103平米","板楼","金佳云舒花城","湾里区","https://vrlab-image4.ljcdn.com/release/screenshot/auto3d-lc9HLDSdd_2QEllJek2ToK/53771986ce8d85b48e0cd20f4e3e95b9/1716703017_3/pc0_FVyRGh4FK.jpg?imageMogr2/quality/70/thumbnail/1024x","https://nc.lianjia.com/ershoufang/103133217742.html"
"1400","2024-10-29 15:52:27","万科金域洋房   南北通透  小区环境好","102","11591","3室2厅","中楼层/共11层","北 南","平层/精装","88平米","板楼","万科金域传奇","新建区","https://vrlab-image4.ljcdn.com/release/screenshot/auto3d-nL1jHChfm7g_VBC9iCzPZI/94754edb8adf132c7ef2af97002452b2/1698288421_4/pc0_N62FhWfY7.jpg?imageMogr2/quality/70/thumbnail/1024x","https://nc.lianjia.com/ershoufang/103128157856.html"
"1401","2024-10-29 15:52:38","一楼带花园，私人庭院，安静舒适。","120","10000","3室1厅","低楼层/共6层","南","平层/简装","120平米","板楼","都市未来花园","新建区","https://vrlab-image4.ljcdn.com/release/auto3dhd/23ba4b99bb533d885c4518b20b127cd1/screenshot/1630822712_2/pc0_a3v8l96Dc.jpg?imageMogr2/quality/70/thumbnail/1024x","https://nc.lianjia.com/ershoufang/103116958756.html"
"1402","2024-10-29 15:52:48","福满居小区  配套齐全  精装修  采光充足","102","9715","3室2厅","中楼层/共7层","东南","平层/精装","105平米","暂无数据","福满居小区","新建区","https://vrlab-image4.ljcdn.com/release/auto3dhd/f7ad05d6a7de9d0cc2009d6b5e93ef3c/screenshot/1621759301_10/pc0_8l4w8whQE.jpg?imageMogr2/quality/70/thumbnail/1024x","https://nc.lianjia.com/ershoufang/103114944565.html"
"1403","2024-10-29 15:52:59","湾里领秀湖旁 户型端正 得房率高 房东诚心出售","78","6740","3室2厅","中楼层/共6层","南","平层/毛坯","115.74平米","板楼","磨盘山8号","湾里区","https://vrlab-image4.ljcdn.com/release/screenshot/auto3d-TFv0HdOCu1XA1hUSVeIVK6/b93c1c4f697cf011e6873e091317901e/1711436954_0/pc0_wKSMHnbUZ.jpg?imageMogr2/quality/70/thumbnail/1024x","https://nc.lianjia.com/ershoufang/103131919488.html"
"1404","2024-10-29 15:53:09","青花九龙品质物业品质小区地铁口","85","8472","3室2厅","中楼层/共31层","南","平层/毛坯","100.34平米","板塔结合","青花九龙","红谷滩","https://vrlab-image4.ljcdn.com/release/auto3dhd/e29ee8a8dfb20d9d69ebdbd855e3df82/screenshot/1592026889_3/pc0_l2pcZtUWT.jpg?imageMogr2/quality/70/thumbnail/1024x","https://nc.lianjia.com/ershoufang/103106475748.html"
"1405","2024-10-29 15:53:20","财大校内 中上楼层 安保好 读书方便","55","7673","2室2厅","中楼层/共6层","南","平层/简装","71.68平米","暂无数据","江西财大附中","经开区","https://vrlab-image4.ljcdn.com/release/screenshot/auto3d-N_p--OUA4liopRCoJwXbir/0838732810110d8460e2db830db5c275/1710410121_9/pc0_yeCuHAC9w.jpg?imageMogr2/quality/70/thumbnail/1024x","https://nc.lianjia.com/ershoufang/103131760665.html"
"1406","2024-10-29 15:53:30","路通城邦，精装修三房，出门便利","60","6667","2室1厅","低楼层/共18层","东","平层/简装","90平米","塔楼","路通城邦小区","南昌县","https://vrlab-image4.ljcdn.com/release/auto3dhd/e6facc0de90fe161ae0183481d79e35e/screenshot/1652249770_3/pc0_qvQLNnhvq.jpg?imageMogr2/quality/70/thumbnail/1024x","https://nc.lianjia.com/ershoufang/103120307249.html"
"1407","2024-10-29 15:53:40","路通城邦小区中间位置 低楼层精装三房 出门万湖菜场","88","7887","3室2厅","低楼层/共6层","南 北","平层/精装","111.59平米","板塔结合","路通城邦小区","南昌县","https://vrlab-image4.ljcdn.com/release/auto3dhd/1b2162ea2642140e21417cac00ca4dd4/screenshot/1679535582_0/pc0_3j1jS0CDN.jpg?imageMogr2/quality/70/thumbnail/1024x","https://nc.lianjia.com/ershoufang/103128615897.html"
"1408","2024-10-29 15:53:51","路通城邦精装房   楼层好  交通便利","76","8573","2室2厅","低楼层/共6层","南","平层/精装","88.66平米","板塔结合","路通城邦小区","南昌县","https://vrlab-image4.ljcdn.com/release/auto3dhd/8041b10d408ca90a9170c60c3eb8be7c/screenshot/1692150133_0/pc0_t6x9Lezqd.jpg?imageMogr2/quality/70/thumbnail/1024x","https://nc.lianjia.com/ershoufang/103128105304.html"
"1409","2024-10-29 15:54:01","礼步湖大道  都是未来花园  精装两房  房东诚售","80","8413","2室2厅","中楼层/共6层","南 北","平层/精装","95.1平米","板楼","都市未来花园","新建区","https://vrlab-image4.ljcdn.com/release/auto3dhd/fda324dfb3d64e238680f45bb04fb871/screenshot/1635304335_4/pc0_28mc1Ylt2.jpg?imageMogr2/quality/70/thumbnail/1024x","https://nc.lianjia.com/ershoufang/103117695707.html"
"1410","2024-10-29 15:54:11","路通城邦，精装修三房，出门就是三号线地铁口","89.8","8365","3室1厅","高楼层/共6层","南","平层/精装","107.36平米","板塔结合","路通城邦小区","南昌县","https://vrlab-image4.ljcdn.com/release/auto3dhd/4067398c0c499763a341c5bb213f1e2f/screenshot/1601964311_0/pc0_vT1Zar3B4.jpg?imageMogr2/quality/70/thumbnail/1024x","https://nc.lianjia.com/ershoufang/103119863472.html"
"1411","2024-10-29 15:54:21","带两个大露台，诚心出售，房子方正","89","10033","2室1厅","低楼层/共6层","南","平层/精装","88.71平米","板塔结合","路通城邦小区","南昌县","https://vrlab-image4.ljcdn.com/release/auto3dhd/4e8338b19ea67ade63fdd4f4f0f38828/screenshot/1591926699_4/pc0_TUNWOpjAI.jpg?imageMogr2/quality/70/thumbnail/1024x","https://nc.lianjia.com/ershoufang/103124587588.html"
"1412","2024-10-29 15:54:31","带两个大露台，诚心出售，房子方正","89","10033","2室1厅","低楼层/共6层","南","平层/精装","88.71平米","板塔结合","路通城邦小区","南昌县","https://vrlab-image4.ljcdn.com/release/auto3dhd/4e8338b19ea67ade63fdd4f4f0f38828/screenshot/1591926699_4/pc0_TUNWOpjAI.jpg?imageMogr2/quality/70/thumbnail/1024x","https://nc.lianjia.com/ershoufang/103124587588.html"
"1413","2024-10-29 15:54:41","路通城邦上下两层带阳光房 小区出入口的位置 看房联系","89","6723","2室1厅","高楼层/共6层","南","复式/精装","132.4平米","板塔结合","路通城邦小区","南昌县","https://vrlab-image4.ljcdn.com/release/auto3dhd/1fc09a939dfba47f4c33ea5ee9837892/screenshot/1680158724_0/pc0_wWzuoWMx3.jpg?imageMogr2/quality/70/thumbnail/1024x","https://nc.lianjia.com/ershoufang/103125298542.html"
"1414","2024-10-29 15:54:52","退台式洋房，四五楼两层复式，实际面积160平左右","80","6277","4室2厅","高楼层/共4层","南","复式/毛坯","127.46平米","板塔结合","路通城邦小区","南昌县","https://vrlab-image4.ljcdn.com/release/auto3dhd/9082e16683bd78dc11167f1ef916e503/screenshot/1613981840_0/pc0_uGBC1IpMC.jpg?imageMogr2/quality/70/thumbnail/1024x","https://nc.lianjia.com/ershoufang/103119567261.html"
"1415","2024-10-29 15:55:02","莲塘路通城邦 出门公交站台万湖菜场 看房方便","55","6396","2室2厅","低楼层/共6层","南","平层/简装","86平米","板塔结合","路通城邦小区","南昌县","https://vrlab-image4.ljcdn.com/release/auto3dhd/e38fe7097d979c53e3f2cdaa95af352d/screenshot/1653115266_0/pc0_icwMEOzv8.jpg?imageMogr2/quality/70/thumbnail/1024x","https://nc.lianjia.com/ershoufang/103119063789.html"
"1416","2024-10-29 15:55:12","带露台复式楼 通透4房2卫 出门BRT公交站 近三号地铁口","62","4762","4室2厅","高楼层/共6层","南","复式/毛坯","130.21平米","板塔结合","路通城邦小区","南昌县","https://vrlab-image4.ljcdn.com/release/auto3dhd/5c4538d98546f8e8c26510e6d58ebb66/screenshot/1605517606_0/pc0_QrH4bIG3p.jpg?imageMogr2/quality/70/thumbnail/1024x","https://nc.lianjia.com/ershoufang/103110955121.html"
"1417","2024-10-29 15:55:22","路通城邦，房子诚意出售，看房提前预约","60","7101","2室1厅","低楼层/共6层","东","平层/精装","84.5平米","板塔结合","路通城邦小区","南昌县","https://vrlab-image4.ljcdn.com/release/auto3dhd/1cf24ee79dc226ae5292513ba362d713/screenshot/1587607656_14/pc0_9yC6IDI4p.jpg?imageMogr2/quality/70/thumbnail/1024x","https://nc.lianjia.com/ershoufang/103108179086.html"
"1418","2024-10-29 15:55:32","路通城邦，精装修三房，出门便利","60","6667","2室1厅","低楼层/共18层","东","平层/简装","90平米","塔楼","路通城邦小区","南昌县","https://vrlab-image4.ljcdn.com/release/auto3dhd/e6facc0de90fe161ae0183481d79e35e/screenshot/1652249770_3/pc0_qvQLNnhvq.jpg?imageMogr2/quality/70/thumbnail/1024x","https://nc.lianjia.com/ershoufang/103120307249.html"
"1419","2024-10-29 15:55:43","老少皆宜的好房，房东期待有缘人。","148","12177","3室1厅","低楼层/共19层","南 北","平层/精装","121.55平米","板楼","蓝天郡","青云谱区","https://vrlab-image4.ljcdn.com/release/screenshot/auto3d-1k_eZQcVlboy2t0DQjIV22/417a8688d5e56f90940fa50010c39439/1710055373_5/pc0_jxdehQOyO.jpg?imageMogr2/quality/70/thumbnail/1024x","https://nc.lianjia.com/ershoufang/103131587520.html"
"1420","2024-10-29 15:55:53","电梯房一梯2户好楼层南北通透全新装修拎包入住","79","8877","3室1厅","中楼层/共11层","南 北","平层/简装","89平米","板楼","居住主题公园-丁香怡景多层","南昌县","https://vrlab-image4.ljcdn.com/release/auto3dhd/f73fb835da06c452a15581a116547017/screenshot/1592124607_9/pc0_AB37FOYT0.jpg?imageMogr2/quality/70/thumbnail/1024x","https://nc.lianjia.com/ershoufang/103125154797.html"
"1421","2024-10-29 15:56:04","近地铁口 新力物业  户型好楼层好 房东诚心卖","100","10639","3室2厅","高楼层/共33层","东南","平层/毛坯","94平米","板楼","锦尚都会","南昌县","https://vrlab-image4.ljcdn.com/release/screenshot/auto3d-F_Rue1kUKoxWLTjevMlqqZ/00eda169d121722989b837aff0776709/1695278588_4/pc0_tuLAfnRQR.jpg?imageMogr2/quality/70/thumbnail/1024x","https://nc.lianjia.com/ershoufang/103127191119.html"
"1422","2024-10-29 15:56:14","有故事的房子花心思的家要享受不要忍受，你值得拥有。","110","8844","3室2厅","中楼层/共6层","南 西南","平层/精装","124.38平米","板楼","静安里九里象湖城","南昌县","https://vrlab-image4.ljcdn.com/release/auto3dhd/826d1f5cb34f9871c33efbf5948c5d6e/screenshot/1627456549_1/pc0_TfjkHqsVO.jpg?imageMogr2/quality/70/thumbnail/1024x","https://nc.lianjia.com/ershoufang/103115891187.html"
"1423","2024-10-29 15:56:24","价格 可谈 距离地 铁仅500米...","155","15563","3室2厅","低楼层/共24层","南","平层/毛坯","99.6平米","板楼","恒锦花苑二区","红谷滩","https://vrlab-image4.ljcdn.com/release/auto3dhd/1e9dde7bcda47953e24ae3d74cfd6449/screenshot/1655975847_0/pc0_lMjGUZH0r.jpg?imageMogr2/quality/70/thumbnail/1024x","https://nc.lianjia.com/ershoufang/103120481985.html"
"1424","2024-10-29 15:56:35","马兰圩公园为邻 品质楼盘 精装交付 户型方正 视野广阔","178","17980","3室2厅","中楼层/共32层","南","平层/精装","99平米","板楼","绿地中央公园璞悦","新建区","https://vrlab-image4.ljcdn.com/release/auto3dhd/0387f94de57fbad4447e67d268b2611f/screenshot/1657418313_3/pc0_mRH289IOM.jpg?imageMogr2/quality/70/thumbnail/1024x","https://nc.lianjia.com/ershoufang/103121324014.html"
"1425","2024-10-29 15:56:45","交通厅集资房3-2-1-1户型","180","18323","3室2厅","高楼层/共32层","南","平层/毛坯","98.24平米","板楼","恒锦花苑二区","红谷滩","https://vrlab-image4.ljcdn.com/release/auto3dhd/d0bf9d63e3d856507a627cfa1f72e519/screenshot/1660011965_0/pc0_2BEeDZs6l.jpg?imageMogr2/quality/70/thumbnail/1024x","https://nc.lianjia.com/ershoufang/103121571255.html"
"1426","2024-10-29 15:56:55","交通便利，繁华地段，教育资源丰富，停车方便.","100","9728","3室2厅","中楼层/共10层","南 北","平层/毛坯","102.8平米","塔楼","嘉业海棠湾","经开区","https://vrlab-image4.ljcdn.com/release/auto3dhd/6a17cb38647219c125abaa9ef552c03b/screenshot/1597114991_2/pc0_9JAsZR58e.jpg?imageMogr2/quality/70/thumbnail/1024x","https://nc.lianjia.com/ershoufang/103106610821.html"
"1427","2024-10-29 15:57:06","红谷滩为邻精装通透三房 全天阳光 直面马兰圩湿地公园","226","18983","3室2厅","低楼层/共32层","南 北","平层/精装","119.06平米","板楼","绿地中央公园璞悦","新建区","https://vrlab-image4.ljcdn.com/release/auto3dhd/e9f2d2e236cd69185de700d809ab3439/screenshot/1639207588_1/pc0_onrOuORfs.jpg?imageMogr2/quality/70/thumbnail/1024x","https://nc.lianjia.com/ershoufang/103123067450.html"
"1428","2024-10-29 15:57:16","户型方正   光线充足   出入方便","150","15152","3室2厅","高楼层/共32层","南","平层/精装","99平米","板楼","绿地中央公园璞悦","新建区","https://vrlab-image4.ljcdn.com/release/auto3dhd/b3b30e5feca44cbcd1236ff9f2148980/screenshot/1680934457_3/pc0_hhhZ1WKsj.jpg?imageMogr2/quality/70/thumbnail/1024x","https://nc.lianjia.com/ershoufang/103125488804.html"
"1429","2024-10-29 15:57:27","蓝天郡三房两厅 出入方便.....","123","11331","3室2厅","高楼层/共25层","南","平层/简装","108.56平米","板塔结合","蓝天郡","青云谱区","https://vrlab-image4.ljcdn.com/release/screenshot/auto3d-fcz_TgM3ZQE8qMJmp4UVrh/2f75d58fef187b1dc18ee576aa8475f1/1709103620_0/pc0_qKqYKd9uf.jpg?imageMogr2/quality/70/thumbnail/1024x","https://nc.lianjia.com/ershoufang/103131357420.html"
"1430","2024-10-29 15:57:37","交通厅单位房 小区物业管理完善 小区环境好 诚心出售","130","13095","3室1厅","高楼层/共32层","南 北","平层/毛坯","99.28平米","板楼","恒锦花苑二区","红谷滩","https://vrlab-image4.ljcdn.com/release/auto3dhd/4bac67d32deaa6c31c314efd55c9365e/screenshot/1682393181_0/pc0_jFmjaI1ZN.jpg?imageMogr2/quality/70/thumbnail/1024x","https://nc.lianjia.com/ershoufang/103123983147.html"
"1431","2024-10-29 15:57:47","花园洋房没有浪费面积精装修房东诚心卖采光好出入方便","85","9551","4室1厅","中楼层/共6层","南","平层/精装","89平米","板楼","力高国际城一期","南昌县","https://vrlab-image4.ljcdn.com/release/screenshot/auto3d-Y059sh-cald1Z-gZ_Oege7/2344996a55a9625e7b2bd4b176915b93/1699511707_5/pc0_kpAWlUqSc.jpg?imageMogr2/quality/70/thumbnail/1024x","https://nc.lianjia.com/ershoufang/103129404589.html"
"1432","2024-10-29 15:57:58","九里坊，精装修的大三房两卫，房东诚心出售","106","9258","3室2厅","中楼层/共6层","南 北","平层/精装","114.5平米","板楼","象湖里九里象湖城","南昌县","https://vrlab-image4.ljcdn.com/release/auto3dhd/1b1f57333d488384a4d9ee372da35316/screenshot/1626688417_6/pc0_dAZ2Xha46.jpg?imageMogr2/quality/70/thumbnail/1024x","https://nc.lianjia.com/ershoufang/103116177621.html"
"1433","2024-10-29 15:58:08","房东急售，交通厅单位房，二号地铁口，次新毛坯三房","170","17124","3室2厅","低楼层/共32层","西南","平层/毛坯","99.28平米","板楼","恒锦花苑二区","红谷滩","https://vrlab-image4.ljcdn.com/release/auto3dhd/8c7de7cc03821b9e62312e527227560b/screenshot/1641952686_0/pc0_1sGrczKfE.jpg?imageMogr2/quality/70/thumbnail/1024x","https://nc.lianjia.com/ershoufang/103118806732.html"
"1434","2024-10-29 15:58:18","恒锦花苑交通厅集资房3-2-1-1户型","180","18131","3室2厅","中楼层/共32层","南","平层/毛坯","99.28平米","板楼","恒锦花苑二区","红谷滩","https://vrlab-image4.ljcdn.com/release/auto3dhd/6dd9bf3fff605d29a023f32a2df3a420/screenshot/1659081321_0/pc0_LzkUwkHAv.jpg?imageMogr2/quality/70/thumbnail/1024x","https://nc.lianjia.com/ershoufang/103121569498.html"
"1435","2024-10-29 15:58:29","中高楼层.视野开阔.交通厅集资房3-2-1-1户型","145","14606","3室2厅","中楼层/共32层","南","平层/毛坯","99.28平米","板楼","恒锦花苑二区","红谷滩","https://vrlab-image4.ljcdn.com/release/auto3dhd/b065c758a44ff4ef13f0dfc80056e2ce/screenshot/1659080454_0/pc0_bH6PDUrJE.jpg?imageMogr2/quality/70/thumbnail/1024x","https://nc.lianjia.com/ershoufang/103121574008.html"
"1436","2024-10-29 15:58:39","户型方正，楼层佳，楼龄新，房东很诚心出售","155","13136","3室2厅","中楼层/共8层","东南","平层/毛坯","118平米","塔楼","澜湖御景","南昌县","https://vrlab-image4.ljcdn.com/release/auto3dhd/1c23175cce67471068c11d4b575b74cc/screenshot/1611988437_3/pc0_RxmrsWs2K.jpg?imageMogr2/quality/70/thumbnail/1024x","https://nc.lianjia.com/ershoufang/103123417195.html"
"1437","2024-10-29 15:58:49","洋房楼层好，封闭式小区，南北通透","77","6517","3室2厅","中楼层/共6层","南 北","平层/毛坯","118.17平米","板塔结合","春和景明","南昌县","https://vrlab-image4.ljcdn.com/release/auto3dhd/2dfe356f295736c33cf51b2a7f52feae/screenshot/1631673463_0/pc0_VeqXOvAyU.jpg?imageMogr2/quality/70/thumbnail/1024x","https://nc.lianjia.com/ershoufang/103117188682.html"
"1438","2024-10-29 15:59:00","居住主题南北通两房 精装修 楼层好","80","9130","2室1厅","中楼层/共5层","南","平层/精装","87.63平米","板楼","居住主题公园-香榭丽居花园洋房","南昌县","https://vrlab-image4.ljcdn.com/release/screenshot/auto3d-TDZS484vtKVN4HuCRxIz9t/daf08d6bbf379de84dc0408efa612bad/1712798553_4/pc0_cDRMgEQKi.jpg?imageMogr2/quality/70/thumbnail/1024x","https://nc.lianjia.com/ershoufang/103132414219.html"
"1439","2024-10-29 15:59:10","小区环境好 业主急售 价格可谈","83","9326","3室2厅","高楼层/共18层","南","平层/毛坯","89平米","塔楼","市政绿城桂语江南","新建区","https://vrlab-image4.ljcdn.com/release/auto3dhd/c876202456c2257b3ea05754a4bb143b/screenshot/1689487578_0/pc0_E4uqa01Gl.jpg?imageMogr2/quality/70/thumbnail/1024x","https://nc.lianjia.com/ershoufang/103126605357.html"
"1440","2024-10-29 15:59:21","小区环境优美, 交通便利 ,有多条公交线路经过","71","7474","3室2厅","高楼层/共14层","南","平层/毛坯","95平米","板楼","金佳云舒花城","湾里区","https://vrlab-image4.ljcdn.com/release/auto3dhd/22a176e4025b77ffdd30482613c06e1f/screenshot/1615103436_2/pc0_3Yhw1zaZp.jpg?imageMogr2/quality/70/thumbnail/1024x","https://nc.lianjia.com/ershoufang/103113755098.html"
"1441","2024-10-29 16:01:01","小区环境好 适合人群较广 生活便利","160","17445","2室2厅","低楼层/共18层","东","平层/精装","91.72平米","板楼","绿湖豪城一期","红谷滩","https://vrlab-image4.ljcdn.com/release/auto3dhd/b52b7d650baeff9087b47be1f682cce9/screenshot/1628474472_0/pc0_KM19QrIW6.jpg?imageMogr2/quality/70/thumbnail/1024x","https://nc.lianjia.com/ershoufang/103116462999.html"
"1442","2024-10-29 16:01:12","此房采光充足，户型端正，小区精致","108","8853","3室2厅","中楼层/共32层","南","平层/毛坯","122平米","板楼","银城江畔","南昌县","https://vrlab-image4.ljcdn.com/release/auto3dhd/bd20f762e30a614c5d948977127d86f1/screenshot/1687238735_0/pc0_b2I7DI7sB.jpg?imageMogr2/quality/70/thumbnail/1024x","https://nc.lianjia.com/ershoufang/103126940149.html"
"1443","2024-10-29 16:01:22","二七北路育新旁正规两房，户型端正，全天太阳","112","11499","2室2厅","中楼层/共8层","南","平层/精装","97.4平米","板楼","二七北路","东湖区","https://vrlab-image4.ljcdn.com/release/auto3dhd/a7bf81db03526a4eb60427bb4c8723de/screenshot/1637740913_0/pc0_z2kPh0Jik.jpg?imageMogr2/quality/70/thumbnail/1024x","https://nc.lianjia.com/ershoufang/103118070381.html"
"1444","2024-10-29 16:01:33","力高电梯精装两房 房东诚心出售","71","10452","2室2厅","低楼层/共18层","南 北","平层/精装","67.93平米","板楼","力高国际城四期","南昌县","https://vrlab-image4.ljcdn.com/release/auto3dhd/bc10a12808eff1cdbf42cf788f963877/screenshot/1677308059_0/pc0_fSkntl0u4.jpg?imageMogr2/quality/70/thumbnail/1024x","https://nc.lianjia.com/ershoufang/103123560439.html"
"1445","2024-10-29 16:01:43","南北通透三房好楼层全天太阳无遮挡得房率很高诚心出售","200","21288","3室2厅","高楼层/共18层","南 北","平层/精装","93.95平米","板楼","绿湖豪城一期","红谷滩","https://vrlab-image4.ljcdn.com/release/screenshot/auto3d-Li2MMJ67QiSwAEdQwyzOX1/aaeae1faaa093c7431138f1466db9987/1704268028_0/pc0_tJaRHK0LI.jpg?imageMogr2/quality/70/thumbnail/1024x","https://nc.lianjia.com/ershoufang/103130636505.html"
"1446","2024-10-29 16:01:53","二七北路 3室1厅 南","83","10774","3室1厅","中楼层/共8层","南","平层/精装","77.04平米","暂无数据","二七北路","东湖区","https://image1.ljcdn.com/110000-inspection/pc0_kvAErrRSy_1.jpg.710x400.jpg","https://nc.lianjia.com/ershoufang/103125745478.html"
"1447","2024-10-29 16:02:03","楼层好，光线充足、交通便利，公摊少，得房率高","96","8649","3室2厅","中楼层/共28层","东南","平层/毛坯","111平米","板楼","银城江畔","南昌县","https://vrlab-image4.ljcdn.com/release/auto3dhd/c1d9ed08e91d8b9d5d1fdd560f60d626/screenshot/1654398826_0/pc0_a5fd0nhxQ.jpg?imageMogr2/quality/70/thumbnail/1024x","https://nc.lianjia.com/ershoufang/103120669144.html"
"1448","2024-10-29 16:02:14","正规三房两厅两卫， 带有独立的入户玄关","130","10501","3室2厅","中楼层/共7层","南","平层/毛坯","123.8平米","暂无数据","金禧悦城","南昌县","https://vrlab-image4.ljcdn.com/release/screenshot/auto3d-0gaEkK_2YtlQc0qg1--UyG/fd5591a24fffedd0380f1b2ba99e27ba/1718853495_0/pc0_CvfgdscNS.jpg?imageMogr2/quality/70/thumbnail/1024x","https://nc.lianjia.com/ershoufang/103133889226.html"
"1449","2024-10-29 16:02:24","都市未来花园 一楼带花园，私人庭院，安静舒适。","118","9820","3室2厅","低楼层/共6层","南 北","平层/简装","120.17平米","板楼","都市未来花园","新建区","https://vrlab-image4.ljcdn.com/release/screenshot/auto3d-5HHq_NNmI-durT9-TSS3-m/d6d03483711872cfc3048815731bcdc5/1701307169_3/pc0_jxAW6aal0.jpg?imageMogr2/quality/70/thumbnail/1024x","https://nc.lianjia.com/ershoufang/103129890057.html"
"1450","2024-10-29 16:02:34","毛坯次新房，有钥匙随时看房，完善生活配套，生活方便","120","11176","3室2厅","中楼层/共17层","南","平层/毛坯","107.38平米","板楼","博泰生命树","青云谱区","https://vrlab-image4.ljcdn.com/release/auto3dhd/2e3401e1f2594d2aed03aabe446da7ef/screenshot/1684909408_0/pc0_SKJWskDok.jpg?imageMogr2/quality/70/thumbnail/1024x","https://nc.lianjia.com/ershoufang/103126110598.html"
"1451","2024-10-29 16:02:45","新建区心怡广场以西莱卡小镇东区经典两房诚意出售","83","9929","4室2厅","高楼层/共6层","南","复式/精装","83.6平米","板楼","莱卡小镇-东区","新建区","https://vrlab-image4.ljcdn.com/release/auto3dhd/8e7a90fba47ded593e7f06b49bd9ef3d/screenshot/1689308613_13/pc0_vVSy0KVaB.jpg?imageMogr2/quality/70/thumbnail/1024x","https://nc.lianjia.com/ershoufang/103126442787.html"
"1452","2024-10-29 16:02:55","房东诚心出售好房，自住精装修保养好，随时看，拎包住","92","9100","2室1厅","中楼层/共18层","南","平层/其他","101.1平米","板楼","博泰生命树","青云谱区","https://vrlab-image4.ljcdn.com/release/auto3dhd/b6da719502cb00ba20156ac319d53918/screenshot/1654400631_6/pc0_UDTmqdTT4.jpg?imageMogr2/quality/70/thumbnail/1024x","https://nc.lianjia.com/ershoufang/103121025144.html"
"1453","2024-10-29 16:03:05","此房楼层好，视野宽阔，配套齐全，临新时代购物广场","120","9066","3室2厅","高楼层/共5层","南 北","平层/精装","132.37平米","塔楼","兴华路","新建区","https://vrlab-image4.ljcdn.com/release/auto3dhd/7ad21a8ae3436f77ab89defbc5dbc3d1/screenshot/1587371456_4/pc0_HrXHuoHQD.jpg?imageMogr2/quality/70/thumbnail/1024x","https://nc.lianjia.com/ershoufang/103125286653.html"
"1454","2024-10-29 16:03:16","里面环境很好，有一个中型广场休闲，生活是很便利的哦","98","8449","3室2厅","高楼层/共15层","南","平层/毛坯","116平米","塔楼","白沙地","南昌县","https://vrlab-image4.ljcdn.com/release/screenshot/auto3d-3TTSj9ZPD-0TztKUJJfaT1/39c8249c7a8642f229691afb0db1814b/1704003518_0/pc0_Ju8TW1g3M.jpg?imageMogr2/quality/70/thumbnail/1024x","https://nc.lianjia.com/ershoufang/103130207869.html"
"1455","2024-10-29 16:03:26","新建区都市未来花园小区电梯4房两厅出售","102.8","9262","3室2厅","高楼层/共19层","南","平层/精装","111平米","塔楼","都市未来花园","新建区","https://vrlab-image4.ljcdn.com/release/auto3dhd/735c0119b4d4f6f003c54bfda5d2404e/screenshot/1680223668_4/pc0_dUZ4Pl9of.jpg?imageMogr2/quality/70/thumbnail/1024x","https://nc.lianjia.com/ershoufang/103125229510.html"
"1456","2024-10-29 16:03:37","新建商圈 排头位置 近红谷滩 精装修","62","6429","3室2厅","高楼层/共7层","南","平层/简装","96.45平米","塔楼","新建区百商2栋","新建区","https://vrlab-image4.ljcdn.com/release/auto3dhd/82332ecedbba200eefa126e7596e42b6/screenshot/1679474720_0/pc0_X94y6MQT7.jpg?imageMogr2/quality/70/thumbnail/1024x","https://nc.lianjia.com/ershoufang/103124927527.html"
"1457","2024-10-29 16:03:47","正宗三房，采光好，楼间距大，交通方便","95","8408","3室2厅","中楼层/共11层","南","平层/毛坯","113平米","板楼","馨居雅苑","新建区","https://vrlab-image4.ljcdn.com/release/auto3dhd/2642d6f7908ce7cd621f378d04abf9b8/screenshot/1679727751_3/pc0_NDtih6PYS.jpg?imageMogr2/quality/70/thumbnail/1024x","https://nc.lianjia.com/ershoufang/103125130175.html"
"1458","2024-10-29 16:03:57","房东自住装修 户型好 业主诚心出售","170","20212","2室1厅","高楼层/共18层","南 北","平层/精装","84.11平米","板塔结合","绿湖豪城一期","红谷滩","https://vrlab-image4.ljcdn.com/release/auto3dhd/86a382035bce2ace4ea67c48aa67094f/screenshot/1616205814_1/pc0_3cfe07BPZ.jpg?imageMogr2/quality/70/thumbnail/1024x","https://nc.lianjia.com/ershoufang/103116186920.html"
"1459","2024-10-29 16:04:08","翰园小区 地铁口 好楼层 毛坯房三房 房东急售","150","9443","3室2厅","中楼层/共13层","南","平层/毛坯","158.86平米","板楼","翰园小区","高新区","https://vrlab-image4.ljcdn.com/release/screenshot/auto3d-gMNl4gJQlyoOLCuR25AG6M/d773a6641ddefcb14a4076328b9d99f9/1716352260_0/pc0_ZTGKihbCJ.jpg?imageMogr2/quality/70/thumbnail/1024x","https://nc.lianjia.com/ershoufang/103133340538.html"
"1460","2024-10-29 16:04:18","国金印象旁精装大三房，一梯一户，全天太阳","350","23021","3室2厅","高楼层/共33层","北 南","平层/精装","152.04平米","板楼","紫金城","东湖区","https://vrlab-image4.ljcdn.com/release/auto3dhd/1c35b4c08f55d64c2f770ba4389f30e6/screenshot/1647067727_0/pc0_pWhXQyJQM.jpg?imageMogr2/quality/70/thumbnail/1024x","https://nc.lianjia.com/ershoufang/103119433831.html"
"1461","2024-10-29 16:04:28","府前西路  精装两房  全天后太阳 房东诚售","75","8118","2室2厅","中楼层/共5层","南 北","平层/简装","92.39平米","暂无数据","府前西路","南昌县","https://vrlab-image4.ljcdn.com/release/auto3dhd/ec5ef56cb71c4f8495a83de9b5681a65/screenshot/1691889668_0/pc0_4Dsllfs0l.jpg?imageMogr2/quality/70/thumbnail/1024x","https://nc.lianjia.com/ershoufang/103127993808.html"
"1462","2024-10-29 16:04:38","紫荆花园 3房 户型通透 住家装修 诚心出售","138","10633","3室1厅","低楼层/共18层","南","错层/精装","129.79平米","暂无数据","紫荆花园","西湖区","https://vrlab-image4.ljcdn.com/release/auto3dhd/afacfb50959d61e4508d23f4d370d6c3/screenshot/1643160380_0/pc0_PrNvvkUGn.jpg?imageMogr2/quality/70/thumbnail/1024x","https://nc.lianjia.com/ershoufang/103118922484.html"
"1463","2024-10-29 16:04:49","南昌县力高君御世家 小区环境优美 前后视野无遮挡","58","6452","3室2厅","中楼层/共11层","南","平层/毛坯","89.9平米","板楼","力高君御世家","南昌县","https://vrlab-image4.ljcdn.com/release/auto3dhd/ca7a1abcf829f2b0d8424d01df5f4ac9/screenshot/1602041568_2/pc0_IeoUW7a8h.jpg?imageMogr2/quality/70/thumbnail/1024x","https://nc.lianjia.com/ershoufang/103106208448.html"
"1464","2024-10-29 16:04:59","房东诚心出售 电梯洋房毛坯三房两卫 小区坏境好","50","5000","3室2厅","中楼层/共11层","南","平层/毛坯","100平米","板楼","力高君御世家","南昌县","https://vrlab-image4.ljcdn.com/release/screenshot/auto3d-oMx42F6ILzkDQzY3BUV_3E/1ce70c2bb0ebcf1e583d2482b010898b/1719887087_5/pc0_NvE2EbMb2.jpg?imageMogr2/quality/70/thumbnail/1024x","https://nc.lianjia.com/ershoufang/103133873081.html"
"1465","2024-10-29 16:05:09","小高层南北通透三房两卫 精装修拎包入住 诚心卖","226","19161","3室2厅","低楼层/共11层","南 北","平层/精装","117.95平米","板楼","绿湖豪城二期","红谷滩","https://vrlab-image4.ljcdn.com/release/auto3dhd/ddfff9b080282a6fbb60cc02bf52b3b9/screenshot/1693978253_0/pc0_9K2YPr3dh.jpg?imageMogr2/quality/70/thumbnail/1024x","https://nc.lianjia.com/ershoufang/103128446370.html"
"1466","2024-10-29 16:05:20","银河城水悦湾二期精装两房，地铁口，繁华地段出行便利","70","7866","2室2厅","低楼层/共6层","南","平层/精装","89平米","塔楼","银河城水悦湾二区","南昌县","https://vrlab-image4.ljcdn.com/release/auto3dhd/4e62851c51a3bdc0d06488c192be5972/screenshot/1678342665_0/pc0_5Xt3iPS06.jpg?imageMogr2/quality/70/thumbnail/1024x","https://nc.lianjia.com/ershoufang/103132363417.html"
"1467","2024-10-29 16:05:30","居住主题小三房装修8成新 拎包入住","70","8029","2室2厅","低楼层/共7层","南","平层/精装","87.19平米","塔楼","居住主题公园-玫瑰华庭","南昌县","https://vrlab-image4.ljcdn.com/release/screenshot/auto3d-meESun1EvTOX-rbuzYxofu/9be7866ca1fa6225215441e78262d8c4/1710041568_4/pc0_GoeLXbXEU.jpg?imageMogr2/quality/70/thumbnail/1024x","https://nc.lianjia.com/ershoufang/103131559796.html"
"1468","2024-10-29 16:05:40","中间楼层  户型好 出入方便 诚心卖","80","8989","3室2厅","中楼层/共6层","南","平层/精装","89平米","板楼","力高国际城一期","南昌县","https://vrlab-image4.ljcdn.com/release/auto3dhd/822c20426347567d12ef519a74a8b0fd/screenshot/1685862285_0/pc0_SMAsZpWOc.jpg?imageMogr2/quality/70/thumbnail/1024x","https://nc.lianjia.com/ershoufang/103130504094.html"
"1469","2024-10-29 16:05:51","幸福时光一期 步梯3房 中间楼层 视野开阔","79","8877","3室2厅","低楼层/共6层","东南","平层/精装","89平米","板楼","幸福时光一期","南昌县","https://vrlab-image4.ljcdn.com/release/auto3dhd/9e469ed3544ef7401abe9d648b3c5a98/screenshot/1647654222_0/pc0_gVNlYUFVi.jpg?imageMogr2/quality/70/thumbnail/1024x","https://nc.lianjia.com/ershoufang/103119645757.html"
"1470","2024-10-29 16:06:01","南大一附院旁，精装修小三房，楼栋楼层位置好","130","13979","3室2厅","高楼层/共33层","南 北","平层/精装","93平米","板楼","力高君誉城","南昌县","https://vrlab-image4.ljcdn.com/release/auto3dhd/d51256e284efbe4cbd5ca98681c732d0/screenshot/1657161175_0/pc0_3nllqZ6MX.jpg?imageMogr2/quality/70/thumbnail/1024x","https://nc.lianjia.com/ershoufang/103121212333.html"
"1471","2024-10-29 16:06:11","得房率高 配套成熟，地段繁华，生活便利","68","8408","2室2厅","高楼层/共6层","南 北","平层/简装","80.88平米","板楼","力天阳光地带南区","新建区","https://vrlab-image4.ljcdn.com/release/screenshot/auto3d-6wLvI-djVOgm5k2g4ZzRC1/1870d47dc69c669c0e80d77dce490ffb/1704948193_0/pc0_ORDL5EMxo.jpg?imageMogr2/quality/70/thumbnail/1024x","https://nc.lianjia.com/ershoufang/103128214765.html"
"1472","2024-10-29 16:06:22","高铁站旁 洋房社区 三房两厅两卫 前后双阳台 诚售","50","5000","3室2厅","高楼层/共11层","南","平层/毛坯","100平米","板楼","力高君御世家","南昌县","https://vrlab-image4.ljcdn.com/release/auto3dhd/9f7d3f415e7a6bd66af44578f794a0a5/screenshot/1681711853_4/pc0_8FNLEElHg.jpg?imageMogr2/quality/70/thumbnail/1024x","https://nc.lianjia.com/ershoufang/103125096673.html"
"1473","2024-10-29 16:06:32","正宗三房，采光好，楼间距大，交通方便","110","8547","3室2厅","低楼层/共11层","南 北","平层/简装","128.71平米","板楼","馨居雅苑","新建区","https://vrlab-image4.ljcdn.com/release/auto3dhd/0f764af19673ab27fe5af2a5c2ab09a1/screenshot/1630220717_2/pc0_gSPn7CA2w.jpg?imageMogr2/quality/70/thumbnail/1024x","https://nc.lianjia.com/ershoufang/103124473926.html"
"1474","2024-10-29 16:06:42","莲塘水建社区   精装修两房   房东急出售  随时可看房","30","3675","2室2厅","高楼层/共5层","南","平层/精装","81.64平米","板楼","水建公司","南昌县","https://vrlab-image4.ljcdn.com/release/auto3dhd/e97ad04213e70fb98712e852d8e2bcee/screenshot/1604638869_0/pc0_VJVXJbf9F.jpg?imageMogr2/quality/70/thumbnail/1024x","https://nc.lianjia.com/ershoufang/103112032549.html"
"1475","2024-10-29 16:06:53","工贸一村 方正两房  通透 太阳好 交通便利","92","10345","2室2厅","中楼层/共8层","南","平层/简装","88.94平米","暂无数据","工贸一村","西湖区","https://vrlab-image4.ljcdn.com/release/auto3dhd/2005ce53880a623c9afb7d59e80ba778/screenshot/1604382686_1/pc0_04vVLUJ5c.jpg?imageMogr2/quality/70/thumbnail/1024x","https://nc.lianjia.com/ershoufang/103122742792.html"
"1476","2024-10-29 16:07:03","国博二期两房，高楼层采光好，配套齐全","110","13912","2室1厅","高楼层/共32层","南 北","平层/毛坯","79.07平米","板楼","绿地国际博览城二期博伟","红谷滩","https://vrlab-image4.ljcdn.com/release/auto3dhd/6c48e09124b460e1aa763559e1adbe2a/screenshot/1665560065_8/pc0_Ky3OVDX74.jpg?imageMogr2/quality/70/thumbnail/1024x","https://nc.lianjia.com/ershoufang/103122681195.html"
"1477","2024-10-29 16:07:13","新上优质好房视野采光楼层很好精装修业主置换诚心出售","160","18614","2室2厅","高楼层/共18层","南","平层/精装","85.96平米","板楼","绿湖豪城一期","红谷滩","https://vrlab-image4.ljcdn.com/release/screenshot/auto3d-iimuuKquA0LE9dmGhVsZv_/3ad050710affaeb78ad6c3b2daff7d2c/1709627681_0/pc0_dQpfdLYSc.jpg?imageMogr2/quality/70/thumbnail/1024x","https://nc.lianjia.com/ershoufang/103131569526.html"
"1478","2024-10-29 16:07:23","小区环境好，采光视野开阔，近高铁南站（建设中）","50","5612","3室2厅","高楼层/共11层","南 北","平层/毛坯","89.11平米","板楼","力高君御世家","南昌县","https://vrlab-image4.ljcdn.com/release/auto3dhd/f8da2bb5a91676a6ab5e3d2ddd9ed690/screenshot/1667542230_3/pc0_rWkc9mift.jpg?imageMogr2/quality/70/thumbnail/1024x","https://nc.lianjia.com/ershoufang/103122866387.html"
"1479","2024-10-29 16:07:34","朗贤加州溪谷3-2-1-2 118.00m² 120 万","81.8","6885","3室2厅","中楼层/共5层","南 北","平层/毛坯","118.82平米","板塔结合","朗贤加州溪谷","湾里区","https://vrlab-image4.ljcdn.com/release/auto3dhd/7780cba9e667a0bb959570f36d8ee11f/screenshot/1631695031_0/pc0_IrlSixEEv.jpg?imageMogr2/quality/70/thumbnail/1024x","https://nc.lianjia.com/ershoufang/103117080662.html"
"1480","2024-10-29 16:07:44","高铁站旁 电梯洋房 纯毛坯有三四十平院子 房东诚售","60","6852","3室2厅","低楼层/共11层","南","平层/毛坯","87.57平米","板楼","力高君御世家","南昌县","https://vrlab-image4.ljcdn.com/release/auto3dhd/8713d2cd634d670e1e415e991ef85dd9/screenshot/1683363278_4/pc0_oC1IRuH1o.jpg?imageMogr2/quality/70/thumbnail/1024x","https://nc.lianjia.com/ershoufang/103125746052.html"
"1481","2024-10-29 16:07:54","品质小区  电梯洋房   低价出售","48","4829","3室2厅","高楼层/共11层","南","平层/毛坯","99.4平米","板楼","力高君御世家","南昌县","https://vrlab-image4.ljcdn.com/release/auto3dhd/123de52504a9ec8dd30272f273702176/screenshot/1682745743_4/pc0_50N2ld8du.jpg?imageMogr2/quality/70/thumbnail/1024x","https://nc.lianjia.com/ershoufang/103125548947.html"
"1482","2024-10-29 16:08:05","房东诚心出售 小区环境优美 全洋房小区","52","5843","3室2厅","中楼层/共11层","南 北","平层/毛坯","89平米","板楼","力高君御世家","南昌县","https://vrlab-image4.ljcdn.com/release/auto3dhd/65e72d5018f341e9832d93105bc93ad8/screenshot/1678250641_4/pc0_bq5QwO0F4.jpg?imageMogr2/quality/70/thumbnail/1024x","https://nc.lianjia.com/ershoufang/103124552310.html"
"1483","2024-10-29 16:08:15","经开区+万科金域传奇洋房+精装三房+业主诚心出售","83","9497","3室2厅","低楼层/共9层","南 北","平层/精装","87.4平米","板楼","万科金域传奇","新建区","https://vrlab-image4.ljcdn.com/release/auto3dhd/66edc34654ab38fb4c9c8aa45781ee43/screenshot/1668311387_4/pc0_5phKXMa8E.jpg?imageMogr2/quality/70/thumbnail/1024x","https://nc.lianjia.com/ershoufang/103123214099.html"
"1484","2024-10-29 16:08:25","力高世家毛坯三房  楼层好  视野开阔","45","4985","3室2厅","高楼层/共10层","南","平层/毛坯","90.28平米","板楼","力高君御世家","南昌县","https://vrlab-image4.ljcdn.com/release/auto3dhd/1b52e25e3f3acd42dec78bb121f2260d/screenshot/1654913123_4/pc0_KrTvcYjiR.jpg?imageMogr2/quality/70/thumbnail/1024x","https://nc.lianjia.com/ershoufang/103120891693.html"
"1485","2024-10-29 16:08:36","小区环境优美 得房率高 生活交通便利","60.5","6040","3室2厅","高楼层/共11层","南 北","平层/毛坯","100.17平米","板楼","力高君御世家","南昌县","https://vrlab-image4.ljcdn.com/release/auto3dhd/dc90222b31438328fb02bf3a6c56535a/screenshot/1678253447_4/pc0_Ck8zMaVK0.jpg?imageMogr2/quality/70/thumbnail/1024x","https://nc.lianjia.com/ershoufang/103124635778.html"
"1486","2024-10-29 16:08:46","房子正南.采光充足.小区环境优美.交通便利.","58","5800","3室2厅","中楼层/共11层","南","平层/毛坯","100平米","板楼","力高君御世家","南昌县","https://vrlab-image4.ljcdn.com/release/auto3dhd/1723355317a629b3b4bda00095690a98/screenshot/1630116762_4/pc0_IWZJdNo6F.jpg?imageMogr2/quality/70/thumbnail/1024x","https://nc.lianjia.com/ershoufang/103116845415.html"
"1487","2024-10-29 16:08:57","力高君御世家出小区.视野开阔，交通便利","64","6400","3室2厅","高楼层/共7层","南 北","平层/毛坯","100平米","板楼","力高君御世家","南昌县","https://vrlab-image4.ljcdn.com/release/auto3dhd/170bde63c72854e8a562021c8b742789/screenshot/1640228321_0/pc0_x6jNjRGuh.jpg?imageMogr2/quality/70/thumbnail/1024x","https://nc.lianjia.com/ershoufang/103118507185.html"
"1488","2024-10-29 16:09:07","力高君御世家毛坯三房 户型方正 位置安静居住舒适","43","4197","3室2厅","高楼层/共10层","南","平层/毛坯","102.47平米","板楼","力高君御世家","南昌县","https://vrlab-image4.ljcdn.com/release/auto3dhd/9f352c781c1a124da12015a09da4f8d8/screenshot/1625539783_4/pc0_jl4t9ScY7.jpg?imageMogr2/quality/70/thumbnail/1024x","https://nc.lianjia.com/ershoufang/103115930698.html"
"1489","2024-10-29 16:09:17","国博二期博伟，业主诚心出售，户型方正，采光充足。","140","14918","3室2厅","中楼层/共32层","南","平层/毛坯","93.85平米","板楼","绿地国际博览城二期博伟","红谷滩","https://vrlab-image4.ljcdn.com/release/auto3dhd/45d56fd1515e23fdb13447f16a61c38e/screenshot/1628844425_4/pc0_OXyvpkbuU.jpg?imageMogr2/quality/70/thumbnail/1024x","https://nc.lianjia.com/ershoufang/103116302555.html"
"1490","2024-10-29 16:09:28","力高君御优质房源，房主诚心出售","52","5223","3室2厅","低楼层/共11层","东南","平层/毛坯","99.57平米","板楼","力高君御世家","南昌县","https://vrlab-image4.ljcdn.com/release/auto3dhd/4a901e1fa9982dc7ee3774580aec4651/screenshot/1596703530_6/pc0_4mAMf1vhf.jpg?imageMogr2/quality/70/thumbnail/1024x","https://nc.lianjia.com/ershoufang/103108330368.html"
"1491","2024-10-29 16:09:38","力高君御世家，三房两厅，户型方正，房东诚售","58","5351","4室2厅","中楼层/共7层","南","平层/毛坯","108.4平米","板楼","力高君御世家","南昌县","https://vrlab-image4.ljcdn.com/release/auto3dhd/089dc9248f5c4c9a6ba7749277c57332/screenshot/1591150030_0/pc0_zwnTH3kHc.jpg?imageMogr2/quality/70/thumbnail/1024x","https://nc.lianjia.com/ershoufang/103108995886.html"
"1492","2024-10-29 16:09:48","全明南北通透户型 满五唯一 产权清晰","130","9402","3室2厅","中楼层/共8层","南 北","平层/精装","138.28平米","暂无数据","龙韵花园","西湖区","https://vrlab-image4.ljcdn.com/release/auto3dhd/30486e5f12609df2726273219a7487cb/screenshot/1603592259_13/pc0_J8uwiTlwy.jpg?imageMogr2/quality/70/thumbnail/1024x","https://nc.lianjia.com/ershoufang/103111892095.html"
"1493","2024-10-29 16:09:58","迎宾中大道和105国道旁，毛坯您可以精装修，环境优美","46","4647","3室2厅","高楼层/共7层","南","平层/毛坯","99平米","板楼","力高君御世家","南昌县","https://vrlab-image4.ljcdn.com/release/screenshot/auto3d-cM8bLDKBIYRHprmgsdT-uJ/62fdd4ce441358fc25b3b0eebfaf255d/1694582070_0/pc0_DXLjBEBFn.jpg?imageMogr2/quality/70/thumbnail/1024x","https://nc.lianjia.com/ershoufang/103126572319.html"
"1494","2024-10-29 16:10:09","三层电梯空中别墅，公交学肖一应俱全","89","21597","3室2厅","高楼层/共11层","南","复式/精装","41.21平米","板楼","西区公寓","南昌县","https://vrlab-image4.ljcdn.com/release/auto3dhd/fb2c0ed09bfa0766e693cc94c5e28f29/screenshot/1655176148_0/pc0_tEjzke39p.jpg?imageMogr2/quality/70/thumbnail/1024x","https://nc.lianjia.com/ershoufang/103120934106.html"
"1495","2024-10-29 16:10:19","房东急售 户型方正 小区环境优美 南北通透","57.9","5779","3室2厅","中楼层/共11层","南 北","平层/毛坯","100.2平米","板楼","力高君御世家","南昌县","https://vrlab-image4.ljcdn.com/release/auto3dhd/d6a66ab3622c6153e4004ec8974e0ac9/screenshot/1617249606_5/pc0_dGdFpOCGO.jpg?imageMogr2/quality/70/thumbnail/1024x","https://nc.lianjia.com/ershoufang/103122604756.html"
"1496","2024-10-29 16:10:29","诚心出售 毛坯三房 生活交通齐全 小区物业环境优美","47","5207","3室2厅","低楼层/共10层","南 北","平层/毛坯","90.28平米","板楼","力高君御世家","南昌县","https://vrlab-image4.ljcdn.com/release/auto3dhd/c9091d6b210d87c78bedac727cac5908/screenshot/1682148242_4/pc0_Ft37TfimG.jpg?imageMogr2/quality/70/thumbnail/1024x","https://nc.lianjia.com/ershoufang/103125639860.html"
"1497","2024-10-29 16:10:40","房东诚心出售 小区环境优美 生活交通便利","46","4600","3室2厅","高楼层/共11层","南 北","平层/毛坯","100平米","板楼","力高君御世家","南昌县","https://vrlab-image4.ljcdn.com/release/auto3dhd/f41b6548323acdb53345f131e7456583/screenshot/1683364221_4/pc0_ABoBUZNrD.jpg?imageMogr2/quality/70/thumbnail/1024x","https://nc.lianjia.com/ershoufang/103125315258.html"
"1498","2024-10-29 16:10:50","君御世家毛坯四房花园社区 格局方正全天都有阳光伴随","56","5163","4室2厅","中楼层/共7层","南","平层/毛坯","108.48平米","板楼","力高君御世家","南昌县","https://vrlab-image4.ljcdn.com/release/auto3dhd/59bc464671a3ff019fadaef4127aa2c3/screenshot/1681281890_0/pc0_o3204y2F1.jpg?imageMogr2/quality/70/thumbnail/1024x","https://nc.lianjia.com/ershoufang/103125157470.html"
"1499","2024-10-29 16:11:00","力高洋房 居住舒适 得房率高 容积低","60","9613","1室1厅","中楼层/共13层","南","平层/精装","62.42平米","板楼","力高国际城一期","南昌县","https://vrlab-image4.ljcdn.com/release/auto3dhd/75e78c00e1211017e4498407c060b571/screenshot/1645776266_5/pc0_fo3RlPLoi.jpg?imageMogr2/quality/70/thumbnail/1024x","https://nc.lianjia.com/ershoufang/103119223468.html"
"1500","2024-10-29 16:11:11","房子格局好，视野开阔，采光充足，配套齐全，交通便利","100","8332","3室1厅","高楼层/共6层","南 北","平层/精装","120.02平米","板楼","幸福时光一期","南昌县","https://vrlab-image4.ljcdn.com/release/auto3dhd/ec57fd6c7448b5a8a87c836c01ecb008/screenshot/1578112115_0/pc0_lrMtH6wd5.jpg?imageMogr2/quality/70/thumbnail/1024x","https://nc.lianjia.com/ershoufang/103122349666.html"
"1501","2024-10-29 16:11:21","户型方正   环境优美   生活便利","100","9702","3室2厅","中楼层/共6层","南","平层/毛坯","103.08平米","板楼","幸福时光四期","南昌县","https://vrlab-image4.ljcdn.com/release/auto3dhd/01e6d8a9a0da5d5ba34b3315975b0ea3/screenshot/1613715864_4/pc0_u8AmznMl3.jpg?imageMogr2/quality/70/thumbnail/1024x","https://nc.lianjia.com/ershoufang/103113349565.html"
"1502","2024-10-29 16:11:31","房东诚心出售一梯一户阳光充足精装修，，，，，，，","125","13228","3室2厅","低楼层/共18层","南","平层/精装","94.5平米","板楼","红谷新城","新建区","https://vrlab-image4.ljcdn.com/release/screenshot/auto3d-Fs6fxEEXv0uci2fM1QyOKc/b9f4901f5967613598d2a6a6b9316521/1706061247_0/pc0_BML3ENIBF.jpg?imageMogr2/quality/70/thumbnail/1024x","https://nc.lianjia.com/ershoufang/103128698628.html"
"1503","2024-10-29 16:11:42","融创望江府，江景三房，诚心出售，户型端正","155","15443","3室2厅","中楼层/共33层","南 北","平层/精装","100.37平米","平房","融创望江府","红谷滩","https://vrlab-image4.ljcdn.com/release/screenshot/auto3d-xVn7RkFFKgIp2vQcH8yCJD/85972f03de7a1d093da6c66c94271956/1715409474_3/pc0_XqdM51jQj.jpg?imageMogr2/quality/70/thumbnail/1024x","https://nc.lianjia.com/ershoufang/103127978250.html"
"1504","2024-10-29 16:11:52","户型端正，采光好，楼层佳力高澜湖御景","135","13367","3室2厅","低楼层/共32层","东南","平层/毛坯","101平米","塔楼","澜湖御景","南昌县","https://vrlab-image4.ljcdn.com/release/auto3dhd/4870c87b3462524d6ed798986bf41cfb/screenshot/1621667139_0/pc0_G7w3cX6uc.jpg?imageMogr2/quality/70/thumbnail/1024x","https://nc.lianjia.com/ershoufang/103115149977.html"
"1505","2024-10-29 16:12:02","三层复式带露台，使用面积200多平米，视野开阔","128","15514","6室4厅","高楼层/共18层","南","平层/毛坯","82.51平米","板塔结合","保集半岛御河湾二期","南昌县","https://vrlab-image4.ljcdn.com/release/auto3dhd/233ec95f2e4acf6a0f48b039196f4cbc/screenshot/1635565772_1/pc0_EYecHJA3d.jpg?imageMogr2/quality/70/thumbnail/1024x","https://nc.lianjia.com/ershoufang/103121894633.html"
"1506","2024-10-29 16:12:13","象湖滨江 新洪大 毛坯 南大一附院 通透三房","95","9406","3室2厅","高楼层/共32层","南 北","平层/毛坯","101平米","塔楼","澜湖御景","南昌县","https://vrlab-image4.ljcdn.com/release/auto3dhd/af84bacecca4d6bc8a0f4bd9a1735a0a/screenshot/1647156472_0/pc0_j1flYMPoP.jpg?imageMogr2/quality/70/thumbnail/1024x","https://nc.lianjia.com/ershoufang/103110192585.html"
"1507","2024-10-29 16:12:23","楼层好，光线充足、交通便利，公摊少，得房率高","96","8649","3室2厅","中楼层/共28层","东南","平层/毛坯","111平米","板楼","银城江畔","南昌县","https://vrlab-image4.ljcdn.com/release/auto3dhd/c1d9ed08e91d8b9d5d1fdd560f60d626/screenshot/1654398826_0/pc0_a5fd0nhxQ.jpg?imageMogr2/quality/70/thumbnail/1024x","https://nc.lianjia.com/ershoufang/103120669144.html"
"1508","2024-10-29 16:12:33","融创望江府，江景三房，诚心出售，户型端正","155","15443","3室2厅","中楼层/共33层","南 北","平层/精装","100.37平米","平房","融创望江府","红谷滩","https://vrlab-image4.ljcdn.com/release/screenshot/auto3d-xVn7RkFFKgIp2vQcH8yCJD/85972f03de7a1d093da6c66c94271956/1715409474_3/pc0_XqdM51jQj.jpg?imageMogr2/quality/70/thumbnail/1024x","https://nc.lianjia.com/ershoufang/103127978250.html"
"1509","2024-10-29 16:12:43","小区环境好，绿化高。适合老人修身养性","110","10000","3室1厅","低楼层/共5层","南 北","平层/毛坯","110平米","板楼","金涛御景花园","南昌县","https://vrlab-image4.ljcdn.com/release/auto3dhd/180bc41a2b23d06e7205cf4d67e1991e/screenshot/1680943786_0/pc0_E4QKrHhni.jpg?imageMogr2/quality/70/thumbnail/1024x","https://nc.lianjia.com/ershoufang/103125504785.html"
"1510","2024-10-29 16:12:54","小区完善，户型通透两卫，中间楼层，","80","7142","3室2厅","中楼层/共11层","南 北","平层/简装","112.02平米","板楼","西水滨鹭岛","南昌县","https://vrlab-image4.ljcdn.com/release/auto3dhd/c523b9ab6975bda1c7090a26ca144fbd/screenshot/1655020085_12/pc0_7KJDrICRD.jpg?imageMogr2/quality/70/thumbnail/1024x","https://nc.lianjia.com/ershoufang/103120709631.html"
"1511","2024-10-29 16:13:04","融创望江府 一线江景房 小区园林景观 看房方便 诚售","197","17462","3室2厅","中楼层/共33层","南","平层/精装","112.82平米","板塔结合","融创望江府","红谷滩","https://vrlab-image4.ljcdn.com/release/auto3dhd/e77372903fce432ea85cd8b2e77fe4f4/screenshot/1656317582_3/pc0_u70x6tozF.jpg?imageMogr2/quality/70/thumbnail/1024x","https://nc.lianjia.com/ershoufang/103120550266.html"
"1512","2024-10-29 16:13:14","天然气入户 4.2米 loft 配套齐全 出行方便","31","7152","1室1厅","高楼层/共23层","北","平层/毛坯","43.35平米","板楼","巨仁广场","南昌县","https://vrlab-image4.ljcdn.com/release/auto3dhd/082ef8e2d10b67ed310141bc8277e433/screenshot/1659492480_0/pc0_HVX567aaX.jpg?imageMogr2/quality/70/thumbnail/1024x","https://nc.lianjia.com/ershoufang/103120112073.html"
"1513","2024-10-29 16:13:25","融创望江府三房两厅两卫，格局好，采光好，景观好","210","17018","3室2厅","低楼层/共27层","南","平层/精装","123.4平米","板楼","融创望江府","红谷滩","https://vrlab-image4.ljcdn.com/release/screenshot/auto3d-Tt-seDAbJOZuonRBrehl-E/0c893abc2bcfd46be0e293e68dde170c/1695778683_0/pc0_dYA7fAhBO.jpg?imageMogr2/quality/70/thumbnail/1024x","https://nc.lianjia.com/ershoufang/103128855944.html"
"1514","2024-10-29 16:13:35","大四房。两个卫生间。满足一家人需求","130","7981","4室2厅","中楼层/共5层","南 北","平层/毛坯","162.9平米","板楼","力高国际城三期","南昌县","https://vrlab-image4.ljcdn.com/release/auto3dhd/1283058f60764cee256eda1397f91b70/screenshot/1606105875_0/pc0_A1CTbCgVW.jpg?imageMogr2/quality/70/thumbnail/1024x","https://nc.lianjia.com/ershoufang/103127435372.html"
"1515","2024-10-29 16:13:46","房东诚心出售，位置地段配套齐全。","28","8192","1室1厅","低楼层/共30层","北","平层/精装","34.18平米","塔楼","澜湖御景","南昌县","https://vrlab-image4.ljcdn.com/release/auto3dhd/9515872b82af3a956613f3caa5088b62/screenshot/1625715273_0/pc0_qkt3QzGAy.jpg?imageMogr2/quality/70/thumbnail/1024x","https://nc.lianjia.com/ershoufang/103114819359.html"
"1516","2024-10-29 16:13:56","湾里好房，业主诚心出手，随时可看房","81","6686","3室2厅","中楼层/共18层","南 北","平层/毛坯","121.15平米","板楼","江中御墅","湾里区","https://vrlab-image4.ljcdn.com/release/auto3dhd/f2372027796f9898f30134a24f2be45a/screenshot/1621924633_0/pc0_cpXD2mfS1.jpg?imageMogr2/quality/70/thumbnail/1024x","https://nc.lianjia.com/ershoufang/103115139898.html"
"1517","2024-10-29 16:14:06","地铁口彡房 精装修 家具家电全带 拎包入住诚心出售","75","8535","3室2厅","中楼层/共19层","南","平层/精装","87.88平米","板楼","金桂花园小区","南昌县","https://vrlab-image4.ljcdn.com/release/auto3dhd/b319efdb83238fc0fb60669bd57e691b/screenshot/1623406519_1/pc0_TqhMDanda.jpg?imageMogr2/quality/70/thumbnail/1024x","https://nc.lianjia.com/ershoufang/103115420364.html"
"1518","2024-10-29 16:14:16","配套齐全， 居家生活方便，小区管理严谨，干净整洁。","72","9023","3室2厅","高楼层/共11层","南","平层/精装","79.8平米","板楼","磨盘山8号","湾里区","https://vrlab-image4.ljcdn.com/release/screenshot/auto3d-GODX7X9J53Kja6LmSo2Wq_/51d693abb18ef7fd9d588f6766cdb0f8/1701048101_6/pc0_4dm71jwTH.jpg?imageMogr2/quality/70/thumbnail/1024x","https://nc.lianjia.com/ershoufang/103129648300.html"
"1519","2024-10-29 16:14:27","单价不过万奥体旁师大翰园小区大三房急售，精装修","140","9477","3室2厅","中楼层/共11层","南 北","平层/精装","147.74平米","板楼","翰园小区","高新区","https://vrlab-image4.ljcdn.com/release/auto3dhd/33dd5603c3bf513eac62eceff8426531/screenshot/1664243354_0/pc0_ZA7RyFtnM.jpg?imageMogr2/quality/70/thumbnail/1024x","https://nc.lianjia.com/ershoufang/103122538852.html"
"1520","2024-10-29 16:14:37","九龙湖滨江 融创品质小区 精装小三房业主诚售","140","15064","3室2厅","低楼层/共33层","南","平层/精装","92.94平米","塔楼","融创望江府","红谷滩","https://vrlab-image4.ljcdn.com/release/auto3dhd/649970c2cc7e30164f44ac1142db8c5e/screenshot/1692858431_0/pc0_SJq18O00D.jpg?imageMogr2/quality/70/thumbnail/1024x","https://nc.lianjia.com/ershoufang/103128159855.html"
"1521","2024-10-29 16:14:47","象湖滨江 新洪大 毛坯 南大一附院 通透三房","95","9406","3室2厅","高楼层/共32层","南 北","平层/毛坯","101平米","塔楼","澜湖御景","南昌县","https://vrlab-image4.ljcdn.com/release/auto3dhd/af84bacecca4d6bc8a0f4bd9a1735a0a/screenshot/1647156472_0/pc0_j1flYMPoP.jpg?imageMogr2/quality/70/thumbnail/1024x","https://nc.lianjia.com/ershoufang/103110192585.html"
"1522","2024-10-29 16:14:57","三层复式带露台，使用面积200多平米，视野开阔","128","15514","6室4厅","高楼层/共18层","南","平层/毛坯","82.51平米","板塔结合","保集半岛御河湾二期","南昌县","https://vrlab-image4.ljcdn.com/release/auto3dhd/233ec95f2e4acf6a0f48b039196f4cbc/screenshot/1635565772_1/pc0_EYecHJA3d.jpg?imageMogr2/quality/70/thumbnail/1024x","https://nc.lianjia.com/ershoufang/103121894633.html"
"1523","2024-10-29 16:15:08","恒锦花苑二区 采光视野好 带车位价格可谈","130","13095","3室2厅","低楼层/共32层","南","平层/毛坯","99.28平米","板楼","恒锦花苑二区","红谷滩","https://vrlab-image4.ljcdn.com/release/auto3dhd/857e08c036e2d44fae49bd5675769902/screenshot/1663493608_0/pc0_nqHSeJmsD.jpg?imageMogr2/quality/70/thumbnail/1024x","https://nc.lianjia.com/ershoufang/103127691957.html"
"1524","2024-10-29 16:15:18","房东诚心出售，洋房中楼层，阳台无挡，光线好！","142","11480","4室2厅","中楼层/共11层","南 北","平层/精装","123.7平米","暂无数据","蓝天郡","青云谱区","https://vrlab-image4.ljcdn.com/release/auto3dhd/03546b6841f3ea8eabdbbdcb66722055/screenshot/1655607970_12/pc0_S8oGPOIs2.jpg?imageMogr2/quality/70/thumbnail/1024x","https://nc.lianjia.com/ershoufang/103120924281.html"
"1525","2024-10-29 16:15:28","通透户型，毛坯房任意装修，前面无挡，光线充足","50","6469","2室2厅","高楼层/共6层","南","平层/毛坯","77.3平米","板塔结合","朗晴园","新建区","https://vrlab-image4.ljcdn.com/release/auto3dhd/6ff62976c4d36b19521e20072e080b3e/screenshot/1645153705_1/pc0_h1At6LNdg.jpg?imageMogr2/quality/70/thumbnail/1024x","https://nc.lianjia.com/ershoufang/103119162855.html"
"1526","2024-10-29 16:15:39","通透户型，诚心出售，看房方便，通风视野好","100","8621","3室2厅","低楼层/共18层","南 北","平层/精装","116平米","暂无数据","林家湾","湾里区","https://vrlab-image4.ljcdn.com/release/screenshot/auto3d-aQB2U5I3sQA1_aqZkSdH2g/a5b6aedbe66cf26d062ed440ff1480f7/1695007751_10/pc0_mGkvqHC9J.jpg?imageMogr2/quality/70/thumbnail/1024x","https://nc.lianjia.com/ershoufang/103128780333.html"
"1527","2024-10-29 16:15:49","交通厅单位房，质量过硬，小区自带幼儿园","439","19865","3室2厅","高楼层/共30层","南","平层/毛坯","221平米","板楼","恒锦家苑","红谷滩","https://vrlab-image4.ljcdn.com/release/auto3dhd/ed9b8a2fda6429d5d3af134c9138c2bf/screenshot/1668925930_7/pc0_XQlPgB8oI.jpg?imageMogr2/quality/70/thumbnail/1024x","https://nc.lianjia.com/ershoufang/103123346854.html"
"1528","2024-10-29 16:16:00","交通厅单位房，质量过硬，小区自带幼儿园","468","21246","5室2厅","高楼层/共17层","南","平层/毛坯","220.28平米","板楼","恒锦家苑","红谷滩","https://vrlab-image4.ljcdn.com/release/auto3dhd/9f8ab0a073706af42b34eb34ee330fd7/screenshot/1676783425_0/pc0_wXHCbsE3M.jpg?imageMogr2/quality/70/thumbnail/1024x","https://nc.lianjia.com/ershoufang/103123806073.html"
"1529","2024-10-29 16:16:10","此房源价比高，成交快，欢迎大家来带看","102","10100","3室2厅","高楼层/共32层","南","平层/毛坯","101平米","塔楼","澜湖御景","南昌县","https://vrlab-image4.ljcdn.com/release/auto3dhd/9933f746f2c042acc87d494202996ed6/screenshot/1616140010_3/pc0_dkiirn296.jpg?imageMogr2/quality/70/thumbnail/1024x","https://nc.lianjia.com/ershoufang/103113960274.html"
"1530","2024-10-29 16:16:20","拉菲公馆小面积，诚心出售，看房方便","70","13491","1室1厅","低楼层/共18层","南","平层/精装","51.89平米","板塔结合","新宇拉菲公馆","经开区","https://vrlab-image4.ljcdn.com/release/screenshot/auto3d-izvT2g_2CmfQmcKL80A_Lo/42772a24a4626c2a336e32818f5fa795/1701912755_0/pc0_VUgOluVkm.jpg?imageMogr2/quality/70/thumbnail/1024x","https://nc.lianjia.com/ershoufang/103130052535.html"
"1531","2024-10-29 16:16:31","交通便利   配套齐全 阳光充足   户型方正","95","10916","2室2厅","高楼层/共25层","南","平层/精装","87.03平米","板塔结合","蓝天郡","青云谱区","https://vrlab-image4.ljcdn.com/release/auto3dhd/749b83135924456b9a9e49358813ee58/screenshot/1693962757_0/pc0_o3xhx4VtN.jpg?imageMogr2/quality/70/thumbnail/1024x","https://nc.lianjia.com/ershoufang/103128307365.html"
"1532","2024-10-29 16:16:41","安石路 户型方正采光好  精装  房东诚售","120","8679","3室2厅","中楼层/共8层","南 西南 北","平层/精装","138.28平米","暂无数据","龙韵花园","西湖区","https://vrlab-image4.ljcdn.com/release/auto3dhd/6de5a9d030c16d935428dcb6c9b2f55f/screenshot/1625883334_1/pc0_WkYXRbHAv.jpg?imageMogr2/quality/70/thumbnail/1024x","https://nc.lianjia.com/ershoufang/103115766375.html"
"1533","2024-10-29 16:16:51","九龙湖近地铁 次新品质小区 四季常青园林 新力物业","145","12257","3室2厅","中楼层/共34层","南 北","平层/毛坯","118.3平米","板楼","新力合园","红谷滩","https://vrlab-image4.ljcdn.com/release/auto3dhd/c5f306563877936cba915a5c24161a30/screenshot/1686295219_3/pc0_L21GYZvlO.jpg?imageMogr2/quality/70/thumbnail/1024x","https://nc.lianjia.com/ershoufang/103126649362.html"
"1534","2024-10-29 16:17:02","前后无挡 视野开阔 房东诚心出售","73","5689","3室2厅","低楼层/共22层","南","平层/毛坯","128.34平米","板楼","新建城A4","新建区","https://vrlab-image4.ljcdn.com/release/screenshot/auto3d-o3c2GOz4g4kK0T4gBtDx4U/57676142baf4664b25ee68600878bece/1712204447_3/pc0_GawOSKUlc.jpg?imageMogr2/quality/70/thumbnail/1024x","https://nc.lianjia.com/ershoufang/103131909793.html"
"1535","2024-10-29 16:17:12","力高品牌开发商，配套齐全，住洋房更舒心！","143","12137","4室1厅","中楼层/共8层","南","平层/毛坯","117.83平米","塔楼","澜湖御景","南昌县","https://vrlab-image4.ljcdn.com/release/auto3dhd/be24fc08660bfeb8496295f09d4a4ccb/screenshot/1637301942_0/pc0_vnSUmb4mv.jpg?imageMogr2/quality/70/thumbnail/1024x","https://nc.lianjia.com/ershoufang/103121469606.html"
"1536","2024-10-29 16:17:22","楼层很好，小区品质较高，很实惠。","75","7355","3室1厅","高楼层/共18层","南 北","平层/毛坯","101.98平米","板塔结合","金佳云舒花城","湾里区","https://vrlab-image4.ljcdn.com/release/auto3dhd/5fd541aa64ac795518ec480bc263c462/screenshot/1687763238_0/pc0_MP2u7Ec7W.jpg?imageMogr2/quality/70/thumbnail/1024x","https://nc.lianjia.com/ershoufang/103127004191.html"
"1537","2024-10-29 16:17:32","楼层很好，小区品质较高，很实惠。","75","7355","3室1厅","高楼层/共18层","南 北","平层/毛坯","101.98平米","板塔结合","金佳云舒花城","湾里区","https://vrlab-image4.ljcdn.com/release/auto3dhd/5fd541aa64ac795518ec480bc263c462/screenshot/1687763238_0/pc0_MP2u7Ec7W.jpg?imageMogr2/quality/70/thumbnail/1024x","https://nc.lianjia.com/ershoufang/103127004191.html"
"1538","2024-10-29 16:17:43","小区环境优美 物业管理经验丰富 户型端正","100","7143","4室1厅","高楼层/共30层","南","平层/毛坯","140平米","板楼","新建城A4","新建区","https://vrlab-image4.ljcdn.com/release/auto3dhd/fce9e987e1f07fde4717a364186a2d0f/screenshot/1678182000_3/pc0_TgUEqPeVS.jpg?imageMogr2/quality/70/thumbnail/1024x","https://nc.lianjia.com/ershoufang/103124499986.html"
"1539","2024-10-29 16:17:53","户型方正  交通便利  配套齐全  阳光充足","130","10696","3室2厅","高楼层/共19层","南 北","平层/简装","121.55平米","板楼","蓝天郡","青云谱区","https://vrlab-image4.ljcdn.com/release/screenshot/auto3d-x225TaWbxaWPfA3R7kVFZn/575d5825df564be100b3e013bed5e951/1708845385_5/pc0_zP1aa4LCe.jpg?imageMogr2/quality/70/thumbnail/1024x","https://nc.lianjia.com/ershoufang/103131054687.html"
"1540","2024-10-29 16:18:04","全明户型，采光性好，居民素质高","52","5712","3室2厅","高楼层/共6层","南","平层/精装","91.04平米","板塔结合","路通城邦小区","南昌县","https://vrlab-image4.ljcdn.com/release/auto3dhd/173070b6efa1e1bcf6c0d42db53fa87b/screenshot/1667032433_0/pc0_4qxDWAAIh.jpg?imageMogr2/quality/70/thumbnail/1024x","https://nc.lianjia.com/ershoufang/103123031079.html"
"1541","2024-10-29 16:18:14","乐活公城二期 3房 户型方正 采光好","100","10205","3室2厅","低楼层/共22层","南 北","平层/精装","98平米","板楼","世纪乐活公元城二期欢乐颂","新建区","https://vrlab-image4.ljcdn.com/release/auto3dhd/015028fef220fb081c59d7f41c498466/screenshot/1654052666_2/pc0_V7Nu78rqd.jpg?imageMogr2/quality/70/thumbnail/1024x","https://nc.lianjia.com/ershoufang/103120346866.html"
"1542","2024-10-29 16:18:24","精装房，诚心出售，采光好配套齐全，生活便利","105","11932","3室1厅","中楼层/共6层","南","平层/精装","88平米","板塔结合","保集半岛御河湾二期","南昌县","https://vrlab-image4.ljcdn.com/release/auto3dhd/3b7a90966096f8653a90d8b5b98674b8/screenshot/1632553283_0/pc0_FAj3H32en.jpg?imageMogr2/quality/70/thumbnail/1024x","https://nc.lianjia.com/ershoufang/103120640524.html"
"1543","2024-10-29 16:18:35","力高国际城四期，大三房，拎包入住，毛坯房","122","9865","3室2厅","中楼层/共32层","南 北","平层/毛坯","123.68平米","板楼","力高国际城四期","南昌县","https://vrlab-image4.ljcdn.com/release/auto3dhd/8710118e2163c7df4260d3a7b2e95ebd/screenshot/1619422065_0/pc0_IvFh11b7f.jpg?imageMogr2/quality/70/thumbnail/1024x","https://nc.lianjia.com/ershoufang/103121633619.html"
"1544","2024-10-29 16:18:45","小高层 采光好 户型方正  生活便利  诚售","90","9001","2室2厅","中楼层/共8层","南","平层/精装","99.99平米","暂无数据","龙韵花园","西湖区","https://vrlab-image4.ljcdn.com/release/auto3dhd/d88382fd3ce0b00fcd8f1716ee4f3589/screenshot/1640409736_3/pc0_BnsCI4NSS.jpg?imageMogr2/quality/70/thumbnail/1024x","https://nc.lianjia.com/ershoufang/103118486979.html"
"1545","2024-10-29 16:18:55","配套齐全， 居家生活方便，小区管理严谨","100","4713","5室2厅","高楼层/共7层","南","复式/毛坯","212.18平米","板楼","洪恒花园","湾里区","https://vrlab-image4.ljcdn.com/release/screenshot/auto3d-R8Z8wD-jVyg2_mQvD7nC48/e5ba4b4207015cf61bb9ed463cebf3f2/1702958476_3/pc0_UTiQkAepl.jpg?imageMogr2/quality/70/thumbnail/1024x","https://nc.lianjia.com/ershoufang/103130108619.html"
"1546","2024-10-29 16:19:06","华润万家旁 出行方便 繁华路段","59.8","6720","2室2厅","高楼层/共18层","南","平层/简装","89平米","板楼","居住主题公园-枫丹白鹭","南昌县","https://vrlab-image4.ljcdn.com/release/auto3dhd/08990e415e5784217b0754f4b882546d/screenshot/1689908949_0/pc0_jvoRR7nXs.jpg?imageMogr2/quality/70/thumbnail/1024x","https://nc.lianjia.com/ershoufang/103126922983.html"
"1547","2024-10-29 16:19:16","美丽新世界1室1厅1除1卫公寓房户型好","45","9022","1室1厅","中楼层/共19层","南","平层/精装","49.88平米","板楼","美丽新世界","新建区","https://vrlab-image4.ljcdn.com/release/auto3dhd/409a2de17b38aa5eb784a0b96d24906e/screenshot/1684462799_0/pc0_PsWIYXZf3.jpg?imageMogr2/quality/70/thumbnail/1024x","https://nc.lianjia.com/ershoufang/103126049562.html"
"1548","2024-10-29 16:19:27","原房东婚房装修 全新未入住 售","98","11002","3室2厅","低楼层/共30层","南","平层/精装","89.08平米","板楼","力高国际城三期","南昌县","https://vrlab-image4.ljcdn.com/release/screenshot/auto3d-tvMZ71apUIVbaLYd15eBtf/8b5971fdfe27f278be179fec30cc788c/1699666851_9/pc0_7pjxyh0TI.jpg?imageMogr2/quality/70/thumbnail/1024x","https://nc.lianjia.com/ershoufang/103129713527.html"
"1549","2024-10-29 16:19:37","一楼带南面130平大花园 精装三房 诚心出售 太阳无遮挡","142","15925","3室2厅","低楼层/共11层","南","平层/精装","89.17平米","板楼","红谷新城","新建区","https://vrlab-image4.ljcdn.com/release/screenshot/auto3d-UtgFF9FyQBCHSIOWPDibNG/51b636b1af287774ba79d0bf1f5c2e86/1702344823_3/pc0_QAjvbgPtJ.jpg?imageMogr2/quality/70/thumbnail/1024x","https://nc.lianjia.com/ershoufang/103130210325.html"
"1550","2024-10-29 16:19:47","恒茂米罗复式精装修，房东诚心出售。","95","8678","3室2厅","高楼层/共6层","南","复式/精装","109.48平米","板塔结合","现代米罗恒茂世纪花园","新建区","https://vrlab-image4.ljcdn.com/release/auto3dhd/5e4c2e818cf6db0e4ce70bc9a6b1fb7f/screenshot/1691465432_4/pc0_xkSH9akC5.jpg?imageMogr2/quality/70/thumbnail/1024x","https://nc.lianjia.com/ershoufang/103127878773.html"
"1551","2024-10-29 16:19:58","业主诚心出售、看房提前联系、精装房源","153","13730","3室2厅","低楼层/共13层","南","平层/精装","111.44平米","板楼","红谷新城","新建区","https://vrlab-image4.ljcdn.com/release/auto3dhd/6324e499e5eb30dafd00641eebb5b394/screenshot/1660799177_0/pc0_0IhqbTaeJ.jpg?imageMogr2/quality/70/thumbnail/1024x","https://nc.lianjia.com/ershoufang/103121937804.html"
"1552","2024-10-29 16:20:08","视野宽阔 采光充足 配套设施齐全 交通便利","120","8147","3室2厅","高楼层/共7层","南","平层/精装","147.3平米","暂无数据","洪兴公寓","新建区","https://vrlab-image4.ljcdn.com/release/screenshot/auto3d-JDipFJQGj2VPQfz3iKmkbU/2322a97fd3053f5b8fc27ef24a494504/1710314359_0/pc0_ZlW1eOK7C.jpg?imageMogr2/quality/70/thumbnail/1024x","https://nc.lianjia.com/ershoufang/103131796314.html"
"1553","2024-10-29 16:20:19","总价不高的房源  户型好  装修好     采光充足","40","9709","1室1厅","高楼层/共11层","南","平层/简装","41.2平米","板楼","西区公寓","南昌县","https://vrlab-image4.ljcdn.com/release/screenshot/auto3d-pWmjKCRsT9TW1ISKu1W2Jt/dea848dacc0dd020621fbfe1cc65cd66/1716103342_3/pc0_Uun71LUW6.jpg?imageMogr2/quality/70/thumbnail/1024x","https://nc.lianjia.com/ershoufang/103124310276.html"
"1554","2024-10-29 16:20:29","通透户型，楼层好，采光好配套齐全","95","8190","3室1厅","高楼层/共5层","东","平层/简装","116平米","板楼","居住主题公园-玫瑰华庭","南昌县","https://vrlab-image4.ljcdn.com/release/auto3dhd/7ceff471a5c4357b92fda877258cad22/screenshot/1591943611_13/pc0_QboIggFFY.jpg?imageMogr2/quality/70/thumbnail/1024x","https://nc.lianjia.com/ershoufang/103109015047.html"
"1555","2024-10-29 16:20:39","万达文化旅游城望江府三房两厅业主诚心卖","126","13558","3室2厅","低楼层/共33层","南","平层/精装","92.94平米","板楼","融创望江府","红谷滩","https://vrlab-image4.ljcdn.com/release/auto3dhd/f845485b8fd739e2bcf0c7ab31d61e85/screenshot/1692859884_0/pc0_UCoHxSiJb.jpg?imageMogr2/quality/70/thumbnail/1024x","https://nc.lianjia.com/ershoufang/103126400417.html"
"1556","2024-10-29 16:20:50","此房楼层好，阳光充足，出行便利","51","5931","2室2厅","中楼层/共18层","南 北","平层/毛坯","86平米","板塔结合","金佳云舒花城","湾里区","https://vrlab-image4.ljcdn.com/release/auto3dhd/cf004a97a0dc79f7d982677f892e8bd9/screenshot/1667718652_0/pc0_va1JrFct4.jpg?imageMogr2/quality/70/thumbnail/1024x","https://nc.lianjia.com/ershoufang/103123102508.html"
"1557","2024-10-29 16:21:00","洋房顶复，绿城物业，带车位，业主诚心出售","150","11949","3室2厅","高楼层/共6层","南 北","平层/毛坯","125.54平米","暂无数据","市政绿城桂语江南","新建区","https://vrlab-image4.ljcdn.com/release/screenshot/auto3d--Z1z1PENGr9RtlxyjhXuhl/a1aef626e715f192f1ec8c52b604d360/1695355006_0/pc0_r1SDkKKa5.jpg?imageMogr2/quality/70/thumbnail/1024x","https://nc.lianjia.com/ershoufang/103128779951.html"
"1558","2024-10-29 16:21:10","交通便利 楼下就是4号线地铁站 离赣江近","55","7841","2室1厅","中楼层/共8层","南","平层/简装","70.15平米","暂无数据","万福寺小区","西湖区","https://vrlab-image4.ljcdn.com/release/screenshot/auto3d-R1tquSAWYbrOJzd59wLXC7/3f7fe2f9dafed4934bcc3b0e1a8ab808/1700723426_3/pc0_AM8zVzlpB.jpg?imageMogr2/quality/70/thumbnail/1024x","https://nc.lianjia.com/ershoufang/103129908224.html"
"1559","2024-10-29 16:21:21","配套齐全，出行方便， 居家生活方便","70","4947","3室2厅","高楼层/共7层","南 北","错层/毛坯","141.5平米","板楼","洪恒花园","湾里区","https://vrlab-image4.ljcdn.com/release/auto3dhd/870845dc63293374915f699a272f67d6/screenshot/1651126769_0/pc0_lnvo6ea9Z.jpg?imageMogr2/quality/70/thumbnail/1024x","https://nc.lianjia.com/ershoufang/103131146334.html"
"1560","2024-10-29 16:21:31","户型端正看房方便 客餐分离 户型方正空间利用合理","78","5271","4室2厅","高楼层/共6层","南","复式/精装","148平米","板楼","银河城水悦湾二区","南昌县","https://vrlab-image4.ljcdn.com/release/auto3dhd/5c160c4f353ed32a58b9f4cf56ad9ecd/screenshot/1623038673_0/pc0_3AkvXRjD0.jpg?imageMogr2/quality/70/thumbnail/1024x","https://nc.lianjia.com/ershoufang/103108678565.html"
"1561","2024-10-29 16:21:42","免费10多平米入户花园  离高架桥远  地铁口旁","110","9719","3室2厅","中楼层/共18层","南","平层/毛坯","113.19平米","板楼","锦尚都会","南昌县","https://vrlab-image4.ljcdn.com/release/auto3dhd/2e73b41d2bbcbdbf57be02eb48876367/screenshot/1685591334_0/pc0_OC21wiC8c.jpg?imageMogr2/quality/70/thumbnail/1024x","https://nc.lianjia.com/ershoufang/103126440269.html"
"1562","2024-10-29 16:21:52","采光好，户型方正，居住舒适，出行便捷","116","11486","3室2厅","中楼层/共34层","南","平层/精装","101平米","板楼","金禧悦城","南昌县","https://vrlab-image4.ljcdn.com/release/screenshot/auto3d-vN3qioIZH1UxV0dk-tC69e/6770d4fb2cb6b24d5c5059c060770893/1719710898_3/pc0_ONAntHpEm.jpg?imageMogr2/quality/70/thumbnail/1024x","https://nc.lianjia.com/ershoufang/103134072853.html"
"1563","2024-10-29 16:22:02","地铁口的房子 毛坯两房 环境好 房东诚心出售 电梯房","60","7895","2室2厅","中楼层/共30层","南","平层/毛坯","76平米","板塔结合","江衡铭居","南昌县","https://vrlab-image4.ljcdn.com/release/auto3dhd/f6963576754302ffc7909003173d6546/screenshot/1679364820_2/pc0_UvC6gIvjL.jpg?imageMogr2/quality/70/thumbnail/1024x","https://nc.lianjia.com/ershoufang/103124921045.html"
"1564","2024-10-29 16:22:13","幸福时光四期花园式小区  装修的 出入方便","105","10195","3室2厅","高楼层/共6层","南","平层/精装","103平米","板楼","幸福时光四期","南昌县","https://vrlab-image4.ljcdn.com/release/auto3dhd/8f1f4e2355e69885d20785d05af561c1/screenshot/1680834879_0/pc0_Y6t3tqnuk.jpg?imageMogr2/quality/70/thumbnail/1024x","https://nc.lianjia.com/ershoufang/103125409691.html"
"1565","2024-10-29 16:22:23","幸福时光三期业主诚心出售一梯一户阳光充足","100","9261","3室2厅","高楼层/共18层","南","平层/毛坯","107.98平米","板楼","幸福时光三期","南昌县","https://vrlab-image4.ljcdn.com/release/auto3dhd/bfb43c5ca6d342630df1468d5512cd5d/screenshot/1682585157_0/pc0_KbIOR7gLy.jpg?imageMogr2/quality/70/thumbnail/1024x","https://nc.lianjia.com/ershoufang/103125920369.html"
"1566","2024-10-29 16:22:34","融创望江府，精装三房，户型端正，诚心出售","150","13296","3室2厅","中楼层/共33层","南","平层/毛坯","112.82平米","板塔结合","融创望江府","红谷滩","https://vrlab-image4.ljcdn.com/release/screenshot/auto3d-dQmtihB-_fH5B_qVTzbpjy/caf992c47e483016348df13c98a0ba12/1698378149_3/pc0_B6qcT0HI7.jpg?imageMogr2/quality/70/thumbnail/1024x","https://nc.lianjia.com/ershoufang/103129279727.html"
"1567","2024-10-29 16:22:44","房东城心出售,好楼层，毛坯房 ,","90","8412","2室2厅","高楼层/共34层","南","平层/毛坯","107平米","板楼","通源新建城B5","新建区","https://vrlab-image4.ljcdn.com/release/auto3dhd/ed384de479902ceafbc662fa97984b32/screenshot/1609211651_3/pc0_waHwqUtpF.jpg?imageMogr2/quality/70/thumbnail/1024x","https://nc.lianjia.com/ershoufang/103112751966.html"
"1568","2024-10-29 16:22:54","纯毛坯，房东诚意卖，价格美丽。","112","12174","3室2厅","高楼层/共10层","南","平层/毛坯","92平米","板楼","红谷新城","新建区","https://vrlab-image4.ljcdn.com/release/auto3dhd/e30a63d4dd7a3ebe48eebcef6aa737db/screenshot/1692935357_4/pc0_F9QSW9PVF.jpg?imageMogr2/quality/70/thumbnail/1024x","https://nc.lianjia.com/ershoufang/103128309777.html"
"1569","2024-10-29 16:23:05","此房房东诚心出售 格局方正 采光充足 装修没有住过","115","14025","3室2厅","高楼层/共28层","南","平层/精装","82平米","板楼","红谷新城","新建区","https://vrlab-image4.ljcdn.com/release/auto3dhd/027a76ea3cc1209ef99d4f39528496c7/screenshot/1673503920_9/pc0_dt2YJESqC.jpg?imageMogr2/quality/70/thumbnail/1024x","https://nc.lianjia.com/ershoufang/103123887396.html"
"1570","2024-10-29 16:23:15","小区适合居住房价低压力小适合刚踏入社会的年轻人","69","7541","2室2厅","中楼层/共21层","南","平层/精装","91.51平米","板楼","麦园景苑","经开区","https://vrlab-image4.ljcdn.com/release/auto3dhd/2bc213303656cc440819be8d31323a47/screenshot/1670644497_4/pc0_YVGHAqxHR.jpg?imageMogr2/quality/70/thumbnail/1024x","https://nc.lianjia.com/ershoufang/103122370484.html"
"1571","2024-10-29 16:23:25","户型方正 视野广阔 万达商圈 绿地高品质楼盘","185","18687","3室2厅","低楼层/共32层","南","平层/精装","99平米","板楼","绿地中央公园璞悦","新建区","https://vrlab-image4.ljcdn.com/release/auto3dhd/56a351f3523394f0ca907276d1767edb/screenshot/1622788624_3/pc0_8vSIOT4Ie.jpg?imageMogr2/quality/70/thumbnail/1024x","https://nc.lianjia.com/ershoufang/103114664663.html"
"1572","2024-10-29 16:23:36","居住主题精装修洋房 价格实惠 诚心出售","123","8602","3室2厅","中楼层/共4层","南","平层/精装","143平米","板楼","居住主题公园-玫瑰华庭","南昌县","https://vrlab-image4.ljcdn.com/release/auto3dhd/b9ea5dd2abde76f38a6381341515e07c/screenshot/1632035559_8/pc0_b1Z0gH7MT.jpg?imageMogr2/quality/70/thumbnail/1024x","https://nc.lianjia.com/ershoufang/103126436457.html"
"1573","2024-10-29 16:23:46","小区环境绿化高  户型方正  人车分流","83","8753","3室2厅","高楼层/共21层","南","平层/毛坯","94.83平米","板楼","金沙逸城二期","南昌县","https://vrlab-image4.ljcdn.com/release/auto3dhd/28f6cd9bc9803a0f434ad7975d450cfe/screenshot/1668917144_14/pc0_2pqodVj7Q.jpg?imageMogr2/quality/70/thumbnail/1024x","https://nc.lianjia.com/ershoufang/103122095751.html"
"1574","2024-10-29 16:23:57","绿地开发 马兰圩公园 车水马龙 繁花似锦 闹中取静","180","18000","3室2厅","中楼层/共32层","南","平层/精装","100平米","板楼","绿地中央公园璞悦","新建区","https://vrlab-image4.ljcdn.com/release/auto3dhd/814ef01b9ea264a2596c7c6e9ad0416f/screenshot/1578645884_0/pc0_my71XQ1qV.jpg?imageMogr2/quality/70/thumbnail/1024x","https://nc.lianjia.com/ershoufang/103116060647.html"
"1575","2024-10-29 16:24:07","银城江畔，九龙湖跨江大桥连接处，有车位","98","8719","3室1厅","高楼层/共25层","南","平层/毛坯","112.41平米","板楼","银城江畔","南昌县","https://vrlab-image4.ljcdn.com/release/auto3dhd/c97afd23d66cad99cfc5443c3b0f4670/screenshot/1653187678_0/pc0_NsiksSFYk.jpg?imageMogr2/quality/70/thumbnail/1024x","https://nc.lianjia.com/ershoufang/103120583118.html"
"1576","2024-10-29 16:24:18","绿地香颂南区，拎包入住，精装三房。","150","14676","3室2厅","高楼层/共30层","南","平层/精装","102.21平米","板楼","绿地香颂北区","红谷滩","https://vrlab-image4.ljcdn.com/release/auto3dhd/5b893646662d119afd03e83613cde09b/screenshot/1602395284_0/pc0_sxBqiLeKf.jpg?imageMogr2/quality/70/thumbnail/1024x","https://nc.lianjia.com/ershoufang/103108944380.html"
"1577","2024-10-29 16:24:28","力高国际城 70产权住宅  总价低 适合前期资金少的刚需","32","6793","1室1厅","低楼层/共13层","南","平层/精装","47.11平米","板楼","力高国际城一期","南昌县","https://vrlab-image4.ljcdn.com/release/screenshot/auto3d-F77HFUtkV5Vb7itJB6TwCG/1fe242983ccf39a1c3c924b1aeb4db85/1700977075_3/pc0_vEjvAyAzm.jpg?imageMogr2/quality/70/thumbnail/1024x","https://nc.lianjia.com/ershoufang/103129870908.html"
"1578","2024-10-29 16:24:38","市场北巷精装二房 采光好，交通便捷 生活购物方便","50","5000","2室2厅","中楼层/共8层","南","平层/简装","100平米","暂无数据","市场北巷","南昌县","https://vrlab-image4.ljcdn.com/release/auto3dhd/702c65f6e379d43fbc18410ce5db2321/screenshot/1644740517_6/pc0_7HQJSQrn4.jpg?imageMogr2/quality/70/thumbnail/1024x","https://nc.lianjia.com/ershoufang/103119061034.html"
"1579","2024-10-29 16:24:49","天境小区房龄新 户型通透 得房率高","75","8337","2室2厅","高楼层/共33层","南 北","平层/精装","89.97平米","板楼","正荣大湖之都天境","南昌县","https://vrlab-image4.ljcdn.com/release/screenshot/auto3d-hEG6vkfYW7dHPogW_t0DPV/cb89ef83a2fc000f29c07e8209fcbe6e/1703225240_10/pc0_QPSsGKwxP.jpg?imageMogr2/quality/70/thumbnail/1024x","https://nc.lianjia.com/ershoufang/103130411996.html"
"1580","2024-10-29 16:24:59","紫金城 正规三房 户型方正  三期","279","21985","3室2厅","中楼层/共33层","南","平层/精装","126.91平米","板楼","紫金城","东湖区","https://vrlab-image4.ljcdn.com/release/screenshot/auto3d-MIZUJ7kqzdBx-kVdGlCZHg/adf2ea0c8109225fe83e7e013cd9753e/1711179675_4/pc0_vqL2geVnQ.jpg?imageMogr2/quality/70/thumbnail/1024x","https://nc.lianjia.com/ershoufang/103131879465.html"
"1581","2024-10-29 16:25:10","此房房源电梯洋房小区环境优美诚心出售","91","7841","3室2厅","高楼层/共6层","东南","平层/毛坯","116.06平米","板楼","金佳云舒花城","湾里区","https://vrlab-image4.ljcdn.com/release/screenshot/auto3d-w0xFhoqc1vpmsv2pG-UeQd/45dc46c60c3e2cefa4f0cc81b9dc9056/1715576749_2/pc0_veQ2bJabG.jpg?imageMogr2/quality/70/thumbnail/1024x","https://nc.lianjia.com/ershoufang/103133035156.html"
"1582","2024-10-29 16:25:20","三房户型方正，使用面积大，无浪费面积，采光不受影响","145","14187","3室2厅","高楼层/共30层","南","平层/简装","102.21平米","板楼","绿地香颂北区","红谷滩","https://vrlab-image4.ljcdn.com/release/screenshot/auto3d-I6NXcct9zQYQ_C623yNUYl/418070e5154f364c8e8fc4f970ea71cd/1701488348_0/pc0_RzSU0tCeM.jpg?imageMogr2/quality/70/thumbnail/1024x","https://nc.lianjia.com/ershoufang/103129767349.html"
"1583","2024-10-29 16:25:30","格局好，户型端正， 采光充足， 配套齐全 ，交通便利","90","8388","3室2厅","高楼层/共6层","南","平层/简装","107.3平米","板楼","静安里九里象湖城","南昌县","https://vrlab-image4.ljcdn.com/release/auto3dhd/63bd02ac33019b49d582d63e25eed446/screenshot/1639907039_15/pc0_oa1GMYU4z.jpg?imageMogr2/quality/70/thumbnail/1024x","https://nc.lianjia.com/ershoufang/103118515784.html"
"1584","2024-10-29 16:25:41","交通厅单位集资房，2019年交房的次新房，小区人车分流","150","15061","3室1厅","中楼层/共24层","南 北","平层/毛坯","99.6平米","板楼","恒锦花苑二区","红谷滩","https://vrlab-image4.ljcdn.com/release/auto3dhd/8917e291916e946c69aed879546b2905/screenshot/1655176657_0/pc0_SLsCDDsGl.jpg?imageMogr2/quality/70/thumbnail/1024x","https://nc.lianjia.com/ershoufang/103126736642.html"
"1585","2024-10-29 16:25:51","星加坡花园 中间楼层 居家装修4房 看房方便诚心出售","115","8579","3室1厅","中楼层/共7层","南 北","平层/精装","134.05平米","板塔结合","星加坡花园","西湖区","https://vrlab-image4.ljcdn.com/release/auto3dhd/e347f943ecf707c7d27db713843b4715/screenshot/1620550028_3/pc0_S9Gi3MB8e.jpg?imageMogr2/quality/70/thumbnail/1024x","https://nc.lianjia.com/ershoufang/103126690588.html"
"1586","2024-10-29 16:26:01","澄湖国际电梯一房 近澄碧湖 总价低 出门公交站台","28","8485","2室2厅","中楼层/共17层","南","平层/简装","33平米","塔楼","澄湖国际","南昌县","https://vrlab-image4.ljcdn.com/release/screenshot/auto3d-pXEK2GYAi0PYYGyvS1lDjk/ca2c519025e2903f97f41d4804dd0e8e/1711534782_2/pc0_QDcPXVmHw.jpg?imageMogr2/quality/70/thumbnail/1024x","https://nc.lianjia.com/ershoufang/103129955081.html"
"1587","2024-10-29 16:26:11","一线湖景电梯房，楼层好采光足，户型通透。","70","7808","3室2厅","低楼层/共33层","南","平层/简装","89.66平米","板楼","正荣大湖之都天境","南昌县","https://vrlab-image4.ljcdn.com/release/auto3dhd/c784372e7743520748b59a86aa24e8c2/screenshot/1677732712_0/pc0_xZlT3dvwj.jpg?imageMogr2/quality/70/thumbnail/1024x","https://nc.lianjia.com/ershoufang/103124700293.html"
"1588","2024-10-29 16:26:22","小区楼栋位置好，靠南大一附一院","100","11380","3室2厅","中楼层/共18层","南 北","平层/精装","87.88平米","板塔结合","保集半岛御河湾二期","南昌县","https://vrlab-image4.ljcdn.com/release/auto3dhd/72f1ae74e5e33fc856cf86352c8bb972/screenshot/1689903400_3/pc0_qrqdNPNLj.jpg?imageMogr2/quality/70/thumbnail/1024x","https://nc.lianjia.com/ershoufang/103124475149.html"
"1589","2024-10-29 16:26:32","房子就在澄碧湖边上，实用面积大，出行方便","120","5480","4室2厅","高楼层/共6层","南","复式/精装","219平米","暂无数据","澄湖西路","南昌县","https://vrlab-image4.ljcdn.com/release/auto3dhd/78b63f5e5068491e1e1e4c298819e31c/screenshot/1656465090_1/pc0_Sy2BgIs0T.jpg?imageMogr2/quality/70/thumbnail/1024x","https://nc.lianjia.com/ershoufang/103121150258.html"
"1590","2024-10-29 16:26:43","诚心出售，视野好价格可以谈！！！","253","18679","3室2厅","中楼层/共18层","南","平层/精装","135.45平米","板楼","绿湖豪城一期","红谷滩","https://vrlab-image4.ljcdn.com/release/auto3dhd/b807edb4269c0387b839ac961f740199/screenshot/1671170132_1/pc0_9fuborFVg.jpg?imageMogr2/quality/70/thumbnail/1024x","https://nc.lianjia.com/ershoufang/103123633087.html"
"1591","2024-10-29 16:26:53","哈佛园前面，大三房出售，户型通透，采光充足","118","9190","3室2厅","中楼层/共13层","南","平层/简装","128.41平米","暂无数据","瑞鑫公寓","新建区","https://vrlab-image4.ljcdn.com/release/auto3dhd/585084dfe3a2d5b9aeba36a8dba097e4/screenshot/1661318209_5/pc0_ISEfXpzNR.jpg?imageMogr2/quality/70/thumbnail/1024x","https://nc.lianjia.com/ershoufang/103122059239.html"
"1592","2024-10-29 16:27:03","二七北育新 清爽两房 太阳光线好 很方便看房~~","77","11878","2室1厅","高楼层/共7层","南","平层/简装","64.83平米","板塔结合","二七北路","东湖区","https://vrlab-image4.ljcdn.com/release/auto3dhd/d36a4e8be786ad8338a67bc8a6d48b7c/screenshot/1684910387_2/pc0_KqvRAP5BV.jpg?imageMogr2/quality/70/thumbnail/1024x","https://nc.lianjia.com/ershoufang/103125473265.html"
"1593","2024-10-29 16:27:14","县委宿舍户型方正，交通便利，配套成熟购物生活方便","60","5683","3室2厅","中楼层/共6层","南","平层/精装","105.58平米","暂无数据","南昌财政局宿舍","南昌县","https://vrlab-image4.ljcdn.com/release/auto3dhd/2f98a22cdfa6f2fe955017a86464ba6d/screenshot/1591784531_14/pc0_BNYewSTtc.jpg?imageMogr2/quality/70/thumbnail/1024x","https://nc.lianjia.com/ershoufang/103107033874.html"
"1594","2024-10-29 16:27:24","房东诚心出售好楼层视野开阔采光充足","88","9508","3室2厅","高楼层/共29层","南","平层/简装","92.56平米","塔楼","新力愉景湾","南昌县","https://vrlab-image4.ljcdn.com/release/screenshot/auto3d-xPwTFaWZ7MoGo23Sl9Fmvs/e7b715ea1c0030bd34df81176dd43407/1701833678_0/pc0_OxZsyk1vJ.jpg?imageMogr2/quality/70/thumbnail/1024x","https://nc.lianjia.com/ershoufang/103129846565.html"
"1595","2024-10-29 16:27:35","二期房源，小区进出口，钥匙在手，看房方便。","108","12581","3室1厅","低楼层/共6层","南","平层/毛坯","85.85平米","板楼","红谷新城","新建区","https://vrlab-image4.ljcdn.com/release/auto3dhd/161a77bb2ebf8c5875a7979e6399e5b1/screenshot/1627698457_0/pc0_ijXRzEM26.jpg?imageMogr2/quality/70/thumbnail/1024x","https://nc.lianjia.com/ershoufang/103121445826.html"
"1596","2024-10-29 16:27:45","朗贤加州溪谷毛坯四房，通透户型，光线充足，全天太阳","78","6853","4室2厅","中楼层/共11层","南 北","平层/毛坯","113.83平米","板楼","朗贤加州溪谷","湾里区","https://vrlab-image4.ljcdn.com/release/auto3dhd/46abc44b5350853a0dd956b4729e4543/screenshot/1617607653_0/pc0_vDSbGe9tV.jpg?imageMogr2/quality/70/thumbnail/1024x","https://nc.lianjia.com/ershoufang/103114175276.html"
"1597","2024-10-29 16:27:56","南区小三房 诚心出售 看房随时","125","12686","3室2厅","中楼层/共30层","南","平层/简装","98.54平米","板楼","绿地香颂南区","红谷滩","https://vrlab-image4.ljcdn.com/release/auto3dhd/b883312e41aef3bd04d545a58c72f3c5/screenshot/1621475875_0/pc0_aOI5MmJ18.jpg?imageMogr2/quality/70/thumbnail/1024x","https://nc.lianjia.com/ershoufang/103120837410.html"
"1598","2024-10-29 16:28:06","通透户型，楼层很好，视野开阔，环境优美","50","5554","2室2厅","低楼层/共18层","南 北","平层/毛坯","90.04平米","暂无数据","云栖谷小区","湾里区","https://vrlab-image4.ljcdn.com/release/screenshot/auto3d-L5slTuEQNireCXMnQs1WiS/0787eafedbeee9ff40c6b91235eee773/1721548211_2/pc0_WAKL1md7z.jpg?imageMogr2/quality/70/thumbnail/1024x","https://nc.lianjia.com/ershoufang/103134541706.html"
"1599","2024-10-29 16:28:16","湾里优秀地段，近车站公园，生活配套齐全","59.1","8583","2室1厅","中楼层/共18层","南 北","平层/毛坯","68.86平米","板楼","合一中央城","湾里区","https://vrlab-image4.ljcdn.com/release/screenshot/auto3d-rrcR7ktabiV8nDsOUesNv8/574b7fbb1ea34c134d5ae42be84c7255/1697439510_0/pc0_jDQWEnamX.jpg?imageMogr2/quality/70/thumbnail/1024x","https://nc.lianjia.com/ershoufang/103129253235.html"
"1600","2024-10-29 16:28:27","小区位于南昌象湖新城八月湖路，配套齐全，出行便捷","58","12844","1室1厅","中楼层/共9层","南 北","平层/简装","45.16平米","板楼","西区公寓","南昌县","https://vrlab-image4.ljcdn.com/release/auto3dhd/7c18ef341e7368836e72a4dabea85d5e/screenshot/1604643247_1/pc0_Gw3tJbMcB.jpg?imageMogr2/quality/70/thumbnail/1024x","https://nc.lianjia.com/ershoufang/103112089048.html"
"1601","2024-10-29 16:28:37","户型端正全明户型，地理位置佳，生活配套设施齐全","120","8112","4室3厅","高楼层/共6层","南 北","复式/精装","147.94平米","板楼","居住主题公园-牡丹香园","南昌县","https://vrlab-image4.ljcdn.com/release/auto3dhd/66a2682cc64f3d60195fcf2cbb2ece42/screenshot/1618645739_3/pc0_TpB3Vji54.jpg?imageMogr2/quality/70/thumbnail/1024x","https://nc.lianjia.com/ershoufang/103114528514.html"
"1602","2024-10-29 16:28:47","次新楼盘 绿地品质 双公园 精装三房 采光好 房东诚售","158","15947","3室1厅","高楼层/共32层","南","平层/精装","99.08平米","板楼","绿地中央公园璞悦","新建区","https://vrlab-image4.ljcdn.com/release/auto3dhd/c4e7c0ce261a9362ac3eb655188e9c87/screenshot/1644975827_4/pc0_GQfGUjWX6.jpg?imageMogr2/quality/70/thumbnail/1024x","https://nc.lianjia.com/ershoufang/103121963405.html"
"1603","2024-10-29 16:28:58","大都会精装通透三房，出入方便，中间楼层，诚心出售","115","12366","3室1厅","中楼层/共32层","南","平层/精装","93平米","板楼","大都会","新建区","https://vrlab-image4.ljcdn.com/release/auto3dhd/72f1386cd8138354b57d18743850cd34/screenshot/1694317058_4/pc0_qXbknpNmo.jpg?imageMogr2/quality/70/thumbnail/1024x","https://nc.lianjia.com/ershoufang/103128570134.html"
"1604","2024-10-29 16:29:08","碧桂园家门口 二号线地铁 精装通透三房两厅两卫","150","12781","3室2厅","高楼层/共30层","南","平层/精装","117.37平米","板楼","碧桂园中江温泉城A区","红谷滩","https://vrlab-image4.ljcdn.com/release/screenshot/auto3d-TrMOy1hn5wxeUHKmK1TE2n/b2b12113a2fe69277fc4a86c5048e4fb/1712993055_0/pc0_s4hF8EMaR.jpg?imageMogr2/quality/70/thumbnail/1024x","https://nc.lianjia.com/ershoufang/103131307554.html"
"1605","2024-10-29 16:29:19","红谷新城四期一梯一户难遇的纯毛坯三房 诚售 （心远）","123","14232","3室2厅","高楼层/共18层","南","平层/毛坯","86.43平米","板楼","红谷新城","新建区","https://vrlab-image4.ljcdn.com/release/auto3dhd/d5a05aec7635485cdf0e9ad5eebdce57/screenshot/1599384318_0/pc0_Qh331km2A.jpg?imageMogr2/quality/70/thumbnail/1024x","https://nc.lianjia.com/ershoufang/103111146362.html"
"1606","2024-10-29 16:29:29","房东诚心出售，明户型方形板正 户型通透连阳台","31","9038","1室1厅","中楼层/共27层","南","平层/精装","34.3平米","板楼","星河国际（洪城路778号）","西湖区","https://vrlab-image4.ljcdn.com/release/auto3dhd/02bf27dae83a08b76411495786db1b73/screenshot/1609894861_0/pc0_jcAO5M3CF.jpg?imageMogr2/quality/70/thumbnail/1024x","https://nc.lianjia.com/ershoufang/103112817818.html"
"1607","2024-10-29 16:29:39","采光好，户型方正，居住舒适，出行便捷。","87","7034","3室2厅","高楼层/共32层","南","平层/毛坯","123.69平米","板楼","金禧悦城","南昌县","https://vrlab-image4.ljcdn.com/release/screenshot/auto3d-3OYnF7O7iwzKTJIOzCT8nZ/6b8da8d086d83acb677fdd2160869056/1697008757_0/pc0_aLpDFQF5N.jpg?imageMogr2/quality/70/thumbnail/1024x","https://nc.lianjia.com/ershoufang/103129154954.html"
"1608","2024-10-29 16:29:50","此房景观电梯房通透进出方便户型利用率高。","85","9487","4室2厅","高楼层/共6层","南","复式/精装","89.6平米","板楼","力高国际城三期","南昌县","https://vrlab-image4.ljcdn.com/release/auto3dhd/a85a71c371a139fd2440946c3e9483c9/screenshot/1685170171_0/pc0_ismH69czI.jpg?imageMogr2/quality/70/thumbnail/1024x","https://nc.lianjia.com/ershoufang/103125847017.html"
"1609","2024-10-29 16:30:00","该房源户型方正，通风采光充足 配套都有 交通便利","70","5680","3室2厅","中楼层/共8层","南 北","平层/简装","123.24平米","暂无数据","莲塘站前西路","南昌县","https://vrlab-image4.ljcdn.com/release/auto3dhd/bd7c706c0c2ec3bd179c4bd3f657358f/screenshot/1687748635_0/pc0_In3iAsiNH.jpg?imageMogr2/quality/70/thumbnail/1024x","https://nc.lianjia.com/ershoufang/103126895474.html"
"1610","2024-10-29 16:30:10","3号地铁口，春晓苑4房2厅2卫上下复式，诚心出售。","69","7258","3室2厅","高楼层/共6层","南 北","复式/精装","95.07平米","板楼","银河城春晓苑","南昌县","https://vrlab-image4.ljcdn.com/release/auto3dhd/63e89207f5a42c96c360e2d555e60c90/screenshot/1605266142_5/pc0_83M3dpX2I.jpg?imageMogr2/quality/70/thumbnail/1024x","https://nc.lianjia.com/ershoufang/103124060142.html"
"1611","2024-10-29 16:30:21","成熟社区，生活便利，此房户型方正，采光充足","100","9072","3室2厅","低楼层/共19层","南","平层/精装","110.23平米","塔楼","都市未来花园","新建区","https://vrlab-image4.ljcdn.com/release/auto3dhd/73d8ba1567706ccd005ac51c874ce778/screenshot/1675213390_0/pc0_Rek2UTXZE.jpg?imageMogr2/quality/70/thumbnail/1024x","https://nc.lianjia.com/ershoufang/103123998588.html"
"1612","2024-10-29 16:30:31","户型好，桥头堡，人分流，一梯一户，全天太阳","90","8247","3室2厅","中楼层/共32层","南 北","平层/毛坯","109.14平米","板楼","银城江畔","南昌县","https://vrlab-image4.ljcdn.com/release/auto3dhd/aa8557ee7a830e8d54b79b1300aecc0a/screenshot/1681965475_6/pc0_x96nXEghj.jpg?imageMogr2/quality/70/thumbnail/1024x","https://nc.lianjia.com/ershoufang/103125768737.html"
"1613","2024-10-29 16:30:41","象湖繁华地段 精装复试 使用面积大 全天太阳配套成熟","76","8493","4室1厅","高楼层/共6层","南","复式/精装","89.49平米","板楼","象湖公馆九里象湖城","南昌县","https://vrlab-image4.ljcdn.com/release/auto3dhd/0a940f4b5f8c4fd6b8a6eb564c826939/screenshot/1676448915_7/pc0_UiYNzhp8U.jpg?imageMogr2/quality/70/thumbnail/1024x","https://nc.lianjia.com/ershoufang/103134094908.html"
"1614","2024-10-29 16:30:52","楼层好，视野宽阔，采光充足，交通便利","206","15037","4室2厅","高楼层/共32层","南 北","平层/毛坯","137平米","板楼","美的悦江府","南昌县","https://vrlab-image4.ljcdn.com/release/screenshot/auto3d-VhTXOU-h6xKSXhmjKqVOv3/6481e26ffe73b6013f3cadfaf729df22/1719545885_0/pc0_Wz8nrJvEI.jpg?imageMogr2/quality/70/thumbnail/1024x","https://nc.lianjia.com/ershoufang/103131885021.html"
"1615","2024-10-29 16:31:02","象湖新板块 过江大桥桥头堡  户型方正","79","9438","2室2厅","低楼层/共22层","南","平层/毛坯","83.71平米","板楼","银城江畔","南昌县","https://vrlab-image4.ljcdn.com/release/screenshot/auto3d-1JOG79zHfun1Ojm-8Op1zu/78b0dfa70d19462aefac3555b00bf4f9/1697597885_8/pc0_M54sav9kJ.jpg?imageMogr2/quality/70/thumbnail/1024x","https://nc.lianjia.com/ershoufang/103128481871.html"
"1616","2024-10-29 16:31:13","银城江畔三期高层，楼层采光视线好，一线江景","158","13452","3室2厅","中楼层/共32层","南","平层/毛坯","117.46平米","板楼","银城江畔","南昌县","https://vrlab-image4.ljcdn.com/release/auto3dhd/b4a7985548c73f581cdc6d7a048a6a1a/screenshot/1689845110_0/pc0_Pef0wONMm.jpg?imageMogr2/quality/70/thumbnail/1024x","https://nc.lianjia.com/ershoufang/103127472766.html"
"1617","2024-10-29 16:31:23","格局好，户型方正，视野开阔，中间楼层，大四房","100","7798","4室2厅","中楼层/共18层","南 北","平层/精装","128.24平米","板楼","居住主题公园-枫丹白鹭","南昌县","https://vrlab-image4.ljcdn.com/release/auto3dhd/a5cedca30cc5bf2d4eecd524314b2b7e/screenshot/1625281519_0/pc0_G4SzBb1bZ.jpg?imageMogr2/quality/70/thumbnail/1024x","https://nc.lianjia.com/ershoufang/103115777478.html"
"1618","2024-10-29 16:31:33","象湖新城 繁华地段 城市核芯 繁华热闹","83","10162","2室2厅","低楼层/共6层","南 北","平层/精装","81.68平米","板楼","幸福时光一期","南昌县","https://vrlab-image4.ljcdn.com/release/auto3dhd/8167d733e847297cbf1ba2a07ed74ec6/screenshot/1669254694_8/pc0_ONrDeGoyF.jpg?imageMogr2/quality/70/thumbnail/1024x","https://nc.lianjia.com/ershoufang/103122779555.html"
"1619","2024-10-29 16:31:44","九里象湖城 大两房 精装修 诚心出售","78","8765","2室2厅","高楼层/共6层","南","平层/精装","89平米","板楼","嘉和里九里象湖城","南昌县","https://vrlab-image4.ljcdn.com/release/auto3dhd/4e5fae7302ca871162223089810d52ac/screenshot/1593826649_4/pc0_xplIYe9K5.jpg?imageMogr2/quality/70/thumbnail/1024x","https://nc.lianjia.com/ershoufang/103110010459.html"
"1620","2024-10-29 16:31:54","房东诚心出售，房子位置好，小区环境好","70","8205","2室1厅","中楼层/共7层","东 西","平层/简装","85.32平米","暂无数据","二七北路","东湖区","https://vrlab-image4.ljcdn.com/release/auto3dhd/81a0121969e7a79ce6d0d2ae8bcc7deb/screenshot/1630573570_0/pc0_LvsGH4FpB.jpg?imageMogr2/quality/70/thumbnail/1024x","https://nc.lianjia.com/ershoufang/103116925623.html"
"1621","2024-10-29 16:32:04","二七北路两房，双育新，交通便利，全天太阳","62","9766","2室2厅","高楼层/共8层","西北","平层/简装","63.49平米","板楼","二七北路","东湖区","https://vrlab-image4.ljcdn.com/release/auto3dhd/162359efaf5f3ee64b1fa398cf10c896/screenshot/1587695083_8/pc0_InBeyO045.jpg?imageMogr2/quality/70/thumbnail/1024x","https://nc.lianjia.com/ershoufang/103108277465.html"
"1622","2024-10-29 16:32:15","二七北路，育新，带院子，停车方便，阳光充足。","63","9911","2室2厅","高楼层/共7层","南","平层/简装","63.57平米","暂无数据","二七北路","东湖区","https://vrlab-image4.ljcdn.com/release/auto3dhd/ccd3fffe7b96c9cb69348ed32326eaf6/screenshot/1588320119_6/pc0_U8ZRK3uzr.jpg?imageMogr2/quality/70/thumbnail/1024x","https://nc.lianjia.com/ershoufang/103108927717.html"
"1623","2024-10-29 16:32:25","地铁5，6号线双线在门口 小高层 全天采光","86","8350","3室2厅","低楼层/共11层","南","平层/简装","103平米","板楼","金涛御景花园","南昌县","https://vrlab-image4.ljcdn.com/release/auto3dhd/9f14b0bc66e7e3921161f530f2684f37/screenshot/1681459150_0/pc0_HHGvuCxDc.jpg?imageMogr2/quality/70/thumbnail/1024x","https://nc.lianjia.com/ershoufang/103125631744.html"
"1624","2024-10-29 16:32:35","绿地香颂北区 精装三居室 业主诚心出售","160","15629","3室2厅","低楼层/共24层","南","平层/精装","102.38平米","板楼","绿地香颂北区","红谷滩","https://vrlab-image4.ljcdn.com/release/auto3dhd/9b01a331df1e5899a1ab64c206a50d88/screenshot/1634347647_0/pc0_wBNn6IXps.jpg?imageMogr2/quality/70/thumbnail/1024x","https://nc.lianjia.com/ershoufang/103117262892.html"
"1625","2024-10-29 16:32:46","育新旁，近地铁。精装修，太阳好，房东诚售","83","13540","2室1厅","中楼层/共8层","南","平层/精装","61.3平米","暂无数据","二七北路","东湖区","https://vrlab-image4.ljcdn.com/release/auto3dhd/56f6f0c98c7b48da2d27ee6156282168/screenshot/1642322972_0/pc0_TVxpr39mA.jpg?imageMogr2/quality/70/thumbnail/1024x","https://nc.lianjia.com/ershoufang/103118881931.html"
"1626","2024-10-29 16:32:56","二七北路中国银行宿舍 房东急售","55","8208","2室1厅","高楼层/共7层","南 北","平层/简装","67.01平米","板塔结合","二七北路","东湖区","https://vrlab-image4.ljcdn.com/release/screenshot/auto3d-wAiRV3UQ07LRLi16EAc2Ui/efd75686d818e536c49b8cdd182dc6b6/1701484882_0/pc0_FJ17Jlbui.jpg?imageMogr2/quality/70/thumbnail/1024x","https://nc.lianjia.com/ershoufang/103130143088.html"
"1627","2024-10-29 16:33:06","背双育新,适合居家,诚心出售,交通便利","110","10579","3室2厅","中楼层/共8层","南","平层/简装","103.98平米","暂无数据","二七北路","东湖区","https://vrlab-image4.ljcdn.com/release/screenshot/auto3d-ldf18v_IyPcavN1kFZhBGB/a7d70ec925aacb0285126f6482709ada/1697102962_6/pc0_lI5cc3Zq6.jpg?imageMogr2/quality/70/thumbnail/1024x","https://nc.lianjia.com/ershoufang/103128621269.html"
"1628","2024-10-29 16:33:17","二七北路，精装两房 有院卫停车方便 交通便利","86","12008","2室1厅","高楼层/共6层","南 北","平层/精装","71.62平米","暂无数据","二七北路","东湖区","https://vrlab-image4.ljcdn.com/release/auto3dhd/2b19dcceea1b66f05af3d7fc0fdd25cb/screenshot/1625901336_0/pc0_71DOukShF.jpg?imageMogr2/quality/70/thumbnail/1024x","https://nc.lianjia.com/ershoufang/103116034887.html"
"1629","2024-10-29 16:33:27","地铁5，6号线双线在门口 小高层 全天采光","86","8350","3室2厅","低楼层/共11层","南","平层/简装","103平米","板楼","金涛御景花园","南昌县","https://vrlab-image4.ljcdn.com/release/auto3dhd/9f14b0bc66e7e3921161f530f2684f37/screenshot/1681459150_0/pc0_HHGvuCxDc.jpg?imageMogr2/quality/70/thumbnail/1024x","https://nc.lianjia.com/ershoufang/103125631744.html"
"1630","2024-10-29 16:33:37","二七北路两房，双育新，交通便利，全天太阳","62","9766","2室2厅","高楼层/共8层","西北","平层/简装","63.49平米","板楼","二七北路","东湖区","https://vrlab-image4.ljcdn.com/release/auto3dhd/162359efaf5f3ee64b1fa398cf10c896/screenshot/1587695083_8/pc0_InBeyO045.jpg?imageMogr2/quality/70/thumbnail/1024x","https://nc.lianjia.com/ershoufang/103108277465.html"
"1631","2024-10-29 16:33:47","得房率高，户型方正，商圈繁华，地理位置优越交通便利","73","12350","2室1厅","低楼层/共7层","南","平层/简装","59.11平米","暂无数据","二七北路","东湖区","https://vrlab-image4.ljcdn.com/release/auto3dhd/a6b73d3302d407183e3e87c8395ab894/screenshot/1691831288_8/pc0_nd1OQa2Ef.jpg?imageMogr2/quality/70/thumbnail/1024x","https://nc.lianjia.com/ershoufang/103127307172.html"
"1632","2024-10-29 16:33:57","房东诚心出售，房子位置好，小区环境好","70","8205","2室1厅","中楼层/共7层","东 西","平层/简装","85.32平米","暂无数据","二七北路","东湖区","https://vrlab-image4.ljcdn.com/release/auto3dhd/81a0121969e7a79ce6d0d2ae8bcc7deb/screenshot/1630573570_0/pc0_LvsGH4FpB.jpg?imageMogr2/quality/70/thumbnail/1024x","https://nc.lianjia.com/ershoufang/103116925623.html"
"1633","2024-10-29 16:34:07","二七北路，育新，带院子，停车方便，阳光充足。","63","9911","2室2厅","高楼层/共7层","南","平层/简装","63.57平米","暂无数据","二七北路","东湖区","https://vrlab-image4.ljcdn.com/release/auto3dhd/ccd3fffe7b96c9cb69348ed32326eaf6/screenshot/1588320119_6/pc0_U8ZRK3uzr.jpg?imageMogr2/quality/70/thumbnail/1024x","https://nc.lianjia.com/ershoufang/103108927717.html"
"1634","2024-10-29 16:34:17","交通便利  户型方正  采光充足 配套成熟","90","9184","4室2厅","中楼层/共7层","南","平层/精装","98平米","板楼","都市未来花园","新建区","https://vrlab-image4.ljcdn.com/release/auto3dhd/227c5c602084723500757dad72e08150/screenshot/1680398742_1/pc0_BYXiNFhDl.jpg?imageMogr2/quality/70/thumbnail/1024x","https://nc.lianjia.com/ershoufang/103124706164.html"
"1635","2024-10-29 16:34:27","阳光充足，交通便利，户型方正，生活配套设施齐全","42","8916","1室1厅","高楼层/共13层","南","平层/精装","47.11平米","板楼","力高国际城一期","南昌县","https://vrlab-image4.ljcdn.com/release/auto3dhd/206e638f7b323e9640431c9ba35c318b/screenshot/1620112813_1/pc0_s7R4yvRaJ.jpg?imageMogr2/quality/70/thumbnail/1024x","https://nc.lianjia.com/ershoufang/103114821235.html"
"1636","2024-10-29 16:34:38","房子装修的很清爽，面积宽敞住的舒适，不是顶楼","90","4946","3室2厅","高楼层/共7层","南 北","平层/精装","182平米","板楼","再就业综合市场","南昌县","https://vrlab-image4.ljcdn.com/release/auto3dhd/1e5ed06eefb49a7dab36255bac4e574d/screenshot/1663378856_0/pc0_WcnOlggiX.jpg?imageMogr2/quality/70/thumbnail/1024x","https://nc.lianjia.com/ershoufang/103122379039.html"
"1637","2024-10-29 16:34:48","此房光线好，电梯大两房，小区环境优美，适合居住","62","6950","2室2厅","低楼层/共11层","南","平层/毛坯","89.22平米","平房","江中御墅","湾里区","https://vrlab-image4.ljcdn.com/release/auto3dhd/7728218191ed23816a46b012df8a707f/screenshot/1682229550_6/pc0_1pI7SIaQ9.jpg?imageMogr2/quality/70/thumbnail/1024x","https://nc.lianjia.com/ershoufang/103125630051.html"
"1638","2024-10-29 16:34:59","象湖滨江 高层看江景 房东诚心出售 带车位","90","8109","3室1厅","高楼层/共28层","南 北","平层/毛坯","111平米","板楼","银城江畔","南昌县","https://vrlab-image4.ljcdn.com/release/auto3dhd/c67dae49c19df60cd1beb42e7e957767/screenshot/1621394790_0/pc0_m2voMe2r4.jpg?imageMogr2/quality/70/thumbnail/1024x","https://nc.lianjia.com/ershoufang/103122115428.html"
"1639","2024-10-29 16:35:09","新力帝泊湾 5房 大横厅设计 花园电梯洋房","230","13525","5室2厅","高楼层/共6层","南","平层/毛坯","170.06平米","板楼","新力帝泊湾","经开区","https://vrlab-image4.ljcdn.com/release/auto3dhd/51ef47f46bd70411381d068544391e30/screenshot/1599190799_11/pc0_JV8WqKJ6s.jpg?imageMogr2/quality/70/thumbnail/1024x","https://nc.lianjia.com/ershoufang/103125359933.html"
"1640","2024-10-29 16:35:19","70年住宅 民用水用电 结婚时的婚房 找有缘分的人","51","10826","1室1厅","中楼层/共13层","东","平层/精装","47.11平米","板楼","力高国际城一期","南昌县","https://vrlab-image4.ljcdn.com/release/auto3dhd/dce125d6d1f0bf4f02d9b9bd49a306c9/screenshot/1593928445_4/pc0_7pLgLNLkV.jpg?imageMogr2/quality/70/thumbnail/1024x","https://nc.lianjia.com/ershoufang/103108834437.html"
"1641","2024-10-29 16:35:30","桥头堡位置，户型好，出人方便，一梯一户，人车分流","93","8572","3室2厅","中楼层/共32层","南","平层/毛坯","108.5平米","板楼","银城江畔","南昌县","https://vrlab-image4.ljcdn.com/release/auto3dhd/e7a1d6aedf7db1fb0d23dec957d353bf/screenshot/1666055203_3/pc0_pKPNOsDVC.jpg?imageMogr2/quality/70/thumbnail/1024x","https://nc.lianjia.com/ershoufang/103122676915.html"
"1642","2024-10-29 16:35:40","紫金城四期 正规两房 户型方正 南北通风","190","18970","3室2厅","低楼层/共34层","南","平层/精装","100.16平米","板楼","紫金城","东湖区","https://vrlab-image4.ljcdn.com/release/screenshot/auto3d-a3gxzHTtnJV0Z2Koz__r7Z/c2ad5494af2068dd134b852c5d1e2f5b/1697348511_3/pc0_2bswVlVwQ.jpg?imageMogr2/quality/70/thumbnail/1024x","https://nc.lianjia.com/ershoufang/103129245464.html"
"1643","2024-10-29 16:35:50","银城江畔 毛坯大四房 人车分流，停车无忧","99","7250","4室2厅","低楼层/共31层","南","平层/毛坯","136.57平米","板楼","银城江畔","南昌县","https://vrlab-image4.ljcdn.com/release/auto3dhd/3e6e349be822e2d7adcde8ec63e84e06/screenshot/1607052660_1/pc0_DJ4M0jTpp.jpg?imageMogr2/quality/70/thumbnail/1024x","https://nc.lianjia.com/ershoufang/103112439990.html"
"1644","2024-10-29 16:36:01","银城江畔 地铁口旁 近新洪城大市场  小区环境优美","99.9","8911","3室1厅","低楼层/共30层","南","平层/毛坯","112.12平米","板楼","银城江畔","南昌县","https://vrlab-image4.ljcdn.com/release/auto3dhd/8837fc498ed9b36141555efa628454f1/screenshot/1616481265_0/pc0_oBV6bZp1W.jpg?imageMogr2/quality/70/thumbnail/1024x","https://nc.lianjia.com/ershoufang/103117953264.html"
"1645","2024-10-29 16:36:11","湾里 江中御墅  毛坯大三房 诚意出售","85","7017","3室1厅","中楼层/共18层","南","平层/毛坯","121.15平米","板楼","江中御墅","湾里区","https://vrlab-image4.ljcdn.com/release/auto3dhd/9bf1e02794b4afeafb9c2c54778b0a81/screenshot/1628753527_0/pc0_rSnJr9ifo.jpg?imageMogr2/quality/70/thumbnail/1024x","https://nc.lianjia.com/ershoufang/103116507925.html"
"1646","2024-10-29 16:36:22","房子格局好，双阳台，万科品牌物业","104","11803","3室2厅","中楼层/共9层","南","平层/精装","88.12平米","暂无数据","江中御墅","湾里区","https://vrlab-image4.ljcdn.com/release/auto3dhd/b74b752e7d33e5563fa091999adfbaeb/screenshot/1627464675_9/pc0_6VM1eoxbv.jpg?imageMogr2/quality/70/thumbnail/1024x","https://nc.lianjia.com/ershoufang/103116284848.html"
"1647","2024-10-29 16:36:32","银城江畔  2梯2户 通透户型带车位    房东诚心出售","102","9067","3室2厅","中楼层/共30层","南","平层/毛坯","112.5平米","板楼","银城江畔","南昌县","https://vrlab-image4.ljcdn.com/release/auto3dhd/978e4f09b16efdcf9a1248dc9a137fa9/screenshot/1630205869_0/pc0_3DHbXgJih.jpg?imageMogr2/quality/70/thumbnail/1024x","https://nc.lianjia.com/ershoufang/103116793134.html"
"1648","2024-10-29 16:36:42","可拎包入住，近地铁口，出行方便。","77","8613","2室1厅","高楼层/共18层","南","平层/精装","89.4平米","板楼","金桂花园小区","南昌县","https://vrlab-image4.ljcdn.com/release/auto3dhd/36ed271f3e04f84cd8bc69757d0ed8cd/screenshot/1599297037_3/pc0_hEaTK2CNg.jpg?imageMogr2/quality/70/thumbnail/1024x","https://nc.lianjia.com/ershoufang/103121981371.html"
"1649","2024-10-29 16:36:52","单位房得房率高小区环境好出入方便 读站前路","120","10241","3室2厅","低楼层/共6层","南","平层/简装","117.18平米","暂无数据","中国人寿宿舍","西湖区","https://vrlab-image4.ljcdn.com/release/auto3dhd/a96fba52cc849cdc61389cc8a60682fb/screenshot/1603850248_0/pc0_0prY1Ct6o.jpg?imageMogr2/quality/70/thumbnail/1024x","https://nc.lianjia.com/ershoufang/103112565471.html"
"1650","2024-10-29 16:37:03","星港小镇上下复式，业主诚心出售","82","5607","4室2厅","高楼层/共7层","南","复式/简装","146.25平米","板楼","星港小镇","南昌县","https://vrlab-image4.ljcdn.com/release/screenshot/auto3d-msej1vGI8uXyLSLot7V3cB/c2c6103a2d1a904e84e464837d3ed221/1695198786_0/pc0_jszggaUdY.jpg?imageMogr2/quality/70/thumbnail/1024x","https://nc.lianjia.com/ershoufang/103126749283.html"
"1651","2024-10-29 16:37:13","绿地香颂北区三室两厅，业主诚心出售","161","15694","3室2厅","低楼层/共30层","南 北","平层/精装","102.59平米","板楼","绿地香颂北区","红谷滩","https://vrlab-image4.ljcdn.com/release/auto3dhd/1bcbeb357f6710d5069c4ea018a0b6c2/screenshot/1566552575_0/pc0_nBpC4PSkq.jpg?imageMogr2/quality/70/thumbnail/1024x","https://nc.lianjia.com/ershoufang/103104360813.html"
"1652","2024-10-29 16:37:24","人车分流，带车位，桥头堡，单价八千多点  出入好","105","9293","3室2厅","低楼层/共25层","南","平层/毛坯","113平米","板楼","银城江畔","南昌县","https://vrlab-image4.ljcdn.com/release/auto3dhd/a62641d6ee962ed1a3f880fe7a23d2e5/screenshot/1669792668_0/pc0_SHHOPhGHf.jpg?imageMogr2/quality/70/thumbnail/1024x","https://nc.lianjia.com/ershoufang/103123333141.html"
"1653","2024-10-29 16:37:34","星加坡花园，中间楼层小区停车便捷。看房方便","130","9767","3室2厅","中楼层/共7层","南","平层/简装","133.11平米","板塔结合","星加坡花园","西湖区","https://vrlab-image4.ljcdn.com/release/screenshot/auto3d-VZKajzK-prYCugIHp_iout/d5bdfdeecb8e64222cce4d71fdf895bd/1713337686_0/pc0_TlYFF21QE.jpg?imageMogr2/quality/70/thumbnail/1024x","https://nc.lianjia.com/ershoufang/103131172332.html"
"1654","2024-10-29 16:37:44","绿地香颂北区三室两厅，业主诚心出售","161","15694","3室2厅","低楼层/共30层","南 北","平层/精装","102.59平米","板楼","绿地香颂北区","红谷滩","https://vrlab-image4.ljcdn.com/release/auto3dhd/1bcbeb357f6710d5069c4ea018a0b6c2/screenshot/1566552575_0/pc0_nBpC4PSkq.jpg?imageMogr2/quality/70/thumbnail/1024x","https://nc.lianjia.com/ershoufang/103104360813.html"
"1655","2024-10-29 16:37:54","星港小镇上下复式，业主诚心出售","82","5607","4室2厅","高楼层/共7层","南","复式/简装","146.25平米","板楼","星港小镇","南昌县","https://vrlab-image4.ljcdn.com/release/screenshot/auto3d-msej1vGI8uXyLSLot7V3cB/c2c6103a2d1a904e84e464837d3ed221/1695198786_0/pc0_jszggaUdY.jpg?imageMogr2/quality/70/thumbnail/1024x","https://nc.lianjia.com/ershoufang/103126749283.html"
"1656","2024-10-29 16:38:04","紫金城四期 正规两房 户型方正 南北通风","190","18970","3室2厅","低楼层/共34层","南","平层/精装","100.16平米","板楼","紫金城","东湖区","https://vrlab-image4.ljcdn.com/release/screenshot/auto3d-a3gxzHTtnJV0Z2Koz__r7Z/c2ad5494af2068dd134b852c5d1e2f5b/1697348511_3/pc0_2bswVlVwQ.jpg?imageMogr2/quality/70/thumbnail/1024x","https://nc.lianjia.com/ershoufang/103129245464.html"
"1657","2024-10-29 16:38:15","银城江畔通透三房急售，方便看房，价格好谈","95","8551","3室2厅","低楼层/共28层","南 北","平层/毛坯","111.1平米","板楼","银城江畔","南昌县","https://vrlab-image4.ljcdn.com/release/screenshot/auto3d-QPVvoy7MtnSft4DeQz43DS/21bf61f22bd5f2175b58fd9040813c3d/1704244495_0/pc0_JkXwNj7N4.jpg?imageMogr2/quality/70/thumbnail/1024x","https://nc.lianjia.com/ershoufang/103130546762.html"
"1658","2024-10-29 16:38:25","银城江畔两房 新小区 环境好 房东诚售带车位","82","9796","2室1厅","低楼层/共22层","南","平层/毛坯","83.71平米","板楼","银城江畔","南昌县","https://vrlab-image4.ljcdn.com/release/auto3dhd/730fd65e538869501963393e4459d5ce/screenshot/1655874506_0/pc0_9728h57Kn.jpg?imageMogr2/quality/70/thumbnail/1024x","https://nc.lianjia.com/ershoufang/103121054721.html"
"1659","2024-10-29 16:38:35","金桂花园 出入方便 3号线就在旁边 采光太阳都不错","70","7830","2室2厅","低楼层/共18层","南 北","平层/简装","89.4平米","板楼","金桂花园小区","南昌县","https://vrlab-image4.ljcdn.com/release/auto3dhd/3a30639e7237b3cf98cb552c98c95a50/screenshot/1653280055_0/pc0_iCNkA1mXH.jpg?imageMogr2/quality/70/thumbnail/1024x","https://nc.lianjia.com/ershoufang/103122824441.html"
"1660","2024-10-29 16:38:46","三房 户型端正，格局通透 户型好","69.8","8564","3室2厅","低楼层/共18层","南","平层/精装","81.51平米","板塔结合","保集半岛御河湾二期","南昌县","https://vrlab-image4.ljcdn.com/release/auto3dhd/e9676a760c711097bcd00ea8cb03fe56/screenshot/1668755602_0/pc0_AmOrWogJA.jpg?imageMogr2/quality/70/thumbnail/1024x","https://nc.lianjia.com/ershoufang/103129951122.html"
"1661","2024-10-29 16:38:56","业主诚心出售 随时可以看房，随时可签约","90","8548","3室1厅","中楼层/共7层","东南","平层/精装","105.3平米","板楼","莲安南路","南昌县","https://vrlab-image4.ljcdn.com/release/auto3dhd/3578446dc251dc9c7107cb657aaa8187/screenshot/1626659744_0/pc0_0urpvxvQY.jpg?imageMogr2/quality/70/thumbnail/1024x","https://nc.lianjia.com/ershoufang/103116105334.html"
"1662","2024-10-29 16:39:06","桥头堡位置，户型好，出人方便，一梯一户，人车分流","93","8572","3室2厅","中楼层/共32层","南","平层/毛坯","108.5平米","板楼","银城江畔","南昌县","https://vrlab-image4.ljcdn.com/release/auto3dhd/e7a1d6aedf7db1fb0d23dec957d353bf/screenshot/1666055203_3/pc0_pKPNOsDVC.jpg?imageMogr2/quality/70/thumbnail/1024x","https://nc.lianjia.com/ershoufang/103122676915.html"
"1663","2024-10-29 16:39:16","莲五 中旁 低楼层三房 近维也纳广场 看房联系小胡","75","6594","3室2厅","中楼层/共7层","南 北","平层/简装","113.75平米","暂无数据","五一路","南昌县","https://vrlab-image4.ljcdn.com/release/screenshot/auto3d-zqsz18iVncujWKXNqZ2zOM/5dae1afa64e3dbd286a10a95f1897a7f/1696490560_0/pc0_PxOrEfmZH.jpg?imageMogr2/quality/70/thumbnail/1024x","https://nc.lianjia.com/ershoufang/103129017030.html"
"1664","2024-10-29 16:39:27","可拎包入住，近地铁口，出行方便。","77","8613","2室1厅","高楼层/共18层","南","平层/精装","89.4平米","板楼","金桂花园小区","南昌县","https://vrlab-image4.ljcdn.com/release/auto3dhd/36ed271f3e04f84cd8bc69757d0ed8cd/screenshot/1599297037_3/pc0_hEaTK2CNg.jpg?imageMogr2/quality/70/thumbnail/1024x","https://nc.lianjia.com/ershoufang/103121981371.html"
"1665","2024-10-29 16:39:37","婚房装修，大三房朝南，采光充足，家电家具全带","128","9710","3室2厅","低楼层/共7层","南 北","平层/精装","131.83平米","暂无数据","向阳路848号","南昌县","https://vrlab-image4.ljcdn.com/release/auto3dhd/bd4548ea1594c5ec6239cec9d862d9b8/screenshot/1667009022_3/pc0_mhSm0X80x.jpg?imageMogr2/quality/70/thumbnail/1024x","https://nc.lianjia.com/ershoufang/103123014407.html"
"1666","2024-10-29 16:39:47","银城江畔 地铁口旁 近新洪城大市场  小区环境优美","99.9","8911","3室1厅","低楼层/共30层","南","平层/毛坯","112.12平米","板楼","银城江畔","南昌县","https://vrlab-image4.ljcdn.com/release/auto3dhd/8837fc498ed9b36141555efa628454f1/screenshot/1616481265_0/pc0_oBV6bZp1W.jpg?imageMogr2/quality/70/thumbnail/1024x","https://nc.lianjia.com/ershoufang/103117953264.html"
"1667","2024-10-29 16:39:57","湾里 江中御墅  毛坯大三房 诚意出售","85","7017","3室1厅","中楼层/共18层","南","平层/毛坯","121.15平米","板楼","江中御墅","湾里区","https://vrlab-image4.ljcdn.com/release/auto3dhd/9bf1e02794b4afeafb9c2c54778b0a81/screenshot/1628753527_0/pc0_rSnJr9ifo.jpg?imageMogr2/quality/70/thumbnail/1024x","https://nc.lianjia.com/ershoufang/103116507925.html"
"1668","2024-10-29 16:40:07","银城江畔  2梯2户 通透户型带车位    房东诚心出售","102","9067","3室2厅","中楼层/共30层","南","平层/毛坯","112.5平米","板楼","银城江畔","南昌县","https://vrlab-image4.ljcdn.com/release/auto3dhd/978e4f09b16efdcf9a1248dc9a137fa9/screenshot/1630205869_0/pc0_3DHbXgJih.jpg?imageMogr2/quality/70/thumbnail/1024x","https://nc.lianjia.com/ershoufang/103116793134.html"
"1669","2024-10-29 16:40:17","房子格局好，双阳台，万科品牌物业","104","11803","3室2厅","中楼层/共9层","南","平层/精装","88.12平米","暂无数据","江中御墅","湾里区","https://vrlab-image4.ljcdn.com/release/auto3dhd/b74b752e7d33e5563fa091999adfbaeb/screenshot/1627464675_9/pc0_6VM1eoxbv.jpg?imageMogr2/quality/70/thumbnail/1024x","https://nc.lianjia.com/ershoufang/103116284848.html"
"1670","2024-10-29 16:40:27","银城江畔 毛坯三房两厅两卫，地铁口","123","10448","3室2厅","低楼层/共22层","南","平层/毛坯","117.73平米","板楼","银城江畔","南昌县","https://vrlab-image4.ljcdn.com/release/auto3dhd/ba6833f32f6ecea1f79dfc29df053c13/screenshot/1617344699_1/pc0_eJhqURB4h.jpg?imageMogr2/quality/70/thumbnail/1024x","https://nc.lianjia.com/ershoufang/103114109026.html"
"1671","2024-10-29 16:40:38","幸福庄园通透三房。带装修，拎包入住","78","8670","3室2厅","低楼层/共7层","南","平层/精装","89.97平米","板楼","幸福庄园","南昌县","https://vrlab-image4.ljcdn.com/release/auto3dhd/0b10b92e5e1bce4b0ffe056213018662/screenshot/1594883588_1/pc0_C8QPW2zgE.jpg?imageMogr2/quality/70/thumbnail/1024x","https://nc.lianjia.com/ershoufang/103110256717.html"
"1672","2024-10-29 16:40:48","通透户型，视野好，高楼层无遮挡","100","9001","3室2厅","高楼层/共28层","南","平层/毛坯","111.1平米","板楼","银城江畔","南昌县","https://vrlab-image4.ljcdn.com/release/auto3dhd/bc5c14f2ceb0505b30917f3628f61b38/screenshot/1587094588_1/pc0_7EEVpid6x.jpg?imageMogr2/quality/70/thumbnail/1024x","https://nc.lianjia.com/ershoufang/103124578795.html"
"1673","2024-10-29 16:40:59","象湖新板块  紧靠新洪城 地铁口","85","7590","3室2厅","高楼层/共30层","南","平层/毛坯","112平米","板楼","银城江畔","南昌县","https://vrlab-image4.ljcdn.com/release/auto3dhd/5371deb3512dd662b5d0b9d60be324eb/screenshot/1616744727_0/pc0_YSaUVMtJB.jpg?imageMogr2/quality/70/thumbnail/1024x","https://nc.lianjia.com/ershoufang/103114081493.html"
"1674","2024-10-29 16:41:09","楼层低 万家 旺中旺100米 房东诚心出售","80","9136","2室1厅","低楼层/共8层","南 北","平层/简装","87.57平米","暂无数据","万福寺小区","西湖区","https://vrlab-image4.ljcdn.com/release/auto3dhd/42b322d9954010b41b5e09711fa86d06/screenshot/1629531309_7/pc0_BV0Af2HO2.jpg?imageMogr2/quality/70/thumbnail/1024x","https://nc.lianjia.com/ershoufang/103116405944.html"
"1675","2024-10-29 16:41:19","人车分流，一梯一户的小高层 ，小区环境好","98","8750","3室2厅","低楼层/共25层","东南","平层/毛坯","112平米","板楼","银城江畔","南昌县","https://vrlab-image4.ljcdn.com/release/auto3dhd/22ac8f724e3bdecb5abc451c53985605/screenshot/1664095055_7/pc0_xTScKFcQW.jpg?imageMogr2/quality/70/thumbnail/1024x","https://nc.lianjia.com/ershoufang/103122524973.html"
"1676","2024-10-29 16:41:30","向阳路社区 100平 三居室 售价50万","45","4518","3室2厅","高楼层/共6层","南","平层/简装","99.62平米","暂无数据","向阳路社区","南昌县","https://vrlab-image4.ljcdn.com/release/auto3dhd/0ee8b795de57142337d3c158439394d4/screenshot/1683961308_0/pc0_ZvXyWEP2G.jpg?imageMogr2/quality/70/thumbnail/1024x","https://nc.lianjia.com/ershoufang/103126191747.html"
"1677","2024-10-29 16:41:40","一梯一户，人车分流，桥头堡户型好证件齐全 全天太阳","95","8452","3室2厅","低楼层/共25层","南","平层/毛坯","112.41平米","板楼","银城江畔","南昌县","https://vrlab-image4.ljcdn.com/release/auto3dhd/cb3140aa5873993c1b7097de85cf9a32/screenshot/1680493371_0/pc0_ukKPGEylw.jpg?imageMogr2/quality/70/thumbnail/1024x","https://nc.lianjia.com/ershoufang/103125398086.html"
"1678","2024-10-29 16:41:50","银城江畔 毛坯大四房 人车分流，停车无忧","99","7250","4室2厅","低楼层/共31层","南","平层/毛坯","136.57平米","板楼","银城江畔","南昌县","https://vrlab-image4.ljcdn.com/release/auto3dhd/3e6e349be822e2d7adcde8ec63e84e06/screenshot/1607052660_1/pc0_DJ4M0jTpp.jpg?imageMogr2/quality/70/thumbnail/1024x","https://nc.lianjia.com/ershoufang/103112439990.html"
"1679","2024-10-29 16:42:00","幸福庄园带车库，精装家具家电，总价低，压力小","60","7318","2室2厅","高楼层/共7层","南 北","平层/精装","82平米","板楼","幸福庄园","南昌县","https://vrlab-image4.ljcdn.com/release/auto3dhd/5834cbb7cc969f00ea25d349f175aef5/screenshot/1588047836_0/pc0_NLiE7VTZ8.jpg?imageMogr2/quality/70/thumbnail/1024x","https://nc.lianjia.com/ershoufang/103108802387.html"
"1680","2024-10-29 16:42:11","单位房得房率高小区环境好出入方便 读站前路","120","10241","3室2厅","低楼层/共6层","南","平层/简装","117.18平米","暂无数据","中国人寿宿舍","西湖区","https://vrlab-image4.ljcdn.com/release/auto3dhd/a96fba52cc849cdc61389cc8a60682fb/screenshot/1603850248_0/pc0_0prY1Ct6o.jpg?imageMogr2/quality/70/thumbnail/1024x","https://nc.lianjia.com/ershoufang/103112565471.html"
"1681","2024-10-29 16:42:21","中间户两房，南边无挡视野开阔，高得房率","152","18072","2室2厅","中楼层/共18层","南","平层/精装","84.11平米","板塔结合","绿湖豪城一期","红谷滩","https://vrlab-image4.ljcdn.com/release/auto3dhd/b7d17749207c72bf0c585dbe9a532815/screenshot/1685756655_0/pc0_7aSfF2jvp.jpg?imageMogr2/quality/70/thumbnail/1024x","https://nc.lianjia.com/ershoufang/103126361765.html"
"1682","2024-10-29 16:42:31","一期小高层 好楼层视野采光好 看中好谈","165","18573","2室1厅","中楼层/共18层","南","平层/精装","88.84平米","板塔结合","绿湖豪城一期","红谷滩","https://vrlab-image4.ljcdn.com/release/auto3dhd/f515edea7eb604739bbc4b0b09cebe7a/screenshot/1630312220_0/pc0_7lWoofiky.jpg?imageMogr2/quality/70/thumbnail/1024x","https://nc.lianjia.com/ershoufang/103129878657.html"
"1683","2024-10-29 16:42:41","中间户两房，南边无挡视野开阔，高得房率","152","18072","2室2厅","中楼层/共18层","南","平层/精装","84.11平米","板塔结合","绿湖豪城一期","红谷滩","https://vrlab-image4.ljcdn.com/release/auto3dhd/b7d17749207c72bf0c585dbe9a532815/screenshot/1685756655_0/pc0_7aSfF2jvp.jpg?imageMogr2/quality/70/thumbnail/1024x","https://nc.lianjia.com/ershoufang/103126361765.html"
"1684","2024-10-29 16:42:51","抚河公园旁朝阳中路精装两房出入好 拎包入住","70","10129","2室1厅","中楼层/共8层","南 北","平层/精装","69.11平米","暂无数据","朝阳（洲）中路","西湖区","https://vrlab-image4.ljcdn.com/release/auto3dhd/6d431193a3ad0e122ba34dca0674b9f2/screenshot/1686908179_0/pc0_5zTS5o58m.jpg?imageMogr2/quality/70/thumbnail/1024x","https://nc.lianjia.com/ershoufang/103126544062.html"
"1685","2024-10-29 16:43:02","阳光充足，交通便利，生活配套完善，物业费便宜","88","9880","3室1厅","中楼层/共6层","南","平层/简装","89.07平米","板楼","力高国际城三期","南昌县","https://vrlab-image4.ljcdn.com/release/auto3dhd/8ff408e9d800633376f1391b13fc08e7/screenshot/1631156494_11/pc0_zi0NSsNSl.jpg?imageMogr2/quality/70/thumbnail/1024x","https://nc.lianjia.com/ershoufang/103121716725.html"
"1686","2024-10-29 16:43:12","高楼层，采光较好，出行便利，适合老人孩子居住","149","17429","2室2厅","高楼层/共18层","南 北","平层/简装","85.49平米","板楼","绿湖豪城一期","红谷滩","https://vrlab-image4.ljcdn.com/release/auto3dhd/e83941ce53de81dcca54be3026b40c25/screenshot/1635825972_4/pc0_3SHbfYIFD.jpg?imageMogr2/quality/70/thumbnail/1024x","https://nc.lianjia.com/ershoufang/103117892070.html"
"1687","2024-10-29 16:43:22","绿湖豪城方正两房 生活配套方便 房东诚心卖","149.8","16498","2室2厅","低楼层/共18层","南","平层/简装","90.8平米","板楼","绿湖豪城一期","红谷滩","https://vrlab-image4.ljcdn.com/release/auto3dhd/44bd7feae7b0be87353ec25cce059cd7/screenshot/1652854013_4/pc0_sDZ4T5Iyw.jpg?imageMogr2/quality/70/thumbnail/1024x","https://nc.lianjia.com/ershoufang/103120484248.html"
"1688","2024-10-29 16:43:33","刚需三房，自住宜居，生活方便配套成熟","145","14612","3室2厅","中楼层/共29层","南","平层/简装","99.24平米","板楼","绿地香颂南区","红谷滩","https://vrlab-image4.ljcdn.com/release/auto3dhd/ec694fe79c34909d90035ae416c4d3a0/screenshot/1655107691_3/pc0_5p66LIlCb.jpg?imageMogr2/quality/70/thumbnail/1024x","https://nc.lianjia.com/ershoufang/103120580739.html"
"1689","2024-10-29 16:43:43","绿湖一期小高层，三面采光 自住精装 急售置换","158","19825","2室2厅","中楼层/共10层","南","平层/简装","79.7平米","板塔结合","绿湖豪城一期","红谷滩","https://vrlab-image4.ljcdn.com/release/auto3dhd/699d76cfcb141f1dac605def9b3c1eaa/screenshot/1591942795_3/pc0_5rJsX39HY.jpg?imageMogr2/quality/70/thumbnail/1024x","https://nc.lianjia.com/ershoufang/103109622375.html"
"1690","2024-10-29 16:43:54","红角洲地铁口，单价低，楼层高采光好，出行便利","150","17450","2室2厅","低楼层/共18层","南","平层/精装","85.96平米","板楼","绿湖豪城一期","红谷滩","https://vrlab-image4.ljcdn.com/release/auto3dhd/7bddbee3b57e6e261ca35e09c846a027/screenshot/1631928572_0/pc0_0VFrgXrwV.jpg?imageMogr2/quality/70/thumbnail/1024x","https://nc.lianjia.com/ershoufang/103117167805.html"
"1691","2024-10-29 16:44:04","绿湖豪城房东诚心出售，小区环境好","150","17546","2室2厅","中楼层/共18层","南 北","平层/精装","85.49平米","板楼","绿湖豪城一期","红谷滩","https://vrlab-image4.ljcdn.com/release/auto3dhd/15bbc29eee1042dd356d34d4c89a5572/screenshot/1614758233_4/pc0_Sih5WDihA.jpg?imageMogr2/quality/70/thumbnail/1024x","https://nc.lianjia.com/ershoufang/103113574012.html"
"1692","2024-10-29 16:44:14","经典三房,高楼层,精装修,采光充足","130","13193","3室2厅","高楼层/共30层","南 北","平层/简装","98.54平米","板楼","绿地香颂南区","红谷滩","https://vrlab-image4.ljcdn.com/release/auto3dhd/3069130f0f15d16d8f3e7e0da819d46f/screenshot/1607394701_0/pc0_u8XO1zkkP.jpg?imageMogr2/quality/70/thumbnail/1024x","https://nc.lianjia.com/ershoufang/103112488347.html"
"1693","2024-10-29 16:44:25","小高层 两梯三户 诚心卖 随时看房","156","18548","2室1厅","低楼层/共18层","南","平层/简装","84.11平米","板塔结合","绿湖豪城一期","红谷滩","https://vrlab-image4.ljcdn.com/release/screenshot/auto3d-JwTl9Bw3AEYrBBfBkpJu9C/f8e521d81259ed82b11c451601f80373/1702021941_0/pc0_j0boqJqbP.jpg?imageMogr2/quality/70/thumbnail/1024x","https://nc.lianjia.com/ershoufang/103128892182.html"
"1694","2024-10-29 16:44:35","居住+20平 实际使用面积大 户型端正 通风好","80","6943","3室2厅","高楼层/共5层","南","平层/精装","115.23平米","板楼","居住主题公园-牡丹香园","南昌县","https://vrlab-image4.ljcdn.com/release/auto3dhd/7218b1dcec05059a54034a439aa2bc54/screenshot/1633915000_0/pc0_fvhkAhUb1.jpg?imageMogr2/quality/70/thumbnail/1024x","https://nc.lianjia.com/ershoufang/103128454773.html"
"1695","2024-10-29 16:44:46","薪上优质好房视野采光楼层很好精装修业主置换诚心出售","160","18994","2室2厅","中楼层/共18层","南 北","平层/精装","84.24平米","板楼","绿湖豪城一期","红谷滩","https://vrlab-image4.ljcdn.com/release/screenshot/auto3d-M0IUj2YKfy6W0iLdWWdoC_/b98b035cd8262644e413c64b065eb5d7/1715393371_4/pc0_cfUWkXg0Y.jpg?imageMogr2/quality/70/thumbnail/1024x","https://nc.lianjia.com/ershoufang/103132515795.html"
"1696","2024-10-29 16:44:56","象湖繁华地段 生活便利 交通四通八达 房子户型通透","130","11020","3室2厅","高楼层/共32层","南","平层/精装","117.97平米","塔楼","龙湖煌盛春江天玺","南昌县","https://vrlab-image4.ljcdn.com/release/screenshot/auto3d-TtdveiF10s73ThWK6OXIX2/415fa571b49dfbbca714f37a65ef0847/1709092814_0/pc0_XFoPgAIX6.jpg?imageMogr2/quality/70/thumbnail/1024x","https://nc.lianjia.com/ershoufang/103130877047.html"
"1697","2024-10-29 16:45:06","户型端正，楼层好，全景视野，生活便利，房东诚心出售","69.8","8705","2室2厅","中楼层/共7层","南","平层/精装","80.19平米","暂无数据","桃园住宅新区","经开区","https://vrlab-image4.ljcdn.com/release/auto3dhd/831661eedfbcd8d175ce741e7bf7b627/screenshot/1682750251_1/pc0_zuftZxOEQ.jpg?imageMogr2/quality/70/thumbnail/1024x","https://nc.lianjia.com/ershoufang/103125817503.html"
"1698","2024-10-29 16:45:17","康怡休闲购物广场。交通便利  配套齐全","126","7334","3室2厅","中楼层/共9层","南","平层/精装","171.81平米","塔楼","康怡休闲购物广场","南昌县","https://vrlab-image4.ljcdn.com/release/auto3dhd/5558322358e91bafcd4fc01daf65aa10/screenshot/1592556950_7/pc0_0fyvrBaTj.jpg?imageMogr2/quality/70/thumbnail/1024x","https://nc.lianjia.com/ershoufang/103106224074.html"
"1699","2024-10-29 16:45:27","此房业主诚心出售随时签约，看房方便，户型方正，","118","10443","3室1厅","高楼层/共17层","南","平层/简装","113平米","板楼","汇源华庭","南昌县","https://vrlab-image4.ljcdn.com/release/auto3dhd/81ae46a811476033acffa23ddcb9ba35/screenshot/1618457362_0/pc0_ghFZGaTjA.jpg?imageMogr2/quality/70/thumbnail/1024x","https://nc.lianjia.com/ershoufang/103116608655.html"
"1700","2024-10-29 16:45:37","正荣大湖之都 全明户型，视野开阔，居住舒服","60","6742","2室2厅","中楼层/共6层","南","平层/简装","89平米","板楼","正荣大湖之都（观澜郡）","南昌县","https://vrlab-image4.ljcdn.com/release/auto3dhd/074ec705b1bee2bdf28b94fa1ad9dfd1/screenshot/1684043217_0/pc0_uOnAvoVYz.jpg?imageMogr2/quality/70/thumbnail/1024x","https://nc.lianjia.com/ershoufang/103126171171.html"
"1701","2024-10-29 16:45:48","出门地铁口  交通便利 中间楼层 采光好","35.5","7281","1室1厅","高楼层/共19层","南","平层/毛坯","48.76平米","暂无数据","锦绣天地青年城","南昌县","https://vrlab-image4.ljcdn.com/release/auto3dhd/3e84376f4005b45ce492f5f914252a25/screenshot/1686377391_0/pc0_nrQEd7CwL.jpg?imageMogr2/quality/70/thumbnail/1024x","https://nc.lianjia.com/ershoufang/103125536252.html"
"1702","2024-10-29 16:45:58","南北通透户型，采光充足，视野开阔，环境优美","230","14744","6室2厅","高楼层/共30层","南 北","平层/精装","156平米","板楼","幸福时光三期","南昌县","https://vrlab-image4.ljcdn.com/release/auto3dhd/f04e418f88d29b95a8f69896063b5350/screenshot/1663483858_16/pc0_l0YofDptj.jpg?imageMogr2/quality/70/thumbnail/1024x","https://nc.lianjia.com/ershoufang/103122402214.html"
"1703","2024-10-29 16:46:09","毛坯通透户型。中间楼层。带车库","100","9821","2室2厅","中楼层/共7层","南","平层/毛坯","101.83平米","板楼","正荣大湖之都蓝汀岸","南昌县","https://vrlab-image4.ljcdn.com/release/auto3dhd/79b23a992dd5573f0398bfc69da90110/screenshot/1645754671_7/pc0_znPOVy1KI.jpg?imageMogr2/quality/70/thumbnail/1024x","https://nc.lianjia.com/ershoufang/103119137419.html"
"1704","2024-10-29 16:46:19","生米地铁口九溪嘉园2区 通透大三房  单位集资房","70","6100","3室2厅","低楼层/共18层","南","平层/毛坯","114.76平米","暂无数据","九溪嘉园二区","红谷滩","https://vrlab-image4.ljcdn.com/release/screenshot/auto3d-07iF4ki04cJ5C4nDmh8Izb/d8c21776f3ee3d56fcb67891283f2a83/1716949285_0/pc0_d8YYWhYU3.jpg?imageMogr2/quality/70/thumbnail/1024x","https://nc.lianjia.com/ershoufang/103132987101.html"
"1705","2024-10-29 16:46:29","小区环境好，通透两房，光线好，近地铁口","61","8134","2室1厅","中楼层/共5层","南 北","平层/精装","75平米","暂无数据","迎宾大道印钞厂宿舍（岱山东路16号、4号）","南昌县","https://vrlab-image4.ljcdn.com/release/auto3dhd/570d528c5b7d536d8cedd57735e9f51f/screenshot/1667209322_2/pc0_4S7DBrHBB.jpg?imageMogr2/quality/70/thumbnail/1024x","https://nc.lianjia.com/ershoufang/103122779643.html"
"1706","2024-10-29 16:46:31","业主外地发展，诚心出售，采光充足，","120","12632","3室2厅","低楼层/共10层","南","平层/精装","95平米","板楼","红谷新城","新建区","https://vrlab-image4.ljcdn.com/release/screenshot/auto3d-L93noXk_MROUpm6QyfoyOv/be243e3607f198ee7350e11c4533687a/1703815974_7/pc0_7Ipc2ze5z.jpg?imageMogr2/quality/70/thumbnail/1024x","https://nc.lianjia.com/ershoufang/103129440353.html"
"1707","2024-10-29 16:46:32","恒锦花苑二区 交通厅的集资房 房东诚心出售","252","17606","4室1厅","高楼层/共16层","南","平层/毛坯","143.14平米","板楼","恒锦花苑二区","红谷滩","https://vrlab-image4.ljcdn.com/release/screenshot/auto3d-m4iOWeMqx8c1zCH1UPdtML/3a2dd209ae577109e6db320c633cfa65/1694938310_0/pc0_aw6vQZ9MK.jpg?imageMogr2/quality/70/thumbnail/1024x","https://nc.lianjia.com/ershoufang/103128621918.html"
"1708","2024-10-29 16:46:34","洋房户型，次顶楼，改三房，采光视野很好，诚心出售","59","7808","2室2厅","高楼层/共6层","南 北","平层/毛坯","75.57平米","板楼","磨盘山8号","湾里区","https://vrlab-image4.ljcdn.com/release/auto3dhd/ff6d39f579e55333e7d277b36a84a986/screenshot/1691998445_0/pc0_S9nuKaimO.jpg?imageMogr2/quality/70/thumbnail/1024x","https://nc.lianjia.com/ershoufang/103127920080.html"
"1709","2024-10-29 16:46:36","小区环境好  业主诚心出售  通透两房","70","7955","2室2厅","中楼层/共6层","南","平层/精装","88平米","板楼","西水滨鹭岛","南昌县","https://vrlab-image4.ljcdn.com/release/auto3dhd/6c9b91a8e8cab5f5fa5eb507a1b57bbb/screenshot/1688028250_0/pc0_reIEWwHrj.jpg?imageMogr2/quality/70/thumbnail/1024x","https://nc.lianjia.com/ershoufang/103126285149.html"
"1710","2024-10-29 16:46:39","楼下就是教育，走路也近，房子楼层好，前后无档","103","10714","3室2厅","高楼层/共31层","南","平层/精装","96.14平米","板塔结合","金域华府","南昌县","https://vrlab-image4.ljcdn.com/release/auto3dhd/854f01bd4db10ccd4a72e22c98973587/screenshot/1668394757_0/pc0_uBEzaWDia.jpg?imageMogr2/quality/70/thumbnail/1024x","https://nc.lianjia.com/ershoufang/103122975041.html"
"1711","2024-10-29 16:48:06","新力物业，人车分流，一附院旁，通透三房全天太阳","125","12070","3室2厅","中楼层/共31层","南 北","平层/精装","103.57平米","板楼","锦尚都会","南昌县","https://vrlab-image4.ljcdn.com/release/screenshot/auto3d-sqx5z9hdsEfPeup2FXovy5/e126870a671beabd71a4fe0c684fa99a/1702604674_0/pc0_rlQWAs4N3.jpg?imageMogr2/quality/70/thumbnail/1024x","https://nc.lianjia.com/ershoufang/103130165980.html"
"1712","2024-10-29 16:48:17","莲塘老街两房出售 3楼 采光很好 适合养老","52","6493","2室2厅","中楼层/共5层","南","平层/简装","80.09平米","塔楼","文卫路","南昌县","https://vrlab-image4.ljcdn.com/release/auto3dhd/8599df9102892ed5b6bdc9a966cb39a1/screenshot/1690081752_0/pc0_kJPWPOCZz.jpg?imageMogr2/quality/70/thumbnail/1024x","https://nc.lianjia.com/ershoufang/103127615341.html"
"1713","2024-10-29 16:48:27","房东诚心出售价格看中可谈。看房物业 有钥匙","88","8944","3室2厅","高楼层/共27层","南","平层/毛坯","98.39平米","板楼","煌盛中央公园","南昌县","https://vrlab-image4.ljcdn.com/release/auto3dhd/4b385717e7b3c71286c7e0402a16b473/screenshot/1682660059_0/pc0_T29DHWYuQ.jpg?imageMogr2/quality/70/thumbnail/1024x","https://nc.lianjia.com/ershoufang/103125884103.html"
"1714","2024-10-29 16:48:38","小区间距大户型设计独特让每一户基本都能晒到太阳","118","9219","3室2厅","高楼层/共17层","东南","平层/精装","128平米","板楼","润碧康城","经开区","https://vrlab-image4.ljcdn.com/release/auto3dhd/1b9bbb4218a64adfdd5cc533d6b12b6c/screenshot/1644644939_1/pc0_Hq49PzYUW.jpg?imageMogr2/quality/70/thumbnail/1024x","https://nc.lianjia.com/ershoufang/103119027259.html"
"1715","2024-10-29 16:48:48","新力物业，小区人车分流，户型方正。","95","9224","3室2厅","中楼层/共31层","南","平层/毛坯","103平米","板楼","锦尚都会","南昌县","https://vrlab-image4.ljcdn.com/release/screenshot/auto3d-b1alc1Yb0rCgVqHBg9OyNX/169a92d3998e693de46dc36352f28d1d/1720755138_0/pc0_sDmmn1Lo8.jpg?imageMogr2/quality/70/thumbnail/1024x","https://nc.lianjia.com/ershoufang/103134484964.html"
"1716","2024-10-29 16:48:58","小区位置优越。房屋楼栋间距宽敞采光好","95","9224","3室2厅","低楼层/共15层","南 北","平层/毛坯","103平米","板楼","煌盛中央公园","南昌县","https://vrlab-image4.ljcdn.com/release/screenshot/auto3d-6F9GjRtBSjUefzbkYuYeDP/9f9ed0aadbc675a4959466d2bb9536d4/1709190057_3/pc0_rWkwu772W.jpg?imageMogr2/quality/70/thumbnail/1024x","https://nc.lianjia.com/ershoufang/103131296458.html"
"1717","2024-10-29 16:49:09","房子在莲塘区域，交通方便，有菜市场","68","7158","4室1厅","高楼层/共8层","南","平层/精装","95平米","板楼","澄湖名居","南昌县","https://vrlab-image4.ljcdn.com/release/screenshot/auto3d-Xg3gogZqFnOh0oU-AmGoDU/8515686fee2c00b5ccca78f84c85d92d/1711940501_0/pc0_G9lXgvzaN.jpg?imageMogr2/quality/70/thumbnail/1024x","https://nc.lianjia.com/ershoufang/103131726509.html"
"1718","2024-10-29 16:49:20","楼层好 全天太阳  近地铁 新小区","258","18101","3室2厅","高楼层/共31层","南","平层/精装","142.54平米","板楼","蓝光雍锦半岛","高新区","https://vrlab-image4.ljcdn.com/release/screenshot/auto3d-uhnpEUwKVWF9n-dArt1KfR/6edccd83f9ffd09e0fd5fbec9e217d72/1716602246_0/pc0_UXJRXszEG.jpg?imageMogr2/quality/70/thumbnail/1024x","https://nc.lianjia.com/ershoufang/103124030522.html"
"1719","2024-10-29 16:49:30","新建区心怡广场以西莱卡小镇四房带院子诚意出售","120","8718","4室2厅","低楼层/共6层","南 北","平层/精装","137.66平米","板楼","莱卡小镇-东区","新建区","https://vrlab-image4.ljcdn.com/release/screenshot/auto3d-0seplg2pPHPqRzSpfezmW-/d686970ca7342644c3163ef9306e9a3e/1708564496_13/pc0_HRfFZiDuU.jpg?imageMogr2/quality/70/thumbnail/1024x","https://nc.lianjia.com/ershoufang/103131219123.html"
"1720","2024-10-29 16:49:40","商圈繁华，地理位置优越交通，采光性和通透性好","40","7003","2室1厅","高楼层/共8层","南","平层/简装","57.12平米","暂无数据","右营街社区","东湖区","https://vrlab-image4.ljcdn.com/release/auto3dhd/458cfc7516af2ffbdf182710797d2903/screenshot/1681957801_6/pc0_JrV51xaIX.jpg?imageMogr2/quality/70/thumbnail/1024x","https://nc.lianjia.com/ershoufang/103125690100.html"
"1721","2024-10-29 16:49:50","边户带车位.交通便利.户型端正.结军3-2-1-1户型","128","13030","3室2厅","低楼层/共32层","南","平层/毛坯","98.24平米","板楼","恒锦花苑二区","红谷滩","https://vrlab-image4.ljcdn.com/release/auto3dhd/a4f5ca8a9de089703d6c5cc076797b72/screenshot/1670650517_3/pc0_18fG8jQPj.jpg?imageMogr2/quality/70/thumbnail/1024x","https://nc.lianjia.com/ershoufang/103123623322.html"
"1722","2024-10-29 16:50:01","房子装修漂亮，户型好，可以看房，价格便宜","128","10667","3室2厅","高楼层/共6层","南","错层/精装","120平米","板楼","城开国际学园","新建区","https://vrlab-image4.ljcdn.com/release/auto3dhd/8525cc8a5632e887eb60821586331647/screenshot/1665535045_4/pc0_7b2ZpRzRY.jpg?imageMogr2/quality/70/thumbnail/1024x","https://nc.lianjia.com/ershoufang/103122773892.html"
"1723","2024-10-29 16:50:11","王 府井购物广场地 铁口50米的电梯三房，单价低总价低","99","7796","2室1厅","中楼层/共30层","南 北","平层/简装","127平米","暂无数据","国贸广场","青云谱区","https://vrlab-image4.ljcdn.com/release/auto3dhd/8a9a2ab3b38cf2344e074592b9a49d96/screenshot/1619660725_8/pc0_6S0SWCVIB.jpg?imageMogr2/quality/70/thumbnail/1024x","https://nc.lianjia.com/ershoufang/103117196976.html"
"1724","2024-10-29 16:50:22","绿藤雅苑 紫荆夜市旁 电梯3房 诚心出售","90","9279","3室2厅","低楼层/共15层","南","平层/简装","97平米","板楼","绿腾雅苑","经开区","https://vrlab-image4.ljcdn.com/release/screenshot/auto3d-A32F5w3zUjeVKlyFDD4bDd/b66bfcb9b6b7232d7d26330c75a72d2b/1718529466_5/pc0_rY0hZQP9S.jpg?imageMogr2/quality/70/thumbnail/1024x","https://nc.lianjia.com/ershoufang/103132363118.html"
"1725","2024-10-29 16:50:32","房屋精装，采光充足，自住生活舒适","98","7081","3室2厅","低楼层/共6层","南 北","平层/精装","138.4平米","板楼","力高国际城一期","南昌县","https://vrlab-image4.ljcdn.com/release/auto3dhd/fb0937abbe973e09276af52727c8c539/screenshot/1677210439_0/pc0_T9qY5XOAJ.jpg?imageMogr2/quality/70/thumbnail/1024x","https://nc.lianjia.com/ershoufang/103124388233.html"
"1726","2024-10-29 16:50:42","南面无遮挡，楼层好。视野宽阔，采光充足，","98","7541","4室2厅","高楼层/共6层","南","平层/精装","129.96平米","板楼","力高国际城三期","南昌县","https://vrlab-image4.ljcdn.com/release/auto3dhd/4d73ebd560bbac1de63fc281b281fabf/screenshot/1688692159_3/pc0_vUqRzCKTu.jpg?imageMogr2/quality/70/thumbnail/1024x","https://nc.lianjia.com/ershoufang/103125752232.html"
"1727","2024-10-29 16:50:52","精装交付、拎包入住。朝南小户型","39","6967","1室1厅","高楼层/共7层","南","平层/精装","55.98平米","板塔结合","裕园","南昌县","https://vrlab-image4.ljcdn.com/release/auto3dhd/216d2a8077565ecd0cb1170aa8b21520/screenshot/1616483484_5/pc0_z84On8Zp0.jpg?imageMogr2/quality/70/thumbnail/1024x","https://nc.lianjia.com/ershoufang/103114011271.html"
"1728","2024-10-29 16:51:03","地铁三房，价格适合，采光充足，视野开阔，交通便利，","116","11407","3室2厅","高楼层/共27层","南","平层/毛坯","101.7平米","板楼","煌盛中央公园","南昌县","https://vrlab-image4.ljcdn.com/release/auto3dhd/005898f2f8329e118ae702ada46583fa/screenshot/1657080817_0/pc0_wC4TsDbD8.jpg?imageMogr2/quality/70/thumbnail/1024x","https://nc.lianjia.com/ershoufang/103121259472.html"
"1729","2024-10-29 16:51:13","得房率高 配套成熟，地段繁华，生活便利","68","8396","2室2厅","低楼层/共6层","南","平层/精装","81平米","板楼","力天阳光地带南区","新建区","https://vrlab-image4.ljcdn.com/release/screenshot/auto3d-kyCMPxXSbUcvMs32F9sJzw/ca1e057213c8e5ea6fdb140467859057/1698117295_0/pc0_BCMd7f6IA.jpg?imageMogr2/quality/70/thumbnail/1024x","https://nc.lianjia.com/ershoufang/103129375714.html"
"1730","2024-10-29 16:51:23","博伟 前排无挡 精装自住两房 装修新颖 诚意出售 急售","115","14576","2室2厅","中楼层/共30层","南","平层/精装","78.9平米","板楼","绿地国际博览城二期博伟","红谷滩","https://vrlab-image4.ljcdn.com/release/screenshot/auto3d-zYoVlbuPhsIifZyLh3SwK7/bf9ff3493ad9118197040558ab2745ee/1709431673_4/pc0_qtVY6cBvM.jpg?imageMogr2/quality/70/thumbnail/1024x","https://nc.lianjia.com/ershoufang/103130892387.html"
"1731","2024-10-29 16:51:34","嘉业海棠湾 6室3厅 东南 南 西南","120","12544","6室3厅","高楼层/共6层","东南 南 西南","复式/精装","95.67平米","塔楼","嘉业海棠湾","经开区","https://vrlab-image4.ljcdn.com/release/screenshot/auto3d-eYipQAcoGsJrPIE9sBmAl6/94c0fa01cd73e616b56378e2926a2ed5/1715391330_4/pc0_8NXWnpL6I.jpg?imageMogr2/quality/70/thumbnail/1024x","https://nc.lianjia.com/ershoufang/103133051180.html"
"1732","2024-10-29 16:51:44","万科通透小三房，带车位，诚心出售","103","11686","3室2厅","中楼层/共34层","南 北","平层/精装","88.14平米","板楼","万科金域传奇","新建区","https://vrlab-image4.ljcdn.com/release/screenshot/auto3d-pXrXfEhl_cAcYzRATR7t4D/c24fadf3db5f2bc15ae290284a948c83/1721266359_11/pc0_RaB3N6dti.jpg?imageMogr2/quality/70/thumbnail/1024x","https://nc.lianjia.com/ershoufang/103134557452.html"
"1733","2024-10-29 16:51:54","出入方便位置好锦竹幸福里优质房源","100","9091","3室2厅","中楼层/共19层","南","平层/毛坯","110平米","板楼","锦竹幸福里","南昌县","https://vrlab-image4.ljcdn.com/release/auto3dhd/fa721ed26df444af7154074a61d61963/screenshot/1689128984_0/pc0_UU6yIL7Rl.jpg?imageMogr2/quality/70/thumbnail/1024x","https://nc.lianjia.com/ershoufang/103127201032.html"
"1734","2024-10-29 16:52:05","青云水厂宿舍，居家装修两房，视野开拓。","60","8441","2室1厅","中楼层/共7层","南 北","平层/精装","71.09平米","暂无数据","青云水厂宿舍","西湖区","https://vrlab-image4.ljcdn.com/release/auto3dhd/7b3256e245bd61650a5afa392eafb2fc/screenshot/1607495348_4/pc0_Tzmm5p873.jpg?imageMogr2/quality/70/thumbnail/1024x","https://nc.lianjia.com/ershoufang/103120886932.html"
"1735","2024-10-29 16:52:15","桃园小区两室两厅  房东诚心出售","68","8563","2室2厅","中楼层/共7层","东南","平层/简装","79.42平米","暂无数据","桃园住宅新区","经开区","https://vrlab-image4.ljcdn.com/release/auto3dhd/9e0f310c7aba18b29d4b5ea7678b08f6/screenshot/1666061423_0/pc0_HiHEW8A1K.jpg?imageMogr2/quality/70/thumbnail/1024x","https://nc.lianjia.com/ershoufang/103122878076.html"
"1736","2024-10-29 16:52:25","户型方正   阳光充足    出入方便","208","21011","3室2厅","中楼层/共32层","南","平层/精装","99平米","板楼","绿地中央公园璞悦","新建区","https://vrlab-image4.ljcdn.com/release/auto3dhd/70f9d686468eff7b09eb01f04badcc70/screenshot/1684641249_3/pc0_xewZpzcSK.jpg?imageMogr2/quality/70/thumbnail/1024x","https://nc.lianjia.com/ershoufang/103125806634.html"
"1737","2024-10-29 16:52:36","成熟小区，居家的好选择，美景自然延入、、、、、","68","6182","3室2厅","中楼层/共18层","南","平层/毛坯","110平米","板楼","金佳云舒花城","湾里区","https://vrlab-image4.ljcdn.com/release/auto3dhd/7726df42f7ed768df3a78ddaab25b9b6/screenshot/1684662973_9/pc0_OMJ4CvrFT.jpg?imageMogr2/quality/70/thumbnail/1024x","https://nc.lianjia.com/ershoufang/103125272527.html"
"1738","2024-10-29 16:52:46","户型端正  间间有窗  全天太阳","48","9346","2室1厅","中楼层/共8层","南 西 北","平层/简装","51.36平米","暂无数据","象山北路","东湖区","https://vrlab-image4.ljcdn.com/release/auto3dhd/3a32dbea265b203b29268168ef281035/screenshot/1608519772_9/pc0_l8SwlCXRH.jpg?imageMogr2/quality/70/thumbnail/1024x","https://nc.lianjia.com/ershoufang/103112716744.html"
"1739","2024-10-29 16:52:56","百盛旁 户型好太阳好 采光充足","69","8446","2室2厅","高楼层/共7层","南 北","平层/简装","81.7平米","板楼","下水巷","东湖区","https://vrlab-image4.ljcdn.com/release/screenshot/auto3d-nUxX1_7U_Ofz7uiafK5EWI/093aa5304d8a0afe95e2a42ac298d7ea/1704275653_8/pc0_8BFiH94oP.jpg?imageMogr2/quality/70/thumbnail/1024x","https://nc.lianjia.com/ershoufang/103130479883.html"
"1740","2024-10-29 16:53:07","邻铜锣湾亿通滕旺居精装房子出售！！","100","12114","2室1厅","高楼层/共11层","南","平层/精装","82.55平米","塔楼","亿通藤旺居","经开区","https://vrlab-image4.ljcdn.com/release/auto3dhd/271694ebce17674573e59050ff9c628c/screenshot/1652839071_0/pc0_rQRrT2Z8v.jpg?imageMogr2/quality/70/thumbnail/1024x","https://nc.lianjia.com/ershoufang/103125675287.html"
"1741","2024-10-29 16:53:17","房东诚心出售，看中了价钱可以谈","87","9776","3室2厅","中楼层/共11层","南 北","平层/精装","89平米","板楼","居住主题公园-枫林美庐","南昌县","https://vrlab-image4.ljcdn.com/release/auto3dhd/61390427e1190d63ee332b04217ef492/screenshot/1685696694_5/pc0_JS3557Krn.jpg?imageMogr2/quality/70/thumbnail/1024x","https://nc.lianjia.com/ershoufang/103126595458.html"
"1742","2024-10-29 16:53:27","居住主题公园  通透两房    业主诚心卖","62","7022","2室2厅","高楼层/共6层","南","平层/精装","88.3平米","板楼","居住主题公园-桂芳景绣多层公寓","南昌县","https://vrlab-image4.ljcdn.com/release/auto3dhd/bd468632cfa5f9774118a852d1f622cb/screenshot/1662427267_9/pc0_ZzotIfJnh.jpg?imageMogr2/quality/70/thumbnail/1024x","https://nc.lianjia.com/ershoufang/103123243158.html"
"1743","2024-10-29 16:53:37","小区管理严谨 全明户型方形板正 户型通透客厅连阳台。","89","8625","2室2厅","中楼层/共11层","南 西南","平层/简装","103.2平米","暂无数据","山水茗苑","西湖区","https://vrlab-image4.ljcdn.com/release/auto3dhd/7d8643d2557b2903f2aaa71772b493dc/screenshot/1678325743_5/pc0_LuXcDkGWy.jpg?imageMogr2/quality/70/thumbnail/1024x","https://nc.lianjia.com/ershoufang/103124676020.html"
"1744","2024-10-29 16:53:48","双育新，全天太阳，交通便利，中间楼层，看中价钱好谈","82","12045","2室2厅","高楼层/共7层","南","平层/精装","68.08平米","板楼","二七北路","东湖区","https://vrlab-image4.ljcdn.com/release/auto3dhd/67215003c1977e26acd091bc1c5f2995/screenshot/1645845152_6/pc0_mjWu1NFbB.jpg?imageMogr2/quality/70/thumbnail/1024x","https://nc.lianjia.com/ershoufang/103119295956.html"
"1745","2024-10-29 16:53:58","楼层好 全天太阳  近地铁 新小区","258","18101","3室2厅","高楼层/共31层","南","平层/精装","142.54平米","板楼","蓝光雍锦半岛","高新区","https://vrlab-image4.ljcdn.com/release/screenshot/auto3d-uhnpEUwKVWF9n-dArt1KfR/6edccd83f9ffd09e0fd5fbec9e217d72/1716602246_0/pc0_UXJRXszEG.jpg?imageMogr2/quality/70/thumbnail/1024x","https://nc.lianjia.com/ershoufang/103124030522.html"
"1746","2024-10-29 16:54:08","花园洋房，户型端正，采光优秀。","104","13685","3室2厅","高楼层/共6层","南 北","平层/简装","76平米","板楼","红谷新城","新建区","https://vrlab-image4.ljcdn.com/release/auto3dhd/867f9a116d4a96a060ffb2c517992fa5/screenshot/1598411521_3/pc0_MTmRldLdg.jpg?imageMogr2/quality/70/thumbnail/1024x","https://nc.lianjia.com/ershoufang/103110428512.html"
"1747","2024-10-29 16:54:19","力高国际城三期小3房精装修拎包入住出入方便","63","7326","3室2厅","低楼层/共33层","南","平层/精装","86平米","板楼","力高国际城三期","南昌县","https://vrlab-image4.ljcdn.com/release/auto3dhd/371e90a9b1e555791f9bc233e50cde22/screenshot/1684995187_0/pc0_MI1klTn6Y.jpg?imageMogr2/quality/70/thumbnail/1024x","https://nc.lianjia.com/ershoufang/103126405230.html"
"1748","2024-10-29 16:54:29","龙韵花园 2室2厅 南","82","8643","2室2厅","高楼层/共19层","南","平层/简装","94.88平米","板塔结合","龙韵花园","西湖区","https://vrlab-image4.ljcdn.com/release/screenshot/auto3d-ost-EJTZrQ0orL45K6vXgl/0e802303a658bc1c8a8de4e751d3e06f/1720838425_0/pc0_U9WvFDnsr.jpg?imageMogr2/quality/70/thumbnail/1024x","https://nc.lianjia.com/ershoufang/103132023226.html"
"1749","2024-10-29 16:54:39","双育新，全天太阳，交通便利，中间楼层，看中价钱好谈","82","12045","2室2厅","高楼层/共7层","南","平层/精装","68.08平米","板楼","二七北路","东湖区","https://vrlab-image4.ljcdn.com/release/auto3dhd/67215003c1977e26acd091bc1c5f2995/screenshot/1645845152_6/pc0_mjWu1NFbB.jpg?imageMogr2/quality/70/thumbnail/1024x","https://nc.lianjia.com/ershoufang/103119295956.html"
"1750","2024-10-29 16:54:49","花园洋房，户型端正，采光优秀。","104","13685","3室2厅","高楼层/共6层","南 北","平层/简装","76平米","板楼","红谷新城","新建区","https://vrlab-image4.ljcdn.com/release/auto3dhd/867f9a116d4a96a060ffb2c517992fa5/screenshot/1598411521_3/pc0_MTmRldLdg.jpg?imageMogr2/quality/70/thumbnail/1024x","https://nc.lianjia.com/ershoufang/103110428512.html"
"1751","2024-10-29 16:54:59","小区管理严谨 全明户型方形板正 户型通透客厅连阳台。","89","8625","2室2厅","中楼层/共11层","南 西南","平层/简装","103.2平米","暂无数据","山水茗苑","西湖区","https://vrlab-image4.ljcdn.com/release/auto3dhd/7d8643d2557b2903f2aaa71772b493dc/screenshot/1678325743_5/pc0_LuXcDkGWy.jpg?imageMogr2/quality/70/thumbnail/1024x","https://nc.lianjia.com/ershoufang/103124676020.html"
"1752","2024-10-29 16:55:09","金涛精装大三室，业主诚心出售！","100","9616","3室1厅","中楼层/共10层","南","平层/精装","104平米","板楼","金涛御景花园","南昌县","https://vrlab-image4.ljcdn.com/release/auto3dhd/472a18311e4ec1c018337e512eda3fa4/screenshot/1595148281_6/pc0_fxuHCTT1H.jpg?imageMogr2/quality/70/thumbnail/1024x","https://nc.lianjia.com/ershoufang/103119025543.html"
"1753","2024-10-29 16:55:19","正宗三房，采光好，楼间距大，交通方便","110","8662","3室2厅","低楼层/共18层","南 北","平层/精装","127平米","板楼","馨居雅苑","新建区","https://vrlab-image4.ljcdn.com/release/screenshot/auto3d-yuCbYMGmDNGvJCwEjINhoS/8894a610c90877899de59c281439c79a/1703297336_4/pc0_xIiYBImYA.jpg?imageMogr2/quality/70/thumbnail/1024x","https://nc.lianjia.com/ershoufang/103127993970.html"
"1754","2024-10-29 16:55:30","兴华路 近商贸城 新时代广场 世纪万象城 中间层","96.8","7447","4室2厅","高楼层/共4层","南 北","平层/精装","130平米","暂无数据","汽车队宿舍","新建区","https://vrlab-image4.ljcdn.com/release/screenshot/auto3d-fiIlxzErhdIYlmyWWGD83z/cf51770e8eddb5f3ddeae08de96a3d68/1711243831_0/pc0_RiT7Xe0Vn.jpg?imageMogr2/quality/70/thumbnail/1024x","https://nc.lianjia.com/ershoufang/103131982315.html"
"1755","2024-10-29 16:55:40","楼层好 局通透方正，，视野宽阔，采光太阳足，","180","18948","3室2厅","高楼层/共6层","南 北","复式/精装","95平米","板楼","红谷新城","新建区","https://vrlab-image4.ljcdn.com/release/screenshot/auto3d-J5_xCqfX7Fy4RF6AKDp65J/48d187de5d5a8b21b1396f367cad9b61/1710038054_3/pc0_rHd4D1Y0J.jpg?imageMogr2/quality/70/thumbnail/1024x","https://nc.lianjia.com/ershoufang/103130504243.html"
"1756","2024-10-29 16:55:50","正宗三房，采光好，楼间距大，交通方便","120","9549","3室2厅","高楼层/共11层","南 北","平层/精装","125.68平米","板楼","馨居雅苑","新建区","https://vrlab-image4.ljcdn.com/release/screenshot/auto3d-KEM4DlvQZgu0eYqabkUC8R/329b1bb05a3114b9e1adadd708d27c83/1700721917_0/pc0_H9CPtpcJ4.jpg?imageMogr2/quality/70/thumbnail/1024x","https://nc.lianjia.com/ershoufang/103129843418.html"
"1757","2024-10-29 16:56:01","小区物业楼上  提包入住 带全套家具家电","110","8149","3室2厅","低楼层/共15层","南 北","平层/精装","135平米","板楼","金桥慧景","经开区","https://vrlab-image4.ljcdn.com/release/auto3dhd/40b267642f4131a5d79723124e850d63/screenshot/1631928302_6/pc0_dkZprXUX6.jpg?imageMogr2/quality/70/thumbnail/1024x","https://nc.lianjia.com/ershoufang/103117227504.html"
"1758","2024-10-29 16:56:11","光线充足，位置好，居住舒服，楼层好，出行方便。","68","7817","2室2厅","中楼层/共7层","南 北","平层/精装","87平米","暂无数据","心怡花苑","新建区","https://vrlab-image4.ljcdn.com/release/screenshot/auto3d-46U9J50FbKD7US3XW1oJvz/2e55ce8681f34699f491cda0345b40a7/1701576807_8/pc0_ZupWCSXXS.jpg?imageMogr2/quality/70/thumbnail/1024x","https://nc.lianjia.com/ershoufang/103129475523.html"
"1759","2024-10-29 16:56:21","小区人车分流，环境优美，户型方正，视野开阔","68","6812","3室2厅","高楼层/共9层","南","平层/毛坯","99.83平米","板塔结合","金佳云舒花城","湾里区","https://vrlab-image4.ljcdn.com/release/auto3dhd/901cf339136c622fdd48d5c486b83e63/screenshot/1665308913_7/pc0_fAdHAgZDQ.jpg?imageMogr2/quality/70/thumbnail/1024x","https://nc.lianjia.com/ershoufang/103122769903.html"
"1760","2024-10-29 16:56:32","此房前后无挡 格局好 生活配套齐全","90","7965","4室2厅","中楼层/共9层","南","平层/精装","113平米","板楼","力高国际城三期","南昌县","https://vrlab-image4.ljcdn.com/release/auto3dhd/e048f403c381b299b810bddead71b2b2/screenshot/1679366160_3/pc0_eeRM43XnP.jpg?imageMogr2/quality/70/thumbnail/1024x","https://nc.lianjia.com/ershoufang/103123671459.html"
"1761","2024-10-29 16:56:42","光线充足，楼层好，居住环境舒服，交通出行方便‘","68","8000","2室2厅","中楼层/共6层","南","平层/毛坯","85平米","暂无数据","幸福北路320号","新建区","https://vrlab-image4.ljcdn.com/release/screenshot/auto3d-7M07D6vWQ22tEMwkQtWECS/c50b5014a02139fc6ee9252480a0bf1a/1718415585_0/pc0_dKWhRKmlh.jpg?imageMogr2/quality/70/thumbnail/1024x","https://nc.lianjia.com/ershoufang/103133766771.html"
"1762","2024-10-29 16:56:53","观澜郡小区配套完善 环境宜人 房东诚心出售 交通便利","68","7625","2室2厅","低楼层/共6层","南","平层/简装","89.19平米","板楼","正荣大湖之都（观澜郡）","南昌县","https://vrlab-image4.ljcdn.com/release/auto3dhd/391638109b74a42b381eb6ac00014a0f/screenshot/1589428022_11/pc0_WSGyFaa7F.jpg?imageMogr2/quality/70/thumbnail/1024x","https://nc.lianjia.com/ershoufang/103128469962.html"
"1763","2024-10-29 16:57:03","光线充足，地理位置好，居住环境舒服，交通方便。","68","7779","2室2厅","中楼层/共6层","南 北","平层/精装","87.42平米","塔楼","林馨嘉苑西区","新建区","https://vrlab-image4.ljcdn.com/release/screenshot/auto3d-zBZiz5xtzS2YmBNcmUlUN6/31d5b4f4a9e1f99b1607a4b29fd1a928/1707023473_8/pc0_LEwp0XHVZ.jpg?imageMogr2/quality/70/thumbnail/1024x","https://nc.lianjia.com/ershoufang/103129379933.html"
"1764","2024-10-29 16:57:13","房东诚心出售，近地铁，楼层好，....","160","13915","3室2厅","中楼层/共32层","南 北","平层/毛坯","114.99平米","板楼","绿地国际博览城二期博伟","红谷滩","https://vrlab-image4.ljcdn.com/release/auto3dhd/3b29625c6d671d00abe45a3412c94cf2/screenshot/1679895202_2/pc0_Y6tEl438V.jpg?imageMogr2/quality/70/thumbnail/1024x","https://nc.lianjia.com/ershoufang/103125239622.html"
"1765","2024-10-29 16:57:24","现代米罗一楼带院子，看房方便，随时可以","105","8257","3室2厅","低楼层/共6层","南","错层/简装","127.17平米","板塔结合","现代米罗恒茂世纪花园","新建区","https://vrlab-image4.ljcdn.com/release/auto3dhd/4be7b11a8f26e41c48c15e3bebbf1d78/screenshot/1678411921_0/pc0_0jymwfjXf.jpg?imageMogr2/quality/70/thumbnail/1024x","https://nc.lianjia.com/ershoufang/103124841393.html"
"1766","2024-10-29 16:57:34","精装带车位，小区人车分流 环境优美 地铁三号线口","130","13396","3室2厅","低楼层/共27层","南","平层/精装","97.05平米","板楼","煌盛中央公园","南昌县","https://vrlab-image4.ljcdn.com/release/auto3dhd/9e6943dc2c2f3bcda45d45b448d73b90/screenshot/1681032111_0/pc0_F7BCKpSnI.jpg?imageMogr2/quality/70/thumbnail/1024x","https://nc.lianjia.com/ershoufang/103125448501.html"
"1767","2024-10-29 16:57:44","地铁口的房子，户型通透采光好，读书方便市在门口","108","12291","3室2厅","中楼层/共7层","南","平层/毛坯","87.87平米","板楼","煌盛中央公园","南昌县","https://vrlab-image4.ljcdn.com/release/auto3dhd/bd4c2abc1c285dc3912270abaa645a6f/screenshot/1659683964_6/pc0_TS7ggHP8G.jpg?imageMogr2/quality/70/thumbnail/1024x","https://nc.lianjia.com/ershoufang/103121691298.html"
"1768","2024-10-29 16:57:55","小区位置优越。房屋楼栋间距宽敞采光好","80","10316","3室2厅","高楼层/共33层","南 北","平层/毛坯","77.55平米","板楼","煌盛中央公园","南昌县","https://vrlab-image4.ljcdn.com/release/auto3dhd/c02e8cb3336d27a1bdfdeae494766dd0/screenshot/1662606790_11/pc0_HKEBp676V.jpg?imageMogr2/quality/70/thumbnail/1024x","https://nc.lianjia.com/ershoufang/103122191015.html"
"1769","2024-10-29 16:58:05","煌盛中高楼层毛坯，随时可以看房，房东诚心出售！","126","11232","3室2厅","高楼层/共27层","南","平层/毛坯","112.18平米","板楼","煌盛中央公园","南昌县","https://vrlab-image4.ljcdn.com/release/auto3dhd/875c65b7086499e173bd2c9c4aa40081/screenshot/1613959344_0/pc0_Qi37WxHKS.jpg?imageMogr2/quality/70/thumbnail/1024x","https://nc.lianjia.com/ershoufang/103124921615.html"
"1770","2024-10-29 16:58:15","居住主题公园毛坯两房两厅 视野开阔","62","6965","2室2厅","高楼层/共18层","南 北","平层/精装","89.02平米","板楼","居住主题公园-枫林美庐","南昌县","https://vrlab-image4.ljcdn.com/release/auto3dhd/2ddf0b910f662ea64423266a2cf98429/screenshot/1673160960_6/pc0_FSQ0e43kW.jpg?imageMogr2/quality/70/thumbnail/1024x","https://nc.lianjia.com/ershoufang/103123888059.html"
"1771","2024-10-29 16:58:26","小区是人车分流式小区。让小孩和老人在小区尽情玩..","105","10672","3室2厅","中楼层/共27层","南","平层/毛坯","98.39平米","板楼","煌盛中央公园","南昌县","https://vrlab-image4.ljcdn.com/release/auto3dhd/33e214dacc3fa5ebb12caec2ccc7c439/screenshot/1670487798_0/pc0_bBYRRrEiM.jpg?imageMogr2/quality/70/thumbnail/1024x","https://nc.lianjia.com/ershoufang/103123618243.html"
"1772","2024-10-29 16:58:36","沃尔玛楼上 配套齐全 交通便利 业主诚心出售","35","6035","1室1厅","高楼层/共26层","南","平层/精装","58平米","平房","COCO悦城","南昌县","https://vrlab-image4.ljcdn.com/release/auto3dhd/61e7dfbbe556bd9e5cf7adebda5d240b/screenshot/1668326894_5/pc0_HNHhjaOoF.jpg?imageMogr2/quality/70/thumbnail/1024x","https://nc.lianjia.com/ershoufang/103123245348.html"
"1773","2024-10-29 16:58:46","澄湖名居 实用面积大两房 采光好 户型好","68","7158","2室2厅","中楼层/共8层","南","平层/精装","95平米","板楼","澄湖名居","南昌县","https://vrlab-image4.ljcdn.com/release/auto3dhd/3f585514048be471a28dc63713752974/screenshot/1680161349_0/pc0_O94NhkVu0.jpg?imageMogr2/quality/70/thumbnail/1024x","https://nc.lianjia.com/ershoufang/103124228866.html"
"1774","2024-10-29 16:58:57","红湾公路朗晴园， 电梯房， 房东诚心出售","68","7573","2室2厅","中楼层/共18层","南","平层/精装","89.8平米","板塔结合","朗晴园","新建区","https://vrlab-image4.ljcdn.com/release/auto3dhd/b36637779a476e0015fce751f08e9e13/screenshot/1687749836_8/pc0_BFY593XNZ.jpg?imageMogr2/quality/70/thumbnail/1024x","https://nc.lianjia.com/ershoufang/103126921916.html"
"1775","2024-10-29 16:59:07","莲五 中 旁 蓝天花园正宗三房 楼下带储藏间 读书方便","68","5359","3室2厅","低楼层/共7层","南","平层/简装","126.9平米","板塔结合","蓝天花园","南昌县","https://vrlab-image4.ljcdn.com/release/auto3dhd/df47ce8cafb679a571c499dea952feb1/screenshot/1691545786_0/pc0_pDOyaoMDO.jpg?imageMogr2/quality/70/thumbnail/1024x","https://nc.lianjia.com/ershoufang/103127993777.html"
"1776","2024-10-29 16:59:17","户型方正 地铁三号线 小区人车分流 诚心出售","87","10470","3室2厅","低楼层/共32层","南","平层/毛坯","83.1平米","塔楼","煌盛中央公园","南昌县","https://vrlab-image4.ljcdn.com/release/auto3dhd/3fc6ec7568926c073bbec4fe82a07958/screenshot/1689232563_0/pc0_cUVr5wT5c.jpg?imageMogr2/quality/70/thumbnail/1024x","https://nc.lianjia.com/ershoufang/103127376391.html"
"1777","2024-10-29 16:59:27","星港小镇精装2房，总价低家具家电俱全","68","6856","2室2厅","中楼层/共7层","南","平层/精装","99.19平米","板楼","星港小镇","南昌县","https://vrlab-image4.ljcdn.com/release/auto3dhd/3dc9e932f0348e37baeec00bccaf87d8/screenshot/1679204244_0/pc0_H6IP0yUHg.jpg?imageMogr2/quality/70/thumbnail/1024x","https://nc.lianjia.com/ershoufang/103125856917.html"
"1778","2024-10-29 16:59:38","房东诚心卖  看中价格好谈 视野开阔 楼层好","75","7009","3室2厅","高楼层/共34层","南","平层/毛坯","107.01平米","板楼","通源新建城B5","新建区","https://vrlab-image4.ljcdn.com/release/auto3dhd/771e531ee5445821051ece63c60e395e/screenshot/1681726188_1/pc0_n6vGLZN6E.jpg?imageMogr2/quality/70/thumbnail/1024x","https://nc.lianjia.com/ershoufang/103125636177.html"
"1779","2024-10-29 16:59:48","环境优美  交通便利  配套齐全   阳光充足","140","11340","4室2厅","高楼层/共11层","南","平层/简装","123.46平米","暂无数据","蓝天郡","青云谱区","https://vrlab-image4.ljcdn.com/release/screenshot/auto3d-FmQRuh-P0GJY1azhu1Ao6o/9fc4684afd4011cd67ae05195d97488a/1697620082_10/pc0_6Die7oCxO.jpg?imageMogr2/quality/70/thumbnail/1024x","https://nc.lianjia.com/ershoufang/103129082481.html"
"1780","2024-10-29 16:59:58","品牌物业，环境优美，精装修可拎包入住","79","8746","2室2厅","低楼层/共18层","南","平层/精装","90.33平米","板楼","江中御墅","湾里区","https://vrlab-image4.ljcdn.com/release/auto3dhd/391208f4a2c9dc2c04c5a5dc989dba8e/screenshot/1600851789_13/pc0_vcLiAxukW.jpg?imageMogr2/quality/70/thumbnail/1024x","https://nc.lianjia.com/ershoufang/103111389456.html"
"1781","2024-10-29 17:00:09","得房率高。绿化好。房东诚心出售","92","8933","3室2厅","高楼层/共18层","南","平层/精装","103平米","板楼","世纪乐活公元城二期欢乐颂","新建区","https://vrlab-image4.ljcdn.com/release/auto3dhd/1160cf701322d50f50f006fc0d3ef333/screenshot/1665109058_2/pc0_cQsSUU0JL.jpg?imageMogr2/quality/70/thumbnail/1024x","https://nc.lianjia.com/ershoufang/103122425128.html"
"1782","2024-10-29 17:00:19","3号地铁口，白沙地3房2厅1卫，业主诚心出售。","90","9375","3室2厅","低楼层/共27层","南","平层/精装","96平米","塔楼","白沙地","南昌县","https://vrlab-image4.ljcdn.com/release/auto3dhd/5002e580aa6521337a81dfc52a335001/screenshot/1676601138_4/pc0_UDhO9OkrU.jpg?imageMogr2/quality/70/thumbnail/1024x","https://nc.lianjia.com/ershoufang/103124429613.html"
"1783","2024-10-29 17:00:30","白沙地地铁口，商场配套齐全，生活舒适","75","8371","2室1厅","高楼层/共6层","南","平层/毛坯","89.6平米","塔楼","白沙地","南昌县","https://vrlab-image4.ljcdn.com/release/auto3dhd/57fce352ecc9cbbb6650e2e4da4e5782/screenshot/1681868054_0/pc0_jZ7zSj0bF.jpg?imageMogr2/quality/70/thumbnail/1024x","https://nc.lianjia.com/ershoufang/103124700079.html"
"1784","2024-10-29 17:00:40","地铁口房子，精装修，欢迎随时看房，交通生活便利","86","10125","2室1厅","高楼层/共18层","南 北","平层/精装","84.94平米","塔楼","白沙地","南昌县","https://vrlab-image4.ljcdn.com/release/auto3dhd/fae7e682476d92d82f2439140037589e/screenshot/1663839416_3/pc0_J8rn7hHVE.jpg?imageMogr2/quality/70/thumbnail/1024x","https://nc.lianjia.com/ershoufang/103122415954.html"
"1785","2024-10-29 17:00:50","地铁口，精装三房带储藏间带车位格局端正诚心出售","113","10876","3室2厅","中楼层/共6层","南 北","平层/精装","103.9平米","塔楼","白沙地","南昌县","https://vrlab-image4.ljcdn.com/release/auto3dhd/29b1c0db0deacdbf44128f0878de36f7/screenshot/1635387148_4/pc0_5HolqD9gQ.jpg?imageMogr2/quality/70/thumbnail/1024x","https://nc.lianjia.com/ershoufang/103117769960.html"
"1786","2024-10-29 17:01:01","近地铁口白沙地的房子，楼层低，适合老人住。总价低","75","8065","2室1厅","低楼层/共15层","南","平层/精装","93平米","塔楼","白沙地","南昌县","https://vrlab-image4.ljcdn.com/release/auto3dhd/34f6222e516cb69e7531cf803b5ad0a6/screenshot/1659778638_0/pc0_MZ6wps5Tj.jpg?imageMogr2/quality/70/thumbnail/1024x","https://nc.lianjia.com/ershoufang/103121743815.html"
"1787","2024-10-29 17:01:11","白沙地精装房  楼层好  交通便利  近地铁口","115","9200","3室2厅","高楼层/共18层","南","平层/精装","125平米","塔楼","白沙地","南昌县","https://vrlab-image4.ljcdn.com/release/auto3dhd/5a8444dbbd75e314a4fbcf5952ccdc43/screenshot/1646184631_6/pc0_mi7Nl5H8s.jpg?imageMogr2/quality/70/thumbnail/1024x","https://nc.lianjia.com/ershoufang/103119359930.html"
"1788","2024-10-29 17:01:21","白沙地，交通便利，生活配套齐全","86","8191","3室2厅","中楼层/共11层","南","平层/毛坯","105平米","塔楼","白沙地","南昌县","https://vrlab-image4.ljcdn.com/release/auto3dhd/dedf701e4a548f8b5aae18ac573edff3/screenshot/1684399245_0/pc0_rOoQquKgL.jpg?imageMogr2/quality/70/thumbnail/1024x","https://nc.lianjia.com/ershoufang/103125496937.html"
"1789","2024-10-29 17:01:32","3号地铁口，白沙地2房1厅1卫，诚心出售","73","9013","2室1厅","高楼层/共18层","南","平层/精装","81平米","塔楼","白沙地","南昌县","https://vrlab-image4.ljcdn.com/release/auto3dhd/80acddc792d24bfb30cb1d1dc2691e1f/screenshot/1688713154_7/pc0_EyLl5ObtC.jpg?imageMogr2/quality/70/thumbnail/1024x","https://nc.lianjia.com/ershoufang/103127097742.html"
"1790","2024-10-29 17:01:42","白沙地，九颂山河旁，业主诚心卖","115","10293","3室2厅","中楼层/共6层","南","平层/精装","111.73平米","塔楼","白沙地","南昌县","https://vrlab-image4.ljcdn.com/release/auto3dhd/45ba63ae7bbc86c63f482b92123131d4/screenshot/1615604418_7/pc0_m8e2ZnvPa.jpg?imageMogr2/quality/70/thumbnail/1024x","https://nc.lianjia.com/ershoufang/103113656979.html"
"1791","2024-10-29 17:01:52","经开区！庐山中大道，丽景苑通透3房！房东诚售","85","7369","3室2厅","高楼层/共13层","南","平层/毛坯","115.35平米","板楼","丽景苑","经开区","https://vrlab-image4.ljcdn.com/release/auto3dhd/d65532122eeccfc2344f56e38f9224ff/screenshot/1615261425_4/pc0_LxZF5ku56.jpg?imageMogr2/quality/70/thumbnail/1024x","https://nc.lianjia.com/ershoufang/103109938129.html"
"1792","2024-10-29 17:02:03","毛坯次新房，有钥匙随时看房，完善生活配套，生活方便","120","11176","3室2厅","中楼层/共17层","南","平层/毛坯","107.38平米","板楼","博泰生命树","青云谱区","https://vrlab-image4.ljcdn.com/release/auto3dhd/2e3401e1f2594d2aed03aabe446da7ef/screenshot/1684909408_0/pc0_SKJWskDok.jpg?imageMogr2/quality/70/thumbnail/1024x","https://nc.lianjia.com/ershoufang/103126110598.html"
"1793","2024-10-29 17:02:04","都市未来花园 一楼带花园，私人庭院，安静舒适。","118","9820","3室2厅","低楼层/共6层","南 北","平层/简装","120.17平米","板楼","都市未来花园","新建区","https://vrlab-image4.ljcdn.com/release/screenshot/auto3d-5HHq_NNmI-durT9-TSS3-m/d6d03483711872cfc3048815731bcdc5/1701307169_3/pc0_jxAW6aal0.jpg?imageMogr2/quality/70/thumbnail/1024x","https://nc.lianjia.com/ershoufang/103129890057.html"
"1794","2024-10-29 17:02:05","楼层好，视线开阔，精装修，配套齐全","180","14174","3室2厅","低楼层/共32层","西南","平层/精装","127平米","板楼","美的悦江府","南昌县","https://vrlab-image4.ljcdn.com/release/screenshot/auto3d-7tLB1EFRo-KeavXG4bgT9y/2e1f6244dac9ba6d373aa52c6da042cc/1694594443_3/pc0_pYpa7Qpv2.jpg?imageMogr2/quality/70/thumbnail/1024x","https://nc.lianjia.com/ershoufang/103128636522.html"
"1795","2024-10-29 17:02:09","新建区心怡广场以西莱卡小镇东区经典两房诚意出售","83","9929","4室2厅","高楼层/共6层","南","复式/精装","83.6平米","板楼","莱卡小镇-东区","新建区","https://vrlab-image4.ljcdn.com/release/auto3dhd/8e7a90fba47ded593e7f06b49bd9ef3d/screenshot/1689308613_13/pc0_vVSy0KVaB.jpg?imageMogr2/quality/70/thumbnail/1024x","https://nc.lianjia.com/ershoufang/103126442787.html"
"1796","2024-10-29 17:02:12","地铁口精装5房，全屋地暖买一层得两层","106","9138","5室2厅","高楼层/共6层","南","复式/精装","116平米","塔楼","白沙地","南昌县","https://vrlab-image4.ljcdn.com/release/auto3dhd/ac49918415a784568d88b57587ea4c64/screenshot/1629868262_0/pc0_bhs2FpMXx.jpg?imageMogr2/quality/70/thumbnail/1024x","https://nc.lianjia.com/ershoufang/103116804786.html"
"1797","2024-10-29 17:02:15","银河城白沙地 配套齐全交通便利 户型方正","130","9548","8室3厅","高楼层/共6层","南 北","复式/毛坯","136.16平米","塔楼","白沙地","南昌县","https://vrlab-image4.ljcdn.com/release/auto3dhd/ddb08171aa59349623daf1b8d091f8c3/screenshot/1645344306_0/pc0_jAfucNDn5.jpg?imageMogr2/quality/70/thumbnail/1024x","https://nc.lianjia.com/ershoufang/103118901701.html"
"1798","2024-10-29 17:02:19","房东诚心出售好房，自住精装修保养好，随时看，拎包住","92","9100","2室1厅","中楼层/共18层","南","平层/其他","101.1平米","板楼","博泰生命树","青云谱区","https://vrlab-image4.ljcdn.com/release/auto3dhd/b6da719502cb00ba20156ac319d53918/screenshot/1654400631_6/pc0_UDTmqdTT4.jpg?imageMogr2/quality/70/thumbnail/1024x","https://nc.lianjia.com/ershoufang/103121025144.html"
"1799","2024-10-29 17:02:24","封闭式花园小区，小区配套齐全 户型方正 通透格局","75","8427","3室2厅","低楼层/共6层","南","平层/精装","89平米","板楼","力高国际城三期","南昌县","https://vrlab-image4.ljcdn.com/release/auto3dhd/b1da1b675d964659fa16bdc4bbb9f5a1/screenshot/1620178473_1/pc0_aAIAhxW3x.jpg?imageMogr2/quality/70/thumbnail/1024x","https://nc.lianjia.com/ershoufang/103125185973.html"
"1800","2024-10-29 17:02:28","人车分流，人文环境好 家里人多的可以入手，喜欢露台","100","9456","3室1厅","高楼层/共6层","南 北","复式/毛坯","105.76平米","塔楼","白沙地","南昌县","https://vrlab-image4.ljcdn.com/release/auto3dhd/417c0ab6ba774151cd564698e25acdc0/screenshot/1656465136_0/pc0_yibxkUsxR.jpg?imageMogr2/quality/70/thumbnail/1024x","https://nc.lianjia.com/ershoufang/103123464857.html"
